0	{"image_id": "refcrack_0009160_0009160_02_2", "width": 416, "height": 416, "vrt_indices": [262, 293, 294, 324, 354, 383, 413, 443, 473, 474, 504, 534, 535, 565, 566, 596, 597], "patch_points": [[21.0, 132.0], [49.0, 144.0], [62.0, 149.0], [76.0, 161.0], [88.0, 175.0], [92.0, 187.0], [103.0, 203.0], [117.0, 218.0], [133.0, 230.0], [145.0, 233.0], [159.0, 246.0], [175.0, 256.0], [188.0, 259.0], [203.0, 271.0], [216.0, 273.0], [231.0, 284.0], [244.0, 287.0]], "conversations": [{"role": "user", "content": [{"type": "image", "image": "/home/yrquni/Downloads/Unilab/PaDT/dataset/dataset_root/images/0009160.png"}, {"type": "text", "text": "从左边斜穿到中间偏下的裂缝"}]}, {"role": "assistant", "content": [{"type": "text", "text": "<|object_ref_start|><|box_start|><278><0><709><622><|box_end|><|point_start|><512><309><|point_end|>"}]}], "boxes": [{"bbox": [0.0, 116.0, 259.0, 295.0], "point": [128.79601990049753, 213.4071310116086], "phrase": "从左边斜穿到中间偏下的裂缝"}], "caption": "从左边斜穿到中间偏下的裂缝"}
38411	{"image_id": "refcrack_0009160_0009160_02_4", "width": 416, "height": 416, "vrt_indices": [262, 293, 294, 324, 354, 383, 413, 443, 473, 474, 504, 534, 535, 565, 566, 596, 597], "patch_points": [[21.0, 132.0], [49.0, 144.0], [62.0, 149.0], [76.0, 161.0], [88.0, 175.0], [92.0, 187.0], [103.0, 203.0], [117.0, 218.0], [133.0, 230.0], [145.0, 233.0], [159.0, 246.0], [175.0, 256.0], [188.0, 259.0], [203.0, 271.0], [216.0, 273.0], [231.0, 284.0], [244.0, 287.0]], "conversations": [{"role": "user", "content": [{"type": "image", "image": "/home/yrquni/Downloads/Unilab/PaDT/dataset/dataset_root/images/0009160.png"}, {"type": "text", "text": "浅色带纹的面上左斜到中下部的裂缝"}]}, {"role": "assistant", "content": [{"type": "text", "text": "<|object_ref_start|><|box_start|><278><0><709><622><|box_end|><|point_start|><512><309><|point_end|>"}]}], "boxes": [{"bbox": [0.0, 116.0, 259.0, 295.0], "point": [128.79601990049753, 213.4071310116086], "phrase": "浅色带纹的面上左斜到中下部的裂缝"}], "caption": "浅色带纹的面上左斜到中下部的裂缝"}
76826	{"image_id": "refcrack_0009160_0009160_03_1", "width": 416, "height": 416, "vrt_indices": [537, 570, 601, 602, 633, 663, 693, 694, 724], "patch_points": [[217.0, 257.0], [273.0, 272.0], [301.0, 284.0], [315.0, 287.0], [342.0, 301.0], [357.0, 314.0], [372.0, 325.0], [384.0, 330.0], [399.0, 340.0]], "conversations": [{"role": "user", "content": [{"type": "image", "image": "/home/yrquni/Downloads/Unilab/PaDT/dataset/dataset_root/images/0009160.png"}, {"type": "text", "text": "从中间偏下斜向右下的裂缝"}]}, {"role": "assistant", "content": [{"type": "text", "text": "<|object_ref_start|><|box_start|><605><497><841><997><|box_end|><|point_start|><715><775><|point_end|>"}]}], "boxes": [{"bbox": [207.0, 252.0, 415.0, 350.0], "point": [322.5459317585302, 297.61198600174976], "phrase": "从中间偏下斜向右下的裂缝"}], "caption": "从中间偏下斜向右下的裂缝"}
115241	{"image_id": "refcrack_0009161_0009161_00_1", "width": 416, "height": 416, "vrt_indices": [38, 67, 96, 125, 154, 183, 212, 241, 270, 299, 328], "patch_points": [[129.0, 21.0], [129.0, 34.0], [129.0, 48.0], [128.0, 62.0], [128.0, 76.0], [128.0, 91.0], [128.0, 104.0], [128.0, 118.0], [128.0, 133.0], [129.0, 147.0], [133.0, 161.0]], "conversations": [{"role": "user", "content": [{"type": "image", "image": "/home/yrquni/Downloads/Unilab/PaDT/dataset/dataset_root/images/0009161.png"}, {"type": "text", "text": "紧挨着右侧长裂缝左侧的竖直裂缝"}]}, {"role": "assistant", "content": [{"type": "text", "text": "<|object_ref_start|><|box_start|><0><290><487><341><|box_end|><|point_start|><241><312><|point_end|>"}]}], "boxes": [{"bbox": [121.0, 0.0, 142.0, 203.0], "point": [130.01154586273253, 100.28864656831303], "phrase": "紧挨着右侧长裂缝左侧的竖直裂缝"}], "caption": "紧挨着右侧长裂缝左侧的竖直裂缝"}
153933	{"image_id": "refcrack_0009161_0009161_00_3", "width": 416, "height": 416, "vrt_indices": [38, 67, 96, 125, 154, 183, 212, 241, 270, 299, 328], "patch_points": [[129.0, 21.0], [129.0, 34.0], [129.0, 48.0], [128.0, 62.0], [128.0, 76.0], [128.0, 91.0], [128.0, 104.0], [128.0, 118.0], [128.0, 133.0], [129.0, 147.0], [133.0, 161.0]], "conversations": [{"role": "user", "content": [{"type": "image", "image": "/home/yrquni/Downloads/Unilab/PaDT/dataset/dataset_root/images/0009161.png"}, {"type": "text", "text": "从上方延伸到中下部的竖直细裂缝"}]}, {"role": "assistant", "content": [{"type": "text", "text": "<|object_ref_start|><|box_start|><0><290><487><341><|box_end|><|point_start|><241><312><|point_end|>"}]}], "boxes": [{"bbox": [121.0, 0.0, 142.0, 203.0], "point": [130.01154586273253, 100.28864656831303], "phrase": "从上方延伸到中下部的竖直细裂缝"}], "caption": "从上方延伸到中下部的竖直细裂缝"}
192625	{"image_id": "refcrack_0009161_0009161_01_3", "width": 416, "height": 416, "vrt_indices": [10, 69, 98, 128, 157, 158, 188, 218, 219, 248, 278, 307, 337, 367, 396, 425, 426, 455, 484, 514], "patch_points": [[146.0, 7.0], [158.0, 35.0], [162.0, 48.0], [173.0, 63.0], [177.0, 74.0], [188.0, 77.0], [203.0, 90.0], [218.0, 101.0], [229.0, 106.0], [234.0, 117.0], [244.0, 133.0], [247.0, 145.0], [261.0, 159.0], [270.0, 175.0], [273.0, 188.0], [276.0, 201.0], [284.0, 204.0], [287.0, 216.0], [289.0, 230.0], [299.0, 245.0]], "conversations": [{"role": "user", "content": [{"type": "image", "image": "/home/yrquni/Downloads/Unilab/PaDT/dataset/dataset_root/images/0009161.png"}, {"type": "text", "text": "贯穿画面中上部的弯曲斜裂缝"}]}, {"role": "assistant", "content": [{"type": "text", "text": "<|object_ref_start|><|box_start|><0><324><622><733><|box_end|><|point_start|><308><552><|point_end|>"}]}], "boxes": [{"bbox": [135.0, 0.0, 305.0, 259.0], "point": [229.74957936062816, 128.14694335389794], "phrase": "贯穿画面中上部的弯曲斜裂缝"}], "caption": "贯穿画面中上部的弯曲斜裂缝"}
231317	{"image_id": "refcrack_0009161_0009161_01_4", "width": 416, "height": 416, "vrt_indices": [10, 69, 98, 128, 157, 158, 188, 218, 219, 248, 278, 307, 337, 367, 396, 425, 426, 455, 484, 514], "patch_points": [[146.0, 7.0], [158.0, 35.0], [162.0, 48.0], [173.0, 63.0], [177.0, 74.0], [188.0, 77.0], [203.0, 90.0], [218.0, 101.0], [229.0, 106.0], [234.0, 117.0], [244.0, 133.0], [247.0, 145.0], [261.0, 159.0], [270.0, 175.0], [273.0, 188.0], [276.0, 201.0], [284.0, 204.0], [287.0, 216.0], [289.0, 230.0], [299.0, 245.0]], "conversations": [{"role": "user", "content": [{"type": "image", "image": "/home/yrquni/Downloads/Unilab/PaDT/dataset/dataset_root/images/0009161.png"}, {"type": "text", "text": "粗糙墙面纹理里从左上方斜向右下、边缘带细微起伏的裂缝"}]}, {"role": "assistant", "content": [{"type": "text", "text": "<|object_ref_start|><|box_start|><0><324><622><733><|box_end|><|point_start|><308><552><|point_end|>"}]}], "boxes": [{"bbox": [135.0, 0.0, 305.0, 259.0], "point": [229.74957936062816, 128.14694335389794], "phrase": "粗糙墙面纹理里从左上方斜向右下、边缘带细微起伏的裂缝"}], "caption": "粗糙墙面纹理里从左上方斜向右下、边缘带细微起伏的裂缝"}
270009	{"image_id": "refcrack_0009162_0009162_01_3", "width": 416, "height": 416, "vrt_indices": [176, 205, 236, 266, 296, 325, 355, 384, 414, 444, 474, 504, 534, 564, 565, 594, 595, 625], "patch_points": [[31.0, 93.0], [35.0, 103.0], [62.0, 119.0], [77.0, 132.0], [90.0, 147.0], [92.0, 160.0], [101.0, 175.0], [104.0, 189.0], [116.0, 204.0], [131.0, 219.0], [145.0, 231.0], [159.0, 247.0], [175.0, 258.0], [189.0, 272.0], [201.0, 275.0], [204.0, 284.0], [216.0, 287.0], [230.0, 300.0]], "conversations": [{"role": "user", "content": [{"type": "image", "image": "/home/yrquni/Downloads/Unilab/PaDT/dataset/dataset_root/images/0009162.png"}, {"type": "text", "text": "从左上穿到右下，走势陡还晃悠悠的裂缝"}]}, {"role": "assistant", "content": [{"type": "text", "text": "<|object_ref_start|><|box_start|><199><48><737><576><|box_end|><|point_start|><488><308><|point_end|>"}]}], "boxes": [{"bbox": [20.0, 83.0, 240.0, 307.0], "point": [128.4377094972067, 203.40754189944133], "phrase": "从左上穿到右下，走势陡还晃悠悠的裂缝"}], "caption": "从左上穿到右下，走势陡还晃悠悠的裂缝"}
308189	{"image_id": "refcrack_0009162_0009162_01_4", "width": 416, "height": 416, "vrt_indices": [176, 205, 236, 266, 296, 325, 355, 384, 414, 444, 474, 504, 534, 564, 565, 594, 595, 625], "patch_points": [[31.0, 93.0], [35.0, 103.0], [62.0, 119.0], [77.0, 132.0], [90.0, 147.0], [92.0, 160.0], [101.0, 175.0], [104.0, 189.0], [116.0, 204.0], [131.0, 219.0], [145.0, 231.0], [159.0, 247.0], [175.0, 258.0], [189.0, 272.0], [201.0, 275.0], [204.0, 284.0], [216.0, 287.0], [230.0, 300.0]], "conversations": [{"role": "user", "content": [{"type": "image", "image": "/home/yrquni/Downloads/Unilab/PaDT/dataset/dataset_root/images/0009162.png"}, {"type": "text", "text": "画面左边偏上处开始，斜着往下、路径不直的裂缝"}]}, {"role": "assistant", "content": [{"type": "text", "text": "<|object_ref_start|><|box_start|><199><48><737><576><|box_end|><|point_start|><488><308><|point_end|>"}]}], "boxes": [{"bbox": [20.0, 83.0, 240.0, 307.0], "point": [128.4377094972067, 203.40754189944133], "phrase": "画面左边偏上处开始，斜着往下、路径不直的裂缝"}], "caption": "画面左边偏上处开始，斜着往下、路径不直的裂缝"}
346369	{"image_id": "refcrack_0009162_0009162_02_0", "width": 416, "height": 416, "vrt_indices": [247, 278, 339, 398, 458, 488], "patch_points": [[217.0, 116.0], [245.0, 129.0], [286.0, 161.0], [302.0, 187.0], [329.0, 216.0], [344.0, 227.0]], "conversations": [{"role": "user", "content": [{"type": "image", "image": "/home/yrquni/Downloads/Unilab/PaDT/dataset/dataset_root/images/0009162.png"}, {"type": "text", "text": "偏右上的一段弧形裂缝"}]}, {"role": "assistant", "content": [{"type": "text", "text": "<|object_ref_start|><|box_start|><250><442><555><850><|box_end|><|point_start|><395><668><|point_end|>"}]}], "boxes": [{"bbox": [184.0, 104.0, 354.0, 231.0], "point": [278.0776470588235, 164.32156862745097], "phrase": "偏右上的一段弧形裂缝"}], "caption": "偏右上的一段弧形裂缝"}
384549	{"image_id": "refcrack_0009162_0009162_03_1", "width": 416, "height": 416, "vrt_indices": [536, 566, 567, 598, 628, 629, 659, 689, 719, 749, 779, 780, 810], "patch_points": [[203.0, 260.0], [217.0, 271.0], [230.0, 275.0], [258.0, 287.0], [272.0, 300.0], [285.0, 304.0], [301.0, 314.0], [316.0, 327.0], [329.0, 342.0], [343.0, 355.0], [358.0, 369.0], [369.0, 373.0], [382.0, 385.0]], "conversations": [{"role": "user", "content": [{"type": "image", "image": "/home/yrquni/Downloads/Unilab/PaDT/dataset/dataset_root/images/0009162.png"}, {"type": "text", "text": "从画面中下部朝右下角伸展的裂缝"}]}, {"role": "assistant", "content": [{"type": "text", "text": "<|object_ref_start|><|box_start|><612><473><942><930><|box_end|><|point_start|><775><726><|point_end|>"}]}], "boxes": [{"bbox": [197.0, 255.0, 387.0, 392.0], "point": [302.0610789121712, 322.66161390994205], "phrase": "从画面中下部朝右下角伸展的裂缝"}], "caption": "从画面中下部朝右下角伸展的裂缝"}
422729	{"image_id": "refcrack_0009162_0009162_03_2", "width": 416, "height": 416, "vrt_indices": [536, 566, 567, 598, 628, 629, 659, 689, 719, 749, 779, 780, 810], "patch_points": [[203.0, 260.0], [217.0, 271.0], [230.0, 275.0], [258.0, 287.0], [272.0, 300.0], [285.0, 304.0], [301.0, 314.0], [316.0, 327.0], [329.0, 342.0], [343.0, 355.0], [358.0, 369.0], [369.0, 373.0], [382.0, 385.0]], "conversations": [{"role": "user", "content": [{"type": "image", "image": "/home/yrquni/Downloads/Unilab/PaDT/dataset/dataset_root/images/0009162.png"}, {"type": "text", "text": "与左侧裂缝在中下部相交后向右下延伸的裂缝"}]}, {"role": "assistant", "content": [{"type": "text", "text": "<|object_ref_start|><|box_start|><612><473><942><930><|box_end|><|point_start|><775><726><|point_end|>"}]}], "boxes": [{"bbox": [197.0, 255.0, 387.0, 392.0], "point": [302.0610789121712, 322.66161390994205], "phrase": "与左侧裂缝在中下部相交后向右下延伸的裂缝"}], "caption": "与左侧裂缝在中下部相交后向右下延伸的裂缝"}
460909	{"image_id": "refcrack_0009162_0009162_03_3", "width": 416, "height": 416, "vrt_indices": [536, 566, 567, 598, 628, 629, 659, 689, 719, 749, 779, 780, 810], "patch_points": [[203.0, 260.0], [217.0, 271.0], [230.0, 275.0], [258.0, 287.0], [272.0, 300.0], [285.0, 304.0], [301.0, 314.0], [316.0, 327.0], [329.0, 342.0], [343.0, 355.0], [358.0, 369.0], [369.0, 373.0], [382.0, 385.0]], "conversations": [{"role": "user", "content": [{"type": "image", "image": "/home/yrquni/Downloads/Unilab/PaDT/dataset/dataset_root/images/0009162.png"}, {"type": "text", "text": "中下部起始、线条连贯地向右下角斜去的裂缝"}]}, {"role": "assistant", "content": [{"type": "text", "text": "<|object_ref_start|><|box_start|><612><473><942><930><|box_end|><|point_start|><775><726><|point_end|>"}]}], "boxes": [{"bbox": [197.0, 255.0, 387.0, 392.0], "point": [302.0610789121712, 322.66161390994205], "phrase": "中下部起始、线条连贯地向右下角斜去的裂缝"}], "caption": "中下部起始、线条连贯地向右下角斜去的裂缝"}
499089	{"image_id": "refcrack_0009162_0009162_03_4", "width": 416, "height": 416, "vrt_indices": [536, 566, 567, 598, 628, 629, 659, 689, 719, 749, 779, 780, 810], "patch_points": [[203.0, 260.0], [217.0, 271.0], [230.0, 275.0], [258.0, 287.0], [272.0, 300.0], [285.0, 304.0], [301.0, 314.0], [316.0, 327.0], [329.0, 342.0], [343.0, 355.0], [358.0, 369.0], [369.0, 373.0], [382.0, 385.0]], "conversations": [{"role": "user", "content": [{"type": "image", "image": "/home/yrquni/Downloads/Unilab/PaDT/dataset/dataset_root/images/0009162.png"}, {"type": "text", "text": "在带斑驳纹理的浅色基底上，从中下部斜向略带弯曲通向右下角的裂缝"}]}, {"role": "assistant", "content": [{"type": "text", "text": "<|object_ref_start|><|box_start|><612><473><942><930><|box_end|><|point_start|><775><726><|point_end|>"}]}], "boxes": [{"bbox": [197.0, 255.0, 387.0, 392.0], "point": [302.0610789121712, 322.66161390994205], "phrase": "在带斑驳纹理的浅色基底上，从中下部斜向略带弯曲通向右下角的裂缝"}], "caption": "在带斑驳纹理的浅色基底上，从中下部斜向略带弯曲通向右下角的裂缝"}
537269	{"image_id": "refcrack_0009175_0009175_00_0", "width": 416, "height": 416, "vrt_indices": [235, 263, 265, 295, 296, 297, 298, 299, 329, 330, 360, 361, 362, 391, 392, 394, 395, 396, 422, 423, 426, 427, 456, 457, 458], "patch_points": [[47.0, 121.0], [30.0, 128.0], [62.0, 135.0], [77.0, 146.0], [90.0, 147.0], [104.0, 145.0], [119.0, 144.0], [133.0, 146.0], [148.0, 159.0], [160.0, 161.0], [175.0, 171.0], [189.0, 174.0], [201.0, 177.0], [202.0, 185.0], [218.0, 187.0], [245.0, 190.0], [259.0, 189.0], [273.0, 190.0], [232.0, 198.0], [242.0, 198.0], [288.0, 198.0], [300.0, 203.0], [304.0, 214.0], [314.0, 213.0], [329.0, 214.0]], "conversations": [{"role": "user", "content": [{"type": "image", "image": "/home/yrquni/Downloads/Unilab/PaDT/dataset/dataset_root/images/0009175.png"}, {"type": "text", "text": "中上部蜿蜒延伸的裂缝"}]}, {"role": "assistant", "content": [{"type": "text", "text": "<|object_ref_start|><|box_start|><271><33><531><805><|box_end|><|point_start|><406><436><|point_end|>"}]}], "boxes": [{"bbox": [14.0, 113.0, 335.0, 221.0], "point": [181.4383744170553, 168.9553630912725], "phrase": "中上部蜿蜒延伸的裂缝"}], "caption": "中上部蜿蜒延伸的裂缝"}
565373	{"image_id": "refcrack_0009175_0009175_00_1", "width": 416, "height": 416, "vrt_indices": [235, 263, 265, 295, 296, 297, 298, 299, 329, 330, 360, 361, 362, 391, 392, 394, 395, 396, 422, 423, 426, 427, 456, 457, 458], "patch_points": [[47.0, 121.0], [30.0, 128.0], [62.0, 135.0], [77.0, 146.0], [90.0, 147.0], [104.0, 145.0], [119.0, 144.0], [133.0, 146.0], [148.0, 159.0], [160.0, 161.0], [175.0, 171.0], [189.0, 174.0], [201.0, 177.0], [202.0, 185.0], [218.0, 187.0], [245.0, 190.0], [259.0, 189.0], [273.0, 190.0], [232.0, 198.0], [242.0, 198.0], [288.0, 198.0], [300.0, 203.0], [304.0, 214.0], [314.0, 213.0], [329.0, 214.0]], "conversations": [{"role": "user", "content": [{"type": "image", "image": "/home/yrquni/Downloads/Unilab/PaDT/dataset/dataset_root/images/0009175.png"}, {"type": "text", "text": "下方水平裂缝上方的曲折裂缝"}]}, {"role": "assistant", "content": [{"type": "text", "text": "<|object_ref_start|><|box_start|><271><33><531><805><|box_end|><|point_start|><406><436><|point_end|>"}]}], "boxes": [{"bbox": [14.0, 113.0, 335.0, 221.0], "point": [181.4383744170553, 168.9553630912725], "phrase": "下方水平裂缝上方的曲折裂缝"}], "caption": "下方水平裂缝上方的曲折裂缝"}
593477	{"image_id": "refcrack_0009175_0009175_00_4", "width": 416, "height": 416, "vrt_indices": [235, 263, 265, 295, 296, 297, 298, 299, 329, 330, 360, 361, 362, 391, 392, 394, 395, 396, 422, 423, 426, 427, 456, 457, 458], "patch_points": [[47.0, 121.0], [30.0, 128.0], [62.0, 135.0], [77.0, 146.0], [90.0, 147.0], [104.0, 145.0], [119.0, 144.0], [133.0, 146.0], [148.0, 159.0], [160.0, 161.0], [175.0, 171.0], [189.0, 174.0], [201.0, 177.0], [202.0, 185.0], [218.0, 187.0], [245.0, 190.0], [259.0, 189.0], [273.0, 190.0], [232.0, 198.0], [242.0, 198.0], [288.0, 198.0], [300.0, 203.0], [304.0, 214.0], [314.0, 213.0], [329.0, 214.0]], "conversations": [{"role": "user", "content": [{"type": "image", "image": "/home/yrquni/Downloads/Unilab/PaDT/dataset/dataset_root/images/0009175.png"}, {"type": "text", "text": "墙面中上部、比下方裂缝更弯曲且途经霉斑的裂缝"}]}, {"role": "assistant", "content": [{"type": "text", "text": "<|object_ref_start|><|box_start|><271><33><531><805><|box_end|><|point_start|><406><436><|point_end|>"}]}], "boxes": [{"bbox": [14.0, 113.0, 335.0, 221.0], "point": [181.4383744170553, 168.9553630912725], "phrase": "墙面中上部、比下方裂缝更弯曲且途经霉斑的裂缝"}], "caption": "墙面中上部、比下方裂缝更弯曲且途经霉斑的裂缝"}
621581	{"image_id": "refcrack_0009175_0009175_02_0", "width": 416, "height": 416, "vrt_indices": [558, 588, 589, 590, 591, 592, 593, 622, 623, 624, 625, 626, 655, 656, 657, 658, 659, 660, 661, 691, 692, 693, 722, 723], "patch_points": [[104.0, 276.0], [119.0, 284.0], [133.0, 285.0], [147.0, 286.0], [160.0, 288.0], [174.0, 288.0], [187.0, 289.0], [189.0, 298.0], [203.0, 299.0], [216.0, 301.0], [230.0, 303.0], [244.0, 304.0], [245.0, 311.0], [259.0, 313.0], [272.0, 313.0], [287.0, 314.0], [301.0, 316.0], [315.0, 315.0], [327.0, 317.0], [343.0, 328.0], [356.0, 329.0], [369.0, 332.0], [372.0, 340.0], [384.0, 341.0]], "conversations": [{"role": "user", "content": [{"type": "image", "image": "/home/yrquni/Downloads/Unilab/PaDT/dataset/dataset_root/images/0009175.png"}, {"type": "text", "text": "中下部横着的一道弯裂缝"}]}, {"role": "assistant", "content": [{"type": "text", "text": "<|object_ref_start|><|box_start|><641><211><836><949><|box_end|><|point_start|><734><574><|point_end|>"}]}], "boxes": [{"bbox": [88.0, 267.0, 395.0, 348.0], "point": [238.7983152827918, 305.6012033694344], "phrase": "中下部横着的一道弯裂缝"}], "caption": "中下部横着的一道弯裂缝"}
649685	{"image_id": "refcrack_0009175_0009175_02_2", "width": 416, "height": 416, "vrt_indices": [558, 588, 589, 590, 591, 592, 593, 622, 623, 624, 625, 626, 655, 656, 657, 658, 659, 660, 661, 691, 692, 693, 722, 723], "patch_points": [[104.0, 276.0], [119.0, 284.0], [133.0, 285.0], [147.0, 286.0], [160.0, 288.0], [174.0, 288.0], [187.0, 289.0], [189.0, 298.0], [203.0, 299.0], [216.0, 301.0], [230.0, 303.0], [244.0, 304.0], [245.0, 311.0], [259.0, 313.0], [272.0, 313.0], [287.0, 314.0], [301.0, 316.0], [315.0, 315.0], [327.0, 317.0], [343.0, 328.0], [356.0, 329.0], [369.0, 332.0], [372.0, 340.0], [384.0, 341.0]], "conversations": [{"role": "user", "content": [{"type": "image", "image": "/home/yrquni/Downloads/Unilab/PaDT/dataset/dataset_root/images/0009175.png"}, {"type": "text", "text": "斑驳墙中间靠下、挺长且边不平整的裂缝"}]}, {"role": "assistant", "content": [{"type": "text", "text": "<|object_ref_start|><|box_start|><641><211><836><949><|box_end|><|point_start|><734><574><|point_end|>"}]}], "boxes": [{"bbox": [88.0, 267.0, 395.0, 348.0], "point": [238.7983152827918, 305.6012033694344], "phrase": "斑驳墙中间靠下、挺长且边不平整的裂缝"}], "caption": "斑驳墙中间靠下、挺长且边不平整的裂缝"}
677789	{"image_id": "refcrack_0009175_0009175_02_4", "width": 416, "height": 416, "vrt_indices": [558, 588, 589, 590, 591, 592, 593, 622, 623, 624, 625, 626, 655, 656, 657, 658, 659, 660, 661, 691, 692, 693, 722, 723], "patch_points": [[104.0, 276.0], [119.0, 284.0], [133.0, 285.0], [147.0, 286.0], [160.0, 288.0], [174.0, 288.0], [187.0, 289.0], [189.0, 298.0], [203.0, 299.0], [216.0, 301.0], [230.0, 303.0], [244.0, 304.0], [245.0, 311.0], [259.0, 313.0], [272.0, 313.0], [287.0, 314.0], [301.0, 316.0], [315.0, 315.0], [327.0, 317.0], [343.0, 328.0], [356.0, 329.0], [369.0, 332.0], [372.0, 340.0], [384.0, 341.0]], "conversations": [{"role": "user", "content": [{"type": "image", "image": "/home/yrquni/Downloads/Unilab/PaDT/dataset/dataset_root/images/0009175.png"}, {"type": "text", "text": "左边偏下开始，往右下方弯着、边缘有点糙的裂缝"}]}, {"role": "assistant", "content": [{"type": "text", "text": "<|object_ref_start|><|box_start|><641><211><836><949><|box_end|><|point_start|><734><574><|point_end|>"}]}], "boxes": [{"bbox": [88.0, 267.0, 395.0, 348.0], "point": [238.7983152827918, 305.6012033694344], "phrase": "左边偏下开始，往右下方弯着、边缘有点糙的裂缝"}], "caption": "左边偏下开始，往右下方弯着、边缘有点糙的裂缝"}
705893	{"image_id": "refcrack_0009176_0009176_00_0", "width": 416, "height": 416, "vrt_indices": [91, 120, 150, 179, 209, 238, 267, 296, 355, 384, 413, 442, 501, 530, 559, 589, 618, 647, 676], "patch_points": [[61.0, 48.0], [63.0, 62.0], [74.0, 77.0], [76.0, 91.0], [87.0, 106.0], [89.0, 118.0], [88.0, 132.0], [91.0, 146.0], [99.0, 176.0], [101.0, 189.0], [102.0, 203.0], [105.0, 216.0], [117.0, 245.0], [117.0, 258.0], [118.0, 273.0], [129.0, 287.0], [129.0, 301.0], [130.0, 315.0], [132.0, 328.0]], "conversations": [{"role": "user", "content": [{"type": "image", "image": "/home/yrquni/Downloads/Unilab/PaDT/dataset/dataset_root/images/0009176.png"}, {"type": "text", "text": "左边一道竖着的长裂缝"}]}, {"role": "assistant", "content": [{"type": "text", "text": "<|object_ref_start|><|box_start|><67><115><805><341><|box_end|><|point_start|><442><234><|point_end|>"}]}], "boxes": [{"bbox": [48.0, 28.0, 142.0, 335.0], "point": [97.68546637744035, 184.23692456013498], "phrase": "左边一道竖着的长裂缝"}], "caption": "左边一道竖着的长裂缝"}
734297	{"image_id": "refcrack_0009176_0009176_00_1", "width": 416, "height": 416, "vrt_indices": [91, 120, 150, 179, 209, 238, 267, 296, 355, 384, 413, 442, 501, 530, 559, 589, 618, 647, 676], "patch_points": [[61.0, 48.0], [63.0, 62.0], [74.0, 77.0], [76.0, 91.0], [87.0, 106.0], [89.0, 118.0], [88.0, 132.0], [91.0, 146.0], [99.0, 176.0], [101.0, 189.0], [102.0, 203.0], [105.0, 216.0], [117.0, 245.0], [117.0, 258.0], [118.0, 273.0], [129.0, 287.0], [129.0, 301.0], [130.0, 315.0], [132.0, 328.0]], "conversations": [{"role": "user", "content": [{"type": "image", "image": "/home/yrquni/Downloads/Unilab/PaDT/dataset/dataset_root/images/0009176.png"}, {"type": "text", "text": "左半部分几乎垂直、边缘有起伏的裂缝"}]}, {"role": "assistant", "content": [{"type": "text", "text": "<|object_ref_start|><|box_start|><67><115><805><341><|box_end|><|point_start|><442><234><|point_end|>"}]}], "boxes": [{"bbox": [48.0, 28.0, 142.0, 335.0], "point": [97.68546637744035, 184.23692456013498], "phrase": "左半部分几乎垂直、边缘有起伏的裂缝"}], "caption": "左半部分几乎垂直、边缘有起伏的裂缝"}
762701	{"image_id": "refcrack_0009176_0009176_00_2", "width": 416, "height": 416, "vrt_indices": [91, 120, 150, 179, 209, 238, 267, 296, 355, 384, 413, 442, 501, 530, 559, 589, 618, 647, 676], "patch_points": [[61.0, 48.0], [63.0, 62.0], [74.0, 77.0], [76.0, 91.0], [87.0, 106.0], [89.0, 118.0], [88.0, 132.0], [91.0, 146.0], [99.0, 176.0], [101.0, 189.0], [102.0, 203.0], [105.0, 216.0], [117.0, 245.0], [117.0, 258.0], [118.0, 273.0], [129.0, 287.0], [129.0, 301.0], [130.0, 315.0], [132.0, 328.0]], "conversations": [{"role": "user", "content": [{"type": "image", "image": "/home/yrquni/Downloads/Unilab/PaDT/dataset/dataset_root/images/0009176.png"}, {"type": "text", "text": "从左上延伸到中下部、线条弯弯扭扭的裂缝"}]}, {"role": "assistant", "content": [{"type": "text", "text": "<|object_ref_start|><|box_start|><67><115><805><341><|box_end|><|point_start|><442><234><|point_end|>"}]}], "boxes": [{"bbox": [48.0, 28.0, 142.0, 335.0], "point": [97.68546637744035, 184.23692456013498], "phrase": "从左上延伸到中下部、线条弯弯扭扭的裂缝"}], "caption": "从左上延伸到中下部、线条弯弯扭扭的裂缝"}
791105	{"image_id": "refcrack_0009176_0009176_00_3", "width": 416, "height": 416, "vrt_indices": [91, 120, 150, 179, 209, 238, 267, 296, 355, 384, 413, 442, 501, 530, 559, 589, 618, 647, 676], "patch_points": [[61.0, 48.0], [63.0, 62.0], [74.0, 77.0], [76.0, 91.0], [87.0, 106.0], [89.0, 118.0], [88.0, 132.0], [91.0, 146.0], [99.0, 176.0], [101.0, 189.0], [102.0, 203.0], [105.0, 216.0], [117.0, 245.0], [117.0, 258.0], [118.0, 273.0], [129.0, 287.0], [129.0, 301.0], [130.0, 315.0], [132.0, 328.0]], "conversations": [{"role": "user", "content": [{"type": "image", "image": "/home/yrquni/Downloads/Unilab/PaDT/dataset/dataset_root/images/0009176.png"}, {"type": "text", "text": "偏左的地方竖直且边缘不平整的长裂缝"}]}, {"role": "assistant", "content": [{"type": "text", "text": "<|object_ref_start|><|box_start|><67><115><805><341><|box_end|><|point_start|><442><234><|point_end|>"}]}], "boxes": [{"bbox": [48.0, 28.0, 142.0, 335.0], "point": [97.68546637744035, 184.23692456013498], "phrase": "偏左的地方竖直且边缘不平整的长裂缝"}], "caption": "偏左的地方竖直且边缘不平整的长裂缝"}
819509	{"image_id": "refcrack_0009176_0009176_00_4", "width": 416, "height": 416, "vrt_indices": [91, 120, 150, 179, 209, 238, 267, 296, 355, 384, 413, 442, 501, 530, 559, 589, 618, 647, 676], "patch_points": [[61.0, 48.0], [63.0, 62.0], [74.0, 77.0], [76.0, 91.0], [87.0, 106.0], [89.0, 118.0], [88.0, 132.0], [91.0, 146.0], [99.0, 176.0], [101.0, 189.0], [102.0, 203.0], [105.0, 216.0], [117.0, 245.0], [117.0, 258.0], [118.0, 273.0], [129.0, 287.0], [129.0, 301.0], [130.0, 315.0], [132.0, 328.0]], "conversations": [{"role": "user", "content": [{"type": "image", "image": "/home/yrquni/Downloads/Unilab/PaDT/dataset/dataset_root/images/0009176.png"}, {"type": "text", "text": "左边那条从上到下、边缘像皱起来的裂缝"}]}, {"role": "assistant", "content": [{"type": "text", "text": "<|object_ref_start|><|box_start|><67><115><805><341><|box_end|><|point_start|><442><234><|point_end|>"}]}], "boxes": [{"bbox": [48.0, 28.0, 142.0, 335.0], "point": [97.68546637744035, 184.23692456013498], "phrase": "左边那条从上到下、边缘像皱起来的裂缝"}], "caption": "左边那条从上到下、边缘像皱起来的裂缝"}
847913	{"image_id": "refcrack_0009176_0009176_01_0", "width": 416, "height": 416, "vrt_indices": [216, 245, 275, 334, 363, 391, 421, 480, 509, 539, 568, 598, 627, 656, 685, 714, 744, 774, 803, 832], "patch_points": [[189.0, 104.0], [189.0, 119.0], [203.0, 132.0], [213.0, 161.0], [214.0, 174.0], [205.0, 189.0], [215.0, 204.0], [229.0, 231.0], [232.0, 244.0], [243.0, 259.0], [245.0, 272.0], [258.0, 287.0], [261.0, 300.0], [261.0, 315.0], [259.0, 329.0], [259.0, 342.0], [270.0, 357.0], [285.0, 372.0], [287.0, 384.0], [285.0, 397.0]], "conversations": [{"role": "user", "content": [{"type": "image", "image": "/home/yrquni/Downloads/Unilab/PaDT/dataset/dataset_root/images/0009176.png"}, {"type": "text", "text": "中间偏右的一道长裂缝"}]}, {"role": "assistant", "content": [{"type": "text", "text": "<|object_ref_start|><|box_start|><228><427><971><706><|box_end|><|point_start|><582><563><|point_end|>"}]}], "boxes": [{"bbox": [178.0, 95.0, 294.0, 404.0], "point": [234.21737100163438, 242.48073780060705], "phrase": "中间偏右的一道长裂缝"}], "caption": "中间偏右的一道长裂缝"}
876317	{"image_id": "refcrack_0009176_0009176_01_3", "width": 416, "height": 416, "vrt_indices": [216, 245, 275, 334, 363, 391, 421, 480, 509, 539, 568, 598, 627, 656, 685, 714, 744, 774, 803, 832], "patch_points": [[189.0, 104.0], [189.0, 119.0], [203.0, 132.0], [213.0, 161.0], [214.0, 174.0], [205.0, 189.0], [215.0, 204.0], [229.0, 231.0], [232.0, 244.0], [243.0, 259.0], [245.0, 272.0], [258.0, 287.0], [261.0, 300.0], [261.0, 315.0], [259.0, 329.0], [259.0, 342.0], [270.0, 357.0], [285.0, 372.0], [287.0, 384.0], [285.0, 397.0]], "conversations": [{"role": "user", "content": [{"type": "image", "image": "/home/yrquni/Downloads/Unilab/PaDT/dataset/dataset_root/images/0009176.png"}, {"type": "text", "text": "画面中间偏右，大体竖直却有小弯的裂缝"}]}, {"role": "assistant", "content": [{"type": "text", "text": "<|object_ref_start|><|box_start|><228><427><971><706><|box_end|><|point_start|><582><563><|point_end|>"}]}], "boxes": [{"bbox": [178.0, 95.0, 294.0, 404.0], "point": [234.21737100163438, 242.48073780060705], "phrase": "画面中间偏右，大体竖直却有小弯的裂缝"}], "caption": "画面中间偏右，大体竖直却有小弯的裂缝"}
904721	{"image_id": "refcrack_0009176_0009176_01_4", "width": 416, "height": 416, "vrt_indices": [216, 245, 275, 334, 363, 391, 421, 480, 509, 539, 568, 598, 627, 656, 685, 714, 744, 774, 803, 832], "patch_points": [[189.0, 104.0], [189.0, 119.0], [203.0, 132.0], [213.0, 161.0], [214.0, 174.0], [205.0, 189.0], [215.0, 204.0], [229.0, 231.0], [232.0, 244.0], [243.0, 259.0], [245.0, 272.0], [258.0, 287.0], [261.0, 300.0], [261.0, 315.0], [259.0, 329.0], [259.0, 342.0], [270.0, 357.0], [285.0, 372.0], [287.0, 384.0], [285.0, 397.0]], "conversations": [{"role": "user", "content": [{"type": "image", "image": "/home/yrquni/Downloads/Unilab/PaDT/dataset/dataset_root/images/0009176.png"}, {"type": "text", "text": "靠近右侧、几乎贯穿图高且局部弯折的长裂缝"}]}, {"role": "assistant", "content": [{"type": "text", "text": "<|object_ref_start|><|box_start|><228><427><971><706><|box_end|><|point_start|><582><563><|point_end|>"}]}], "boxes": [{"bbox": [178.0, 95.0, 294.0, 404.0], "point": [234.21737100163438, 242.48073780060705], "phrase": "靠近右侧、几乎贯穿图高且局部弯折的长裂缝"}], "caption": "靠近右侧、几乎贯穿图高且局部弯折的长裂缝"}
933125	{"image_id": "refcrack_0009177_0009177_00_0", "width": 416, "height": 416, "vrt_indices": [201, 213, 218, 219, 220, 221, 223, 226, 227, 228, 229, 230, 231, 238, 239, 240, 241, 242, 243, 244, 254], "patch_points": [[385.0, 92.0], [146.0, 106.0], [217.0, 105.0], [231.0, 105.0], [244.0, 104.0], [258.0, 104.0], [286.0, 104.0], [328.0, 104.0], [342.0, 103.0], [356.0, 102.0], [370.0, 101.0], [385.0, 99.0], [398.0, 99.0], [90.0, 115.0], [105.0, 115.0], [119.0, 116.0], [132.0, 116.0], [147.0, 114.0], [161.0, 115.0], [173.0, 115.0], [314.0, 114.0]], "conversations": [{"role": "user", "content": [{"type": "image", "image": "/home/yrquni/Downloads/Unilab/PaDT/dataset/dataset_root/images/0009177.png"}, {"type": "text", "text": "上方横贯的长裂缝"}]}, {"role": "assistant", "content": [{"type": "text", "text": "<|object_ref_start|><|box_start|><204><173><290><990><|box_end|><|point_start|><253><579><|point_end|>"}]}], "boxes": [{"bbox": [72.0, 85.0, 412.0, 121.0], "point": [240.915820642978, 105.60131133671743], "phrase": "上方横贯的长裂缝"}], "caption": "上方横贯的长裂缝"}
962137	{"image_id": "refcrack_0009177_0009177_00_1", "width": 416, "height": 416, "vrt_indices": [201, 213, 218, 219, 220, 221, 223, 226, 227, 228, 229, 230, 231, 238, 239, 240, 241, 242, 243, 244, 254], "patch_points": [[385.0, 92.0], [146.0, 106.0], [217.0, 105.0], [231.0, 105.0], [244.0, 104.0], [258.0, 104.0], [286.0, 104.0], [328.0, 104.0], [342.0, 103.0], [356.0, 102.0], [370.0, 101.0], [385.0, 99.0], [398.0, 99.0], [90.0, 115.0], [105.0, 115.0], [119.0, 116.0], [132.0, 116.0], [147.0, 114.0], [161.0, 115.0], [173.0, 115.0], [314.0, 114.0]], "conversations": [{"role": "user", "content": [{"type": "image", "image": "/home/yrquni/Downloads/Unilab/PaDT/dataset/dataset_root/images/0009177.png"}, {"type": "text", "text": "水平延伸过上部的裂缝"}]}, {"role": "assistant", "content": [{"type": "text", "text": "<|object_ref_start|><|box_start|><204><173><290><990><|box_end|><|point_start|><253><579><|point_end|>"}]}], "boxes": [{"bbox": [72.0, 85.0, 412.0, 121.0], "point": [240.915820642978, 105.60131133671743], "phrase": "水平延伸过上部的裂缝"}], "caption": "水平延伸过上部的裂缝"}
991149	{"image_id": "refcrack_0009177_0009177_00_2", "width": 416, "height": 416, "vrt_indices": [201, 213, 218, 219, 220, 221, 223, 226, 227, 228, 229, 230, 231, 238, 239, 240, 241, 242, 243, 244, 254], "patch_points": [[385.0, 92.0], [146.0, 106.0], [217.0, 105.0], [231.0, 105.0], [244.0, 104.0], [258.0, 104.0], [286.0, 104.0], [328.0, 104.0], [342.0, 103.0], [356.0, 102.0], [370.0, 101.0], [385.0, 99.0], [398.0, 99.0], [90.0, 115.0], [105.0, 115.0], [119.0, 116.0], [132.0, 116.0], [147.0, 114.0], [161.0, 115.0], [173.0, 115.0], [314.0, 114.0]], "conversations": [{"role": "user", "content": [{"type": "image", "image": "/home/yrquni/Downloads/Unilab/PaDT/dataset/dataset_root/images/0009177.png"}, {"type": "text", "text": "上半部分带起伏的长裂缝"}]}, {"role": "assistant", "content": [{"type": "text", "text": "<|object_ref_start|><|box_start|><204><173><290><990><|box_end|><|point_start|><253><579><|point_end|>"}]}], "boxes": [{"bbox": [72.0, 85.0, 412.0, 121.0], "point": [240.915820642978, 105.60131133671743], "phrase": "上半部分带起伏的长裂缝"}], "caption": "上半部分带起伏的长裂缝"}
1020161	{"image_id": "refcrack_0009177_0009177_00_4", "width": 416, "height": 416, "vrt_indices": [201, 213, 218, 219, 220, 221, 223, 226, 227, 228, 229, 230, 231, 238, 239, 240, 241, 242, 243, 244, 254], "patch_points": [[385.0, 92.0], [146.0, 106.0], [217.0, 105.0], [231.0, 105.0], [244.0, 104.0], [258.0, 104.0], [286.0, 104.0], [328.0, 104.0], [342.0, 103.0], [356.0, 102.0], [370.0, 101.0], [385.0, 99.0], [398.0, 99.0], [90.0, 115.0], [105.0, 115.0], [119.0, 116.0], [132.0, 116.0], [147.0, 114.0], [161.0, 115.0], [173.0, 115.0], [314.0, 114.0]], "conversations": [{"role": "user", "content": [{"type": "image", "image": "/home/yrquni/Downloads/Unilab/PaDT/dataset/dataset_root/images/0009177.png"}, {"type": "text", "text": "墙面偏上、波浪形的长裂缝"}]}, {"role": "assistant", "content": [{"type": "text", "text": "<|object_ref_start|><|box_start|><204><173><290><990><|box_end|><|point_start|><253><579><|point_end|>"}]}], "boxes": [{"bbox": [72.0, 85.0, 412.0, 121.0], "point": [240.915820642978, 105.60131133671743], "phrase": "墙面偏上、波浪形的长裂缝"}], "caption": "墙面偏上、波浪形的长裂缝"}
1049174	{"image_id": "refcrack_0009177_0009177_01_0", "width": 416, "height": 416, "vrt_indices": [450, 455, 456, 475, 476, 477, 479, 480, 481, 482, 483, 495, 496, 497, 501, 502, 503, 523, 527, 528, 529], "patch_points": [[215.0, 219.0], [287.0, 216.0], [300.0, 217.0], [161.0, 232.0], [174.0, 229.0], [188.0, 228.0], [218.0, 228.0], [231.0, 230.0], [244.0, 231.0], [259.0, 230.0], [272.0, 229.0], [35.0, 245.0], [48.0, 245.0], [62.0, 247.0], [118.0, 244.0], [132.0, 243.0], [146.0, 241.0], [20.0, 254.0], [77.0, 256.0], [90.0, 257.0], [104.0, 255.0]], "conversations": [{"role": "user", "content": [{"type": "image", "image": "/home/yrquni/Downloads/Unilab/PaDT/dataset/dataset_root/images/0009177.png"}, {"type": "text", "text": "中间偏下一道弯曲的裂缝"}]}, {"role": "assistant", "content": [{"type": "text", "text": "<|object_ref_start|><|box_start|><492><2><646><762><|box_end|><|point_start|><566><393><|point_end|>"}]}], "boxes": [{"bbox": [1.0, 205.0, 317.0, 269.0], "point": [163.61902604756511, 235.7655719139298], "phrase": "中间偏下一道弯曲的裂缝"}], "caption": "中间偏下一道弯曲的裂缝"}
1078187	{"image_id": "refcrack_0009177_0009177_01_2", "width": 416, "height": 416, "vrt_indices": [450, 455, 456, 475, 476, 477, 479, 480, 481, 482, 483, 495, 496, 497, 501, 502, 503, 523, 527, 528, 529], "patch_points": [[215.0, 219.0], [287.0, 216.0], [300.0, 217.0], [161.0, 232.0], [174.0, 229.0], [188.0, 228.0], [218.0, 228.0], [231.0, 230.0], [244.0, 231.0], [259.0, 230.0], [272.0, 229.0], [35.0, 245.0], [48.0, 245.0], [62.0, 247.0], [118.0, 244.0], [132.0, 243.0], [146.0, 241.0], [20.0, 254.0], [77.0, 256.0], [90.0, 257.0], [104.0, 255.0]], "conversations": [{"role": "user", "content": [{"type": "image", "image": "/home/yrquni/Downloads/Unilab/PaDT/dataset/dataset_root/images/0009177.png"}, {"type": "text", "text": "介于上方平缝和下方灰迹之间，横贯画面的蜿蜒裂缝"}]}, {"role": "assistant", "content": [{"type": "text", "text": "<|object_ref_start|><|box_start|><492><2><646><762><|box_end|><|point_start|><566><393><|point_end|>"}]}], "boxes": [{"bbox": [1.0, 205.0, 317.0, 269.0], "point": [163.61902604756511, 235.7655719139298], "phrase": "介于上方平缝和下方灰迹之间，横贯画面的蜿蜒裂缝"}], "caption": "介于上方平缝和下方灰迹之间，横贯画面的蜿蜒裂缝"}
1107200	{"image_id": "refcrack_0009177_0009177_01_3", "width": 416, "height": 416, "vrt_indices": [450, 455, 456, 475, 476, 477, 479, 480, 481, 482, 483, 495, 496, 497, 501, 502, 503, 523, 527, 528, 529], "patch_points": [[215.0, 219.0], [287.0, 216.0], [300.0, 217.0], [161.0, 232.0], [174.0, 229.0], [188.0, 228.0], [218.0, 228.0], [231.0, 230.0], [244.0, 231.0], [259.0, 230.0], [272.0, 229.0], [35.0, 245.0], [48.0, 245.0], [62.0, 247.0], [118.0, 244.0], [132.0, 243.0], [146.0, 241.0], [20.0, 254.0], [77.0, 256.0], [90.0, 257.0], [104.0, 255.0]], "conversations": [{"role": "user", "content": [{"type": "image", "image": "/home/yrquni/Downloads/Unilab/PaDT/dataset/dataset_root/images/0009177.png"}, {"type": "text", "text": "从左延伸到右，中间有起伏，下方挨着竖状灰斑的裂缝"}]}, {"role": "assistant", "content": [{"type": "text", "text": "<|object_ref_start|><|box_start|><492><2><646><762><|box_end|><|point_start|><566><393><|point_end|>"}]}], "boxes": [{"bbox": [1.0, 205.0, 317.0, 269.0], "point": [163.61902604756511, 235.7655719139298], "phrase": "从左延伸到右，中间有起伏，下方挨着竖状灰斑的裂缝"}], "caption": "从左延伸到右，中间有起伏，下方挨着竖状灰斑的裂缝"}
1136213	{"image_id": "refcrack_0009187_0009187_00_0", "width": 416, "height": 416, "vrt_indices": [24, 25, 52, 53, 80, 81, 108, 109, 137, 166, 194, 195, 222, 223, 251, 279, 280, 307, 308, 336], "patch_points": [[342.0, 6.0], [353.0, 3.0], [328.0, 20.0], [339.0, 16.0], [314.0, 34.0], [324.0, 30.0], [302.0, 49.0], [312.0, 48.0], [301.0, 63.0], [300.0, 76.0], [287.0, 91.0], [298.0, 88.0], [273.0, 105.0], [285.0, 104.0], [272.0, 118.0], [258.0, 132.0], [269.0, 130.0], [244.0, 146.0], [257.0, 145.0], [244.0, 156.0]], "conversations": [{"role": "user", "content": [{"type": "image", "image": "/home/yrquni/Downloads/Unilab/PaDT/dataset/dataset_root/images/0009187.png"}, {"type": "text", "text": "右上方呈弧形延伸的裂缝"}]}, {"role": "assistant", "content": [{"type": "text", "text": "<|object_ref_start|><|box_start|><0><550><382><862><|box_end|><|point_start|><192><697><|point_end|>"}]}], "boxes": [{"bbox": [229.0, 0.0, 359.0, 159.0], "point": [290.2708649468892, 80.15326251896813], "phrase": "右上方呈弧形延伸的裂缝"}], "caption": "右上方呈弧形延伸的裂缝"}
1202154	{"image_id": "refcrack_0009187_0009187_00_1", "width": 416, "height": 416, "vrt_indices": [24, 25, 52, 53, 80, 81, 108, 109, 137, 166, 194, 195, 222, 223, 251, 279, 280, 307, 308, 336], "patch_points": [[342.0, 6.0], [353.0, 3.0], [328.0, 20.0], [339.0, 16.0], [314.0, 34.0], [324.0, 30.0], [302.0, 49.0], [312.0, 48.0], [301.0, 63.0], [300.0, 76.0], [287.0, 91.0], [298.0, 88.0], [273.0, 105.0], [285.0, 104.0], [272.0, 118.0], [258.0, 132.0], [269.0, 130.0], [244.0, 146.0], [257.0, 145.0], [244.0, 156.0]], "conversations": [{"role": "user", "content": [{"type": "image", "image": "/home/yrquni/Downloads/Unilab/PaDT/dataset/dataset_root/images/0009187.png"}, {"type": "text", "text": "上半部分偏右、斜向伸展的裂缝"}]}, {"role": "assistant", "content": [{"type": "text", "text": "<|object_ref_start|><|box_start|><0><550><382><862><|box_end|><|point_start|><192><697><|point_end|>"}]}], "boxes": [{"bbox": [229.0, 0.0, 359.0, 159.0], "point": [290.2708649468892, 80.15326251896813], "phrase": "上半部分偏右、斜向伸展的裂缝"}], "caption": "上半部分偏右、斜向伸展的裂缝"}
1268095	{"image_id": "refcrack_0009187_0009187_00_2", "width": 416, "height": 416, "vrt_indices": [24, 25, 52, 53, 80, 81, 108, 109, 137, 166, 194, 195, 222, 223, 251, 279, 280, 307, 308, 336], "patch_points": [[342.0, 6.0], [353.0, 3.0], [328.0, 20.0], [339.0, 16.0], [314.0, 34.0], [324.0, 30.0], [302.0, 49.0], [312.0, 48.0], [301.0, 63.0], [300.0, 76.0], [287.0, 91.0], [298.0, 88.0], [273.0, 105.0], [285.0, 104.0], [272.0, 118.0], [258.0, 132.0], [269.0, 130.0], [244.0, 146.0], [257.0, 145.0], [244.0, 156.0]], "conversations": [{"role": "user", "content": [{"type": "image", "image": "/home/yrquni/Downloads/Unilab/PaDT/dataset/dataset_root/images/0009187.png"}, {"type": "text", "text": "横向主裂缝上方的蜿蜒状裂缝"}]}, {"role": "assistant", "content": [{"type": "text", "text": "<|object_ref_start|><|box_start|><0><550><382><862><|box_end|><|point_start|><192><697><|point_end|>"}]}], "boxes": [{"bbox": [229.0, 0.0, 359.0, 159.0], "point": [290.2708649468892, 80.15326251896813], "phrase": "横向主裂缝上方的蜿蜒状裂缝"}], "caption": "横向主裂缝上方的蜿蜒状裂缝"}
1334036	{"image_id": "refcrack_0009187_0009187_00_3", "width": 416, "height": 416, "vrt_indices": [24, 25, 52, 53, 80, 81, 108, 109, 137, 166, 194, 195, 222, 223, 251, 279, 280, 307, 308, 336], "patch_points": [[342.0, 6.0], [353.0, 3.0], [328.0, 20.0], [339.0, 16.0], [314.0, 34.0], [324.0, 30.0], [302.0, 49.0], [312.0, 48.0], [301.0, 63.0], [300.0, 76.0], [287.0, 91.0], [298.0, 88.0], [273.0, 105.0], [285.0, 104.0], [272.0, 118.0], [258.0, 132.0], [269.0, 130.0], [244.0, 146.0], [257.0, 145.0], [244.0, 156.0]], "conversations": [{"role": "user", "content": [{"type": "image", "image": "/home/yrquni/Downloads/Unilab/PaDT/dataset/dataset_root/images/0009187.png"}, {"type": "text", "text": "上半区域里较长且带弯曲的裂缝"}]}, {"role": "assistant", "content": [{"type": "text", "text": "<|object_ref_start|><|box_start|><0><550><382><862><|box_end|><|point_start|><192><697><|point_end|>"}]}], "boxes": [{"bbox": [229.0, 0.0, 359.0, 159.0], "point": [290.2708649468892, 80.15326251896813], "phrase": "上半区域里较长且带弯曲的裂缝"}], "caption": "上半区域里较长且带弯曲的裂缝"}
1399977	{"image_id": "refcrack_0009187_0009187_00_4", "width": 416, "height": 416, "vrt_indices": [24, 25, 52, 53, 80, 81, 108, 109, 137, 166, 194, 195, 222, 223, 251, 279, 280, 307, 308, 336], "patch_points": [[342.0, 6.0], [353.0, 3.0], [328.0, 20.0], [339.0, 16.0], [314.0, 34.0], [324.0, 30.0], [302.0, 49.0], [312.0, 48.0], [301.0, 63.0], [300.0, 76.0], [287.0, 91.0], [298.0, 88.0], [273.0, 105.0], [285.0, 104.0], [272.0, 118.0], [258.0, 132.0], [269.0, 130.0], [244.0, 146.0], [257.0, 145.0], [244.0, 156.0]], "conversations": [{"role": "user", "content": [{"type": "image", "image": "/home/yrquni/Downloads/Unilab/PaDT/dataset/dataset_root/images/0009187.png"}, {"type": "text", "text": "右上角往左下方向弯曲延伸的裂缝"}]}, {"role": "assistant", "content": [{"type": "text", "text": "<|object_ref_start|><|box_start|><0><550><382><862><|box_end|><|point_start|><192><697><|point_end|>"}]}], "boxes": [{"bbox": [229.0, 0.0, 359.0, 159.0], "point": [290.2708649468892, 80.15326251896813], "phrase": "右上角往左下方向弯曲延伸的裂缝"}], "caption": "右上角往左下方向弯曲延伸的裂缝"}
1465918	{"image_id": "refcrack_0009187_0009187_01_0", "width": 416, "height": 416, "vrt_indices": [492, 518, 519, 520, 540, 541, 542, 544, 545, 546, 547, 561, 562, 563, 564, 565, 566, 567, 568, 569, 583, 584, 610, 611], "patch_points": [[399.0, 232.0], [357.0, 247.0], [371.0, 246.0], [384.0, 244.0], [259.0, 262.0], [272.0, 261.0], [286.0, 262.0], [315.0, 261.0], [329.0, 260.0], [343.0, 258.0], [356.0, 257.0], [147.0, 275.0], [161.0, 274.0], [175.0, 274.0], [188.0, 274.0], [203.0, 274.0], [216.0, 272.0], [230.0, 271.0], [244.0, 270.0], [258.0, 269.0], [48.0, 286.0], [62.0, 283.0], [20.0, 299.0], [33.0, 297.0]], "conversations": [{"role": "user", "content": [{"type": "image", "image": "/home/yrquni/Downloads/Unilab/PaDT/dataset/dataset_root/images/0009187.png"}, {"type": "text", "text": "中下部横向延伸的长裂缝"}]}, {"role": "assistant", "content": [{"type": "text", "text": "<|object_ref_start|><|box_start|><526><19><740><997><|box_end|><|point_start|><644><527><|point_end|>"}]}], "boxes": [{"bbox": [8.0, 219.0, 415.0, 308.0], "point": [219.40804183195095, 268.02181752614496], "phrase": "中下部横向延伸的长裂缝"}], "caption": "中下部横向延伸的长裂缝"}
1531859	{"image_id": "refcrack_0009187_0009187_01_1", "width": 416, "height": 416, "vrt_indices": [492, 518, 519, 520, 540, 541, 542, 544, 545, 546, 547, 561, 562, 563, 564, 565, 566, 567, 568, 569, 583, 584, 610, 611], "patch_points": [[399.0, 232.0], [357.0, 247.0], [371.0, 246.0], [384.0, 244.0], [259.0, 262.0], [272.0, 261.0], [286.0, 262.0], [315.0, 261.0], [329.0, 260.0], [343.0, 258.0], [356.0, 257.0], [147.0, 275.0], [161.0, 274.0], [175.0, 274.0], [188.0, 274.0], [203.0, 274.0], [216.0, 272.0], [230.0, 271.0], [244.0, 270.0], [258.0, 269.0], [48.0, 286.0], [62.0, 283.0], [20.0, 299.0], [33.0, 297.0]], "conversations": [{"role": "user", "content": [{"type": "image", "image": "/home/yrquni/Downloads/Unilab/PaDT/dataset/dataset_root/images/0009187.png"}, {"type": "text", "text": "从左至右近乎水平的一道裂缝"}]}, {"role": "assistant", "content": [{"type": "text", "text": "<|object_ref_start|><|box_start|><526><19><740><997><|box_end|><|point_start|><644><527><|point_end|>"}]}], "boxes": [{"bbox": [8.0, 219.0, 415.0, 308.0], "point": [219.40804183195095, 268.02181752614496], "phrase": "从左至右近乎水平的一道裂缝"}], "caption": "从左至右近乎水平的一道裂缝"}
1597800	{"image_id": "refcrack_0009187_0009187_01_2", "width": 416, "height": 416, "vrt_indices": [492, 518, 519, 520, 540, 541, 542, 544, 545, 546, 547, 561, 562, 563, 564, 565, 566, 567, 568, 569, 583, 584, 610, 611], "patch_points": [[399.0, 232.0], [357.0, 247.0], [371.0, 246.0], [384.0, 244.0], [259.0, 262.0], [272.0, 261.0], [286.0, 262.0], [315.0, 261.0], [329.0, 260.0], [343.0, 258.0], [356.0, 257.0], [147.0, 275.0], [161.0, 274.0], [175.0, 274.0], [188.0, 274.0], [203.0, 274.0], [216.0, 272.0], [230.0, 271.0], [244.0, 270.0], [258.0, 269.0], [48.0, 286.0], [62.0, 283.0], [20.0, 299.0], [33.0, 297.0]], "conversations": [{"role": "user", "content": [{"type": "image", "image": "/home/yrquni/Downloads/Unilab/PaDT/dataset/dataset_root/images/0009187.png"}, {"type": "text", "text": "位于画面中下部、比周围裂缝更长更连贯的裂缝"}]}, {"role": "assistant", "content": [{"type": "text", "text": "<|object_ref_start|><|box_start|><526><19><740><997><|box_end|><|point_start|><644><527><|point_end|>"}]}], "boxes": [{"bbox": [8.0, 219.0, 415.0, 308.0], "point": [219.40804183195095, 268.02181752614496], "phrase": "位于画面中下部、比周围裂缝更长更连贯的裂缝"}], "caption": "位于画面中下部、比周围裂缝更长更连贯的裂缝"}
1663741	{"image_id": "refcrack_0009187_0009187_01_3", "width": 416, "height": 416, "vrt_indices": [492, 518, 519, 520, 540, 541, 542, 544, 545, 546, 547, 561, 562, 563, 564, 565, 566, 567, 568, 569, 583, 584, 610, 611], "patch_points": [[399.0, 232.0], [357.0, 247.0], [371.0, 246.0], [384.0, 244.0], [259.0, 262.0], [272.0, 261.0], [286.0, 262.0], [315.0, 261.0], [329.0, 260.0], [343.0, 258.0], [356.0, 257.0], [147.0, 275.0], [161.0, 274.0], [175.0, 274.0], [188.0, 274.0], [203.0, 274.0], [216.0, 272.0], [230.0, 271.0], [244.0, 270.0], [258.0, 269.0], [48.0, 286.0], [62.0, 283.0], [20.0, 299.0], [33.0, 297.0]], "conversations": [{"role": "user", "content": [{"type": "image", "image": "/home/yrquni/Downloads/Unilab/PaDT/dataset/dataset_root/images/0009187.png"}, {"type": "text", "text": "灰扑扑的地面上，一条连贯且稍宽的横向长缝"}]}, {"role": "assistant", "content": [{"type": "text", "text": "<|object_ref_start|><|box_start|><526><19><740><997><|box_end|><|point_start|><644><527><|point_end|>"}]}], "boxes": [{"bbox": [8.0, 219.0, 415.0, 308.0], "point": [219.40804183195095, 268.02181752614496], "phrase": "灰扑扑的地面上，一条连贯且稍宽的横向长缝"}], "caption": "灰扑扑的地面上，一条连贯且稍宽的横向长缝"}
1729682	{"image_id": "refcrack_0009187_0009187_01_4", "width": 416, "height": 416, "vrt_indices": [492, 518, 519, 520, 540, 541, 542, 544, 545, 546, 547, 561, 562, 563, 564, 565, 566, 567, 568, 569, 583, 584, 610, 611], "patch_points": [[399.0, 232.0], [357.0, 247.0], [371.0, 246.0], [384.0, 244.0], [259.0, 262.0], [272.0, 261.0], [286.0, 262.0], [315.0, 261.0], [329.0, 260.0], [343.0, 258.0], [356.0, 257.0], [147.0, 275.0], [161.0, 274.0], [175.0, 274.0], [188.0, 274.0], [203.0, 274.0], [216.0, 272.0], [230.0, 271.0], [244.0, 270.0], [258.0, 269.0], [48.0, 286.0], [62.0, 283.0], [20.0, 299.0], [33.0, 297.0]], "conversations": [{"role": "user", "content": [{"type": "image", "image": "/home/yrquni/Downloads/Unilab/PaDT/dataset/dataset_root/images/0009187.png"}, {"type": "text", "text": "中下部地面上，走势平稳却带细微起伏的长裂缝"}]}, {"role": "assistant", "content": [{"type": "text", "text": "<|object_ref_start|><|box_start|><526><19><740><997><|box_end|><|point_start|><644><527><|point_end|>"}]}], "boxes": [{"bbox": [8.0, 219.0, 415.0, 308.0], "point": [219.40804183195095, 268.02181752614496], "phrase": "中下部地面上，走势平稳却带细微起伏的长裂缝"}], "caption": "中下部地面上，走势平稳却带细微起伏的长裂缝"}
1795623	{"image_id": "refcrack_0009188_0009188_00_0", "width": 416, "height": 416, "vrt_indices": [7, 8, 37, 38, 67, 97, 126, 155, 156, 185, 214, 215, 244, 245, 274, 275], "patch_points": [[107.0, 4.0], [118.0, 6.0], [121.0, 18.0], [132.0, 21.0], [133.0, 34.0], [144.0, 49.0], [146.0, 63.0], [148.0, 76.0], [158.0, 78.0], [160.0, 91.0], [163.0, 103.0], [174.0, 105.0], [175.0, 118.0], [188.0, 119.0], [189.0, 132.0], [199.0, 133.0]], "conversations": [{"role": "user", "content": [{"type": "image", "image": "/home/yrquni/Downloads/Unilab/PaDT/dataset/dataset_root/images/0009188.png"}, {"type": "text", "text": "左上方斜向延伸的裂缝"}]}, {"role": "assistant", "content": [{"type": "text", "text": "<|object_ref_start|><|box_start|><0><233><336><490><|box_end|><|point_start|><173><369><|point_end|>"}]}], "boxes": [{"bbox": [97.0, 0.0, 204.0, 140.0], "point": [153.61214495592557, 72.36859288279464], "phrase": "左上方斜向延伸的裂缝"}], "caption": "左上方斜向延伸的裂缝"}
1860188	{"image_id": "refcrack_0009188_0009188_00_2", "width": 416, "height": 416, "vrt_indices": [7, 8, 37, 38, 67, 97, 126, 155, 156, 185, 214, 215, 244, 245, 274, 275], "patch_points": [[107.0, 4.0], [118.0, 6.0], [121.0, 18.0], [132.0, 21.0], [133.0, 34.0], [144.0, 49.0], [146.0, 63.0], [148.0, 76.0], [158.0, 78.0], [160.0, 91.0], [163.0, 103.0], [174.0, 105.0], [175.0, 118.0], [188.0, 119.0], [189.0, 132.0], [199.0, 133.0]], "conversations": [{"role": "user", "content": [{"type": "image", "image": "/home/yrquni/Downloads/Unilab/PaDT/dataset/dataset_root/images/0009188.png"}, {"type": "text", "text": "从左上斜向下、比下方横缝短的裂缝"}]}, {"role": "assistant", "content": [{"type": "text", "text": "<|object_ref_start|><|box_start|><0><233><336><490><|box_end|><|point_start|><173><369><|point_end|>"}]}], "boxes": [{"bbox": [97.0, 0.0, 204.0, 140.0], "point": [153.61214495592557, 72.36859288279464], "phrase": "从左上斜向下、比下方横缝短的裂缝"}], "caption": "从左上斜向下、比下方横缝短的裂缝"}
1924753	{"image_id": "refcrack_0009188_0009188_00_3", "width": 416, "height": 416, "vrt_indices": [7, 8, 37, 38, 67, 97, 126, 155, 156, 185, 214, 215, 244, 245, 274, 275], "patch_points": [[107.0, 4.0], [118.0, 6.0], [121.0, 18.0], [132.0, 21.0], [133.0, 34.0], [144.0, 49.0], [146.0, 63.0], [148.0, 76.0], [158.0, 78.0], [160.0, 91.0], [163.0, 103.0], [174.0, 105.0], [175.0, 118.0], [188.0, 119.0], [189.0, 132.0], [199.0, 133.0]], "conversations": [{"role": "user", "content": [{"type": "image", "image": "/home/yrquni/Downloads/Unilab/PaDT/dataset/dataset_root/images/0009188.png"}, {"type": "text", "text": "左上部粗糙裂纹地面里朝下方横缝斜的裂缝"}]}, {"role": "assistant", "content": [{"type": "text", "text": "<|object_ref_start|><|box_start|><0><233><336><490><|box_end|><|point_start|><173><369><|point_end|>"}]}], "boxes": [{"bbox": [97.0, 0.0, 204.0, 140.0], "point": [153.61214495592557, 72.36859288279464], "phrase": "左上部粗糙裂纹地面里朝下方横缝斜的裂缝"}], "caption": "左上部粗糙裂纹地面里朝下方横缝斜的裂缝"}
1989318	{"image_id": "refcrack_0009188_0009188_01_0", "width": 416, "height": 416, "vrt_indices": [378, 408, 409, 439, 440, 441, 470, 471, 472, 473, 475, 505, 506, 507, 508, 509, 510, 511, 543, 544, 545, 546, 547, 548, 577, 578], "patch_points": [[20.0, 190.0], [35.0, 201.0], [47.0, 204.0], [63.0, 216.0], [76.0, 217.0], [89.0, 219.0], [91.0, 228.0], [104.0, 230.0], [118.0, 232.0], [132.0, 233.0], [160.0, 233.0], [175.0, 241.0], [189.0, 242.0], [203.0, 243.0], [216.0, 245.0], [230.0, 246.0], [244.0, 246.0], [258.0, 247.0], [301.0, 255.0], [314.0, 256.0], [328.0, 256.0], [343.0, 256.0], [357.0, 259.0], [369.0, 261.0], [372.0, 269.0], [385.0, 272.0]], "conversations": [{"role": "user", "content": [{"type": "image", "image": "/home/yrquni/Downloads/Unilab/PaDT/dataset/dataset_root/images/0009188.png"}, {"type": "text", "text": "横着穿过画面中间的一道长裂缝"}]}, {"role": "assistant", "content": [{"type": "text", "text": "<|object_ref_start|><|box_start|><423><0><687><980><|box_end|><|point_start|><570><469><|point_end|>"}]}], "boxes": [{"bbox": [0.0, 176.0, 408.0, 286.0], "point": [195.1892149390244, 237.234756097561], "phrase": "横着穿过画面中间的一道长裂缝"}], "caption": "横着穿过画面中间的一道长裂缝"}
2053883	{"image_id": "refcrack_0009188_0009188_01_1", "width": 416, "height": 416, "vrt_indices": [378, 408, 409, 439, 440, 441, 470, 471, 472, 473, 475, 505, 506, 507, 508, 509, 510, 511, 543, 544, 545, 546, 547, 548, 577, 578], "patch_points": [[20.0, 190.0], [35.0, 201.0], [47.0, 204.0], [63.0, 216.0], [76.0, 217.0], [89.0, 219.0], [91.0, 228.0], [104.0, 230.0], [118.0, 232.0], [132.0, 233.0], [160.0, 233.0], [175.0, 241.0], [189.0, 242.0], [203.0, 243.0], [216.0, 245.0], [230.0, 246.0], [244.0, 246.0], [258.0, 247.0], [301.0, 255.0], [314.0, 256.0], [328.0, 256.0], [343.0, 256.0], [357.0, 259.0], [369.0, 261.0], [372.0, 269.0], [385.0, 272.0]], "conversations": [{"role": "user", "content": [{"type": "image", "image": "/home/yrquni/Downloads/Unilab/PaDT/dataset/dataset_root/images/0009188.png"}, {"type": "text", "text": "在满是小裂纹的地面上水平延伸的缝"}]}, {"role": "assistant", "content": [{"type": "text", "text": "<|object_ref_start|><|box_start|><423><0><687><980><|box_end|><|point_start|><570><469><|point_end|>"}]}], "boxes": [{"bbox": [0.0, 176.0, 408.0, 286.0], "point": [195.1892149390244, 237.234756097561], "phrase": "在满是小裂纹的地面上水平延伸的缝"}], "caption": "在满是小裂纹的地面上水平延伸的缝"}
2118448	{"image_id": "refcrack_0009188_0009188_01_2", "width": 416, "height": 416, "vrt_indices": [378, 408, 409, 439, 440, 441, 470, 471, 472, 473, 475, 505, 506, 507, 508, 509, 510, 511, 543, 544, 545, 546, 547, 548, 577, 578], "patch_points": [[20.0, 190.0], [35.0, 201.0], [47.0, 204.0], [63.0, 216.0], [76.0, 217.0], [89.0, 219.0], [91.0, 228.0], [104.0, 230.0], [118.0, 232.0], [132.0, 233.0], [160.0, 233.0], [175.0, 241.0], [189.0, 242.0], [203.0, 243.0], [216.0, 245.0], [230.0, 246.0], [244.0, 246.0], [258.0, 247.0], [301.0, 255.0], [314.0, 256.0], [328.0, 256.0], [343.0, 256.0], [357.0, 259.0], [369.0, 261.0], [372.0, 269.0], [385.0, 272.0]], "conversations": [{"role": "user", "content": [{"type": "image", "image": "/home/yrquni/Downloads/Unilab/PaDT/dataset/dataset_root/images/0009188.png"}, {"type": "text", "text": "从左边一直通到右边边缘的裂缝"}]}, {"role": "assistant", "content": [{"type": "text", "text": "<|object_ref_start|><|box_start|><423><0><687><980><|box_end|><|point_start|><570><469><|point_end|>"}]}], "boxes": [{"bbox": [0.0, 176.0, 408.0, 286.0], "point": [195.1892149390244, 237.234756097561], "phrase": "从左边一直通到右边边缘的裂缝"}], "caption": "从左边一直通到右边边缘的裂缝"}
2183013	{"image_id": "refcrack_0009188_0009188_01_3", "width": 416, "height": 416, "vrt_indices": [378, 408, 409, 439, 440, 441, 470, 471, 472, 473, 475, 505, 506, 507, 508, 509, 510, 511, 543, 544, 545, 546, 547, 548, 577, 578], "patch_points": [[20.0, 190.0], [35.0, 201.0], [47.0, 204.0], [63.0, 216.0], [76.0, 217.0], [89.0, 219.0], [91.0, 228.0], [104.0, 230.0], [118.0, 232.0], [132.0, 233.0], [160.0, 233.0], [175.0, 241.0], [189.0, 242.0], [203.0, 243.0], [216.0, 245.0], [230.0, 246.0], [244.0, 246.0], [258.0, 247.0], [301.0, 255.0], [314.0, 256.0], [328.0, 256.0], [343.0, 256.0], [357.0, 259.0], [369.0, 261.0], [372.0, 269.0], [385.0, 272.0]], "conversations": [{"role": "user", "content": [{"type": "image", "image": "/home/yrquni/Downloads/Unilab/PaDT/dataset/dataset_root/images/0009188.png"}, {"type": "text", "text": "跨过粗糙斑驳地面、连起左右的长缝"}]}, {"role": "assistant", "content": [{"type": "text", "text": "<|object_ref_start|><|box_start|><423><0><687><980><|box_end|><|point_start|><570><469><|point_end|>"}]}], "boxes": [{"bbox": [0.0, 176.0, 408.0, 286.0], "point": [195.1892149390244, 237.234756097561], "phrase": "跨过粗糙斑驳地面、连起左右的长缝"}], "caption": "跨过粗糙斑驳地面、连起左右的长缝"}
2247578	{"image_id": "refcrack_0009188_0009188_01_4", "width": 416, "height": 416, "vrt_indices": [378, 408, 409, 439, 440, 441, 470, 471, 472, 473, 475, 505, 506, 507, 508, 509, 510, 511, 543, 544, 545, 546, 547, 548, 577, 578], "patch_points": [[20.0, 190.0], [35.0, 201.0], [47.0, 204.0], [63.0, 216.0], [76.0, 217.0], [89.0, 219.0], [91.0, 228.0], [104.0, 230.0], [118.0, 232.0], [132.0, 233.0], [160.0, 233.0], [175.0, 241.0], [189.0, 242.0], [203.0, 243.0], [216.0, 245.0], [230.0, 246.0], [244.0, 246.0], [258.0, 247.0], [301.0, 255.0], [314.0, 256.0], [328.0, 256.0], [343.0, 256.0], [357.0, 259.0], [369.0, 261.0], [372.0, 269.0], [385.0, 272.0]], "conversations": [{"role": "user", "content": [{"type": "image", "image": "/home/yrquni/Downloads/Unilab/PaDT/dataset/dataset_root/images/0009188.png"}, {"type": "text", "text": "穿过不同纹理斑块、线条连贯的长裂缝"}]}, {"role": "assistant", "content": [{"type": "text", "text": "<|object_ref_start|><|box_start|><423><0><687><980><|box_end|><|point_start|><570><469><|point_end|>"}]}], "boxes": [{"bbox": [0.0, 176.0, 408.0, 286.0], "point": [195.1892149390244, 237.234756097561], "phrase": "穿过不同纹理斑块、线条连贯的长裂缝"}], "caption": "穿过不同纹理斑块、线条连贯的长裂缝"}
2312143	{"image_id": "refcrack_0009189_0009189_01_0", "width": 416, "height": 416, "vrt_indices": [436, 437, 438, 468, 469, 499, 500, 501, 502, 503, 504, 505, 506, 507, 508, 509, 510, 511, 512, 513, 514, 515, 516, 517, 518, 519, 520, 550], "patch_points": [[21.0, 215.0], [34.0, 217.0], [48.0, 219.0], [63.0, 230.0], [76.0, 232.0], [91.0, 242.0], [105.0, 243.0], [118.0, 245.0], [133.0, 246.0], [146.0, 246.0], [160.0, 244.0], [175.0, 243.0], [189.0, 244.0], [202.0, 244.0], [216.0, 245.0], [230.0, 246.0], [245.0, 247.0], [259.0, 246.0], [272.0, 245.0], [286.0, 246.0], [300.0, 246.0], [315.0, 245.0], [329.0, 245.0], [342.0, 243.0], [357.0, 242.0], [371.0, 243.0], [384.0, 245.0], [399.0, 255.0]], "conversations": [{"role": "user", "content": [{"type": "image", "image": "/home/yrquni/Downloads/Unilab/PaDT/dataset/dataset_root/images/0009189.png"}, {"type": "text", "text": "横贯画面中部的长裂缝"}]}, {"role": "assistant", "content": [{"type": "text", "text": "<|object_ref_start|><|box_start|><485><2><629><997><|box_end|><|point_start|><576><484><|point_end|>"}]}], "boxes": [{"bbox": [1.0, 202.0, 415.0, 262.0], "point": [201.45204689602153, 239.8577743609456], "phrase": "横贯画面中部的长裂缝"}], "caption": "横贯画面中部的长裂缝"}
2378324	{"image_id": "refcrack_0009189_0009189_01_2", "width": 416, "height": 416, "vrt_indices": [436, 437, 438, 468, 469, 499, 500, 501, 502, 503, 504, 505, 506, 507, 508, 509, 510, 511, 512, 513, 514, 515, 516, 517, 518, 519, 520, 550], "patch_points": [[21.0, 215.0], [34.0, 217.0], [48.0, 219.0], [63.0, 230.0], [76.0, 232.0], [91.0, 242.0], [105.0, 243.0], [118.0, 245.0], [133.0, 246.0], [146.0, 246.0], [160.0, 244.0], [175.0, 243.0], [189.0, 244.0], [202.0, 244.0], [216.0, 245.0], [230.0, 246.0], [245.0, 247.0], [259.0, 246.0], [272.0, 245.0], [286.0, 246.0], [300.0, 246.0], [315.0, 245.0], [329.0, 245.0], [342.0, 243.0], [357.0, 242.0], [371.0, 243.0], [384.0, 245.0], [399.0, 255.0]], "conversations": [{"role": "user", "content": [{"type": "image", "image": "/home/yrquni/Downloads/Unilab/PaDT/dataset/dataset_root/images/0009189.png"}, {"type": "text", "text": "中部区域笔直且连贯的长裂缝"}]}, {"role": "assistant", "content": [{"type": "text", "text": "<|object_ref_start|><|box_start|><485><2><629><997><|box_end|><|point_start|><576><484><|point_end|>"}]}], "boxes": [{"bbox": [1.0, 202.0, 415.0, 262.0], "point": [201.45204689602153, 239.8577743609456], "phrase": "中部区域笔直且连贯的长裂缝"}], "caption": "中部区域笔直且连贯的长裂缝"}
2444505	{"image_id": "refcrack_0009189_0009189_01_4", "width": 416, "height": 416, "vrt_indices": [436, 437, 438, 468, 469, 499, 500, 501, 502, 503, 504, 505, 506, 507, 508, 509, 510, 511, 512, 513, 514, 515, 516, 517, 518, 519, 520, 550], "patch_points": [[21.0, 215.0], [34.0, 217.0], [48.0, 219.0], [63.0, 230.0], [76.0, 232.0], [91.0, 242.0], [105.0, 243.0], [118.0, 245.0], [133.0, 246.0], [146.0, 246.0], [160.0, 244.0], [175.0, 243.0], [189.0, 244.0], [202.0, 244.0], [216.0, 245.0], [230.0, 246.0], [245.0, 247.0], [259.0, 246.0], [272.0, 245.0], [286.0, 246.0], [300.0, 246.0], [315.0, 245.0], [329.0, 245.0], [342.0, 243.0], [357.0, 242.0], [371.0, 243.0], [384.0, 245.0], [399.0, 255.0]], "conversations": [{"role": "user", "content": [{"type": "image", "image": "/home/yrquni/Downloads/Unilab/PaDT/dataset/dataset_root/images/0009189.png"}, {"type": "text", "text": "斑驳龟裂地面上平直贯通的长裂缝"}]}, {"role": "assistant", "content": [{"type": "text", "text": "<|object_ref_start|><|box_start|><485><2><629><997><|box_end|><|point_start|><576><484><|point_end|>"}]}], "boxes": [{"bbox": [1.0, 202.0, 415.0, 262.0], "point": [201.45204689602153, 239.8577743609456], "phrase": "斑驳龟裂地面上平直贯通的长裂缝"}], "caption": "斑驳龟裂地面上平直贯通的长裂缝"}
2510686	{"image_id": "refcrack_0009205_0009205_00_0", "width": 416, "height": 416, "vrt_indices": [21, 51, 80, 109, 138, 168, 197, 227, 256, 286, 315, 343, 344, 373, 399, 402, 426, 510, 538], "patch_points": [[302.0, 5.0], [314.0, 21.0], [314.0, 34.0], [315.0, 48.0], [319.0, 58.0], [331.0, 77.0], [331.0, 90.0], [342.0, 105.0], [346.0, 117.0], [357.0, 132.0], [357.0, 147.0], [343.0, 161.0], [357.0, 160.0], [357.0, 175.0], [315.0, 188.0], [355.0, 184.0], [287.0, 202.0], [242.0, 241.0], [227.0, 255.0]], "conversations": [{"role": "user", "content": [{"type": "image", "image": "/home/yrquni/Downloads/Unilab/PaDT/dataset/dataset_root/images/0009205.png"}, {"type": "text", "text": "右边偏上、分叉的裂缝"}]}, {"role": "assistant", "content": [{"type": "text", "text": "<|object_ref_start|><|box_start|><0><516><622><875><|box_end|><|point_start|><318><765><|point_end|>"}]}], "boxes": [{"bbox": [215.0, 0.0, 364.0, 259.0], "point": [318.4604855371901, 132.50154958677686], "phrase": "右边偏上、分叉的裂缝"}], "caption": "右边偏上、分叉的裂缝"}
2544083	{"image_id": "refcrack_0009205_0009205_00_1", "width": 416, "height": 416, "vrt_indices": [21, 51, 80, 109, 138, 168, 197, 227, 256, 286, 315, 343, 344, 373, 399, 402, 426, 510, 538], "patch_points": [[302.0, 5.0], [314.0, 21.0], [314.0, 34.0], [315.0, 48.0], [319.0, 58.0], [331.0, 77.0], [331.0, 90.0], [342.0, 105.0], [346.0, 117.0], [357.0, 132.0], [357.0, 147.0], [343.0, 161.0], [357.0, 160.0], [357.0, 175.0], [315.0, 188.0], [355.0, 184.0], [287.0, 202.0], [242.0, 241.0], [227.0, 255.0]], "conversations": [{"role": "user", "content": [{"type": "image", "image": "/home/yrquni/Downloads/Unilab/PaDT/dataset/dataset_root/images/0009205.png"}, {"type": "text", "text": "竖直裂缝右上方、有叉的裂缝"}]}, {"role": "assistant", "content": [{"type": "text", "text": "<|object_ref_start|><|box_start|><0><516><622><875><|box_end|><|point_start|><318><765><|point_end|>"}]}], "boxes": [{"bbox": [215.0, 0.0, 364.0, 259.0], "point": [318.4604855371901, 132.50154958677686], "phrase": "竖直裂缝右上方、有叉的裂缝"}], "caption": "竖直裂缝右上方、有叉的裂缝"}
2577480	{"image_id": "refcrack_0009205_0009205_00_2", "width": 416, "height": 416, "vrt_indices": [21, 51, 80, 109, 138, 168, 197, 227, 256, 286, 315, 343, 344, 373, 399, 402, 426, 510, 538], "patch_points": [[302.0, 5.0], [314.0, 21.0], [314.0, 34.0], [315.0, 48.0], [319.0, 58.0], [331.0, 77.0], [331.0, 90.0], [342.0, 105.0], [346.0, 117.0], [357.0, 132.0], [357.0, 147.0], [343.0, 161.0], [357.0, 160.0], [357.0, 175.0], [315.0, 188.0], [355.0, 184.0], [287.0, 202.0], [242.0, 241.0], [227.0, 255.0]], "conversations": [{"role": "user", "content": [{"type": "image", "image": "/home/yrquni/Downloads/Unilab/PaDT/dataset/dataset_root/images/0009205.png"}, {"type": "text", "text": "斜着走、末尾分两叉的裂缝"}]}, {"role": "assistant", "content": [{"type": "text", "text": "<|object_ref_start|><|box_start|><0><516><622><875><|box_end|><|point_start|><318><765><|point_end|>"}]}], "boxes": [{"bbox": [215.0, 0.0, 364.0, 259.0], "point": [318.4604855371901, 132.50154958677686], "phrase": "斜着走、末尾分两叉的裂缝"}], "caption": "斜着走、末尾分两叉的裂缝"}
2610877	{"image_id": "refcrack_0009205_0009205_00_3", "width": 416, "height": 416, "vrt_indices": [21, 51, 80, 109, 138, 168, 197, 227, 256, 286, 315, 343, 344, 373, 399, 402, 426, 510, 538], "patch_points": [[302.0, 5.0], [314.0, 21.0], [314.0, 34.0], [315.0, 48.0], [319.0, 58.0], [331.0, 77.0], [331.0, 90.0], [342.0, 105.0], [346.0, 117.0], [357.0, 132.0], [357.0, 147.0], [343.0, 161.0], [357.0, 160.0], [357.0, 175.0], [315.0, 188.0], [355.0, 184.0], [287.0, 202.0], [242.0, 241.0], [227.0, 255.0]], "conversations": [{"role": "user", "content": [{"type": "image", "image": "/home/yrquni/Downloads/Unilab/PaDT/dataset/dataset_root/images/0009205.png"}, {"type": "text", "text": "墙面上边、弯弯分叉的裂缝"}]}, {"role": "assistant", "content": [{"type": "text", "text": "<|object_ref_start|><|box_start|><0><516><622><875><|box_end|><|point_start|><318><765><|point_end|>"}]}], "boxes": [{"bbox": [215.0, 0.0, 364.0, 259.0], "point": [318.4604855371901, 132.50154958677686], "phrase": "墙面上边、弯弯分叉的裂缝"}], "caption": "墙面上边、弯弯分叉的裂缝"}
2644274	{"image_id": "refcrack_0009205_0009205_01_0", "width": 416, "height": 416, "vrt_indices": [419, 448, 477, 506, 535, 563, 592, 649, 678, 736, 765, 794, 823, 824], "patch_points": [[187.0, 203.0], [187.0, 216.0], [186.0, 231.0], [187.0, 244.0], [186.0, 258.0], [175.0, 273.0], [171.0, 284.0], [160.0, 314.0], [160.0, 328.0], [160.0, 356.0], [158.0, 370.0], [158.0, 385.0], [161.0, 398.0], [170.0, 401.0]], "conversations": [{"role": "user", "content": [{"type": "image", "image": "/home/yrquni/Downloads/Unilab/PaDT/dataset/dataset_root/images/0009205.png"}, {"type": "text", "text": "底部边缘竖直的裂缝"}]}, {"role": "assistant", "content": [{"type": "text", "text": "<|object_ref_start|><|box_start|><466><358><997><463><|box_end|><|point_start|><738><407><|point_end|>"}]}], "boxes": [{"bbox": [149.0, 194.0, 193.0, 415.0], "point": [169.44937176644493, 307.4013303769401], "phrase": "底部边缘竖直的裂缝"}], "caption": "底部边缘竖直的裂缝"}
2677671	{"image_id": "refcrack_0009205_0009205_01_1", "width": 416, "height": 416, "vrt_indices": [419, 448, 477, 506, 535, 563, 592, 649, 678, 736, 765, 794, 823, 824], "patch_points": [[187.0, 203.0], [187.0, 216.0], [186.0, 231.0], [187.0, 244.0], [186.0, 258.0], [175.0, 273.0], [171.0, 284.0], [160.0, 314.0], [160.0, 328.0], [160.0, 356.0], [158.0, 370.0], [158.0, 385.0], [161.0, 398.0], [170.0, 401.0]], "conversations": [{"role": "user", "content": [{"type": "image", "image": "/home/yrquni/Downloads/Unilab/PaDT/dataset/dataset_root/images/0009205.png"}, {"type": "text", "text": "从底部向上曲折延伸的裂缝"}]}, {"role": "assistant", "content": [{"type": "text", "text": "<|object_ref_start|><|box_start|><466><358><997><463><|box_end|><|point_start|><738><407><|point_end|>"}]}], "boxes": [{"bbox": [149.0, 194.0, 193.0, 415.0], "point": [169.44937176644493, 307.4013303769401], "phrase": "从底部向上曲折延伸的裂缝"}], "caption": "从底部向上曲折延伸的裂缝"}
2711068	{"image_id": "refcrack_0009205_0009205_01_3", "width": 416, "height": 416, "vrt_indices": [419, 448, 477, 506, 535, 563, 592, 649, 678, 736, 765, 794, 823, 824], "patch_points": [[187.0, 203.0], [187.0, 216.0], [186.0, 231.0], [187.0, 244.0], [186.0, 258.0], [175.0, 273.0], [171.0, 284.0], [160.0, 314.0], [160.0, 328.0], [160.0, 356.0], [158.0, 370.0], [158.0, 385.0], [161.0, 398.0], [170.0, 401.0]], "conversations": [{"role": "user", "content": [{"type": "image", "image": "/home/yrquni/Downloads/Unilab/PaDT/dataset/dataset_root/images/0009205.png"}, {"type": "text", "text": "墙面底部向上蔓延的裂缝"}]}, {"role": "assistant", "content": [{"type": "text", "text": "<|object_ref_start|><|box_start|><466><358><997><463><|box_end|><|point_start|><738><407><|point_end|>"}]}], "boxes": [{"bbox": [149.0, 194.0, 193.0, 415.0], "point": [169.44937176644493, 307.4013303769401], "phrase": "墙面底部向上蔓延的裂缝"}], "caption": "墙面底部向上蔓延的裂缝"}
2744465	{"image_id": "refcrack_0009205_0009205_01_4", "width": 416, "height": 416, "vrt_indices": [419, 448, 477, 506, 535, 563, 592, 649, 678, 736, 765, 794, 823, 824], "patch_points": [[187.0, 203.0], [187.0, 216.0], [186.0, 231.0], [187.0, 244.0], [186.0, 258.0], [175.0, 273.0], [171.0, 284.0], [160.0, 314.0], [160.0, 328.0], [160.0, 356.0], [158.0, 370.0], [158.0, 385.0], [161.0, 398.0], [170.0, 401.0]], "conversations": [{"role": "user", "content": [{"type": "image", "image": "/home/yrquni/Downloads/Unilab/PaDT/dataset/dataset_root/images/0009205.png"}, {"type": "text", "text": "底部附近呈波浪状竖直的裂缝"}]}, {"role": "assistant", "content": [{"type": "text", "text": "<|object_ref_start|><|box_start|><466><358><997><463><|box_end|><|point_start|><738><407><|point_end|>"}]}], "boxes": [{"bbox": [149.0, 194.0, 193.0, 415.0], "point": [169.44937176644493, 307.4013303769401], "phrase": "底部附近呈波浪状竖直的裂缝"}], "caption": "底部附近呈波浪状竖直的裂缝"}
2777862	{"image_id": "refcrack_0009206_0009206_00_0", "width": 416, "height": 416, "vrt_indices": [156, 157, 158, 183, 184, 186, 209, 210, 211, 216, 237, 246, 263, 290, 291, 305, 335, 365, 395], "patch_points": [[161.0, 76.0], [174.0, 76.0], [188.0, 75.0], [131.0, 88.0], [142.0, 85.0], [175.0, 89.0], [90.0, 103.0], [104.0, 102.0], [115.0, 100.0], [191.0, 103.0], [75.0, 117.0], [202.0, 118.0], [32.0, 131.0], [7.0, 147.0], [17.0, 144.0], [217.0, 146.0], [230.0, 161.0], [245.0, 174.0], [259.0, 189.0]], "conversations": [{"role": "user", "content": [{"type": "image", "image": "/home/yrquni/Downloads/Unilab/PaDT/dataset/dataset_root/images/0009206.png"}, {"type": "text", "text": "左上方呈弧形的裂缝"}]}, {"role": "assistant", "content": [{"type": "text", "text": "<|object_ref_start|><|box_start|><165><0><492><649><|box_end|><|point_start|><277><331><|point_end|>"}]}], "boxes": [{"bbox": [0.0, 69.0, 270.0, 205.0], "point": [137.75670549986452, 115.52533188837714], "phrase": "左上方呈弧形的裂缝"}], "caption": "左上方呈弧形的裂缝"}
2810567	{"image_id": "refcrack_0009206_0009206_00_1", "width": 416, "height": 416, "vrt_indices": [156, 157, 158, 183, 184, 186, 209, 210, 211, 216, 237, 246, 263, 290, 291, 305, 335, 365, 395], "patch_points": [[161.0, 76.0], [174.0, 76.0], [188.0, 75.0], [131.0, 88.0], [142.0, 85.0], [175.0, 89.0], [90.0, 103.0], [104.0, 102.0], [115.0, 100.0], [191.0, 103.0], [75.0, 117.0], [202.0, 118.0], [32.0, 131.0], [7.0, 147.0], [17.0, 144.0], [217.0, 146.0], [230.0, 161.0], [245.0, 174.0], [259.0, 189.0]], "conversations": [{"role": "user", "content": [{"type": "image", "image": "/home/yrquni/Downloads/Unilab/PaDT/dataset/dataset_root/images/0009206.png"}, {"type": "text", "text": "从左侧斜向右下弯曲的裂缝"}]}, {"role": "assistant", "content": [{"type": "text", "text": "<|object_ref_start|><|box_start|><165><0><492><649><|box_end|><|point_start|><277><331><|point_end|>"}]}], "boxes": [{"bbox": [0.0, 69.0, 270.0, 205.0], "point": [137.75670549986452, 115.52533188837714], "phrase": "从左侧斜向右下弯曲的裂缝"}], "caption": "从左侧斜向右下弯曲的裂缝"}
2843272	{"image_id": "refcrack_0009206_0009206_00_2", "width": 416, "height": 416, "vrt_indices": [156, 157, 158, 183, 184, 186, 209, 210, 211, 216, 237, 246, 263, 290, 291, 305, 335, 365, 395], "patch_points": [[161.0, 76.0], [174.0, 76.0], [188.0, 75.0], [131.0, 88.0], [142.0, 85.0], [175.0, 89.0], [90.0, 103.0], [104.0, 102.0], [115.0, 100.0], [191.0, 103.0], [75.0, 117.0], [202.0, 118.0], [32.0, 131.0], [7.0, 147.0], [17.0, 144.0], [217.0, 146.0], [230.0, 161.0], [245.0, 174.0], [259.0, 189.0]], "conversations": [{"role": "user", "content": [{"type": "image", "image": "/home/yrquni/Downloads/Unilab/PaDT/dataset/dataset_root/images/0009206.png"}, {"type": "text", "text": "比下方裂缝靠上的弯裂缝"}]}, {"role": "assistant", "content": [{"type": "text", "text": "<|object_ref_start|><|box_start|><165><0><492><649><|box_end|><|point_start|><277><331><|point_end|>"}]}], "boxes": [{"bbox": [0.0, 69.0, 270.0, 205.0], "point": [137.75670549986452, 115.52533188837714], "phrase": "比下方裂缝靠上的弯裂缝"}], "caption": "比下方裂缝靠上的弯裂缝"}
2875977	{"image_id": "refcrack_0009206_0009206_00_3", "width": 416, "height": 416, "vrt_indices": [156, 157, 158, 183, 184, 186, 209, 210, 211, 216, 237, 246, 263, 290, 291, 305, 335, 365, 395], "patch_points": [[161.0, 76.0], [174.0, 76.0], [188.0, 75.0], [131.0, 88.0], [142.0, 85.0], [175.0, 89.0], [90.0, 103.0], [104.0, 102.0], [115.0, 100.0], [191.0, 103.0], [75.0, 117.0], [202.0, 118.0], [32.0, 131.0], [7.0, 147.0], [17.0, 144.0], [217.0, 146.0], [230.0, 161.0], [245.0, 174.0], [259.0, 189.0]], "conversations": [{"role": "user", "content": [{"type": "image", "image": "/home/yrquni/Downloads/Unilab/PaDT/dataset/dataset_root/images/0009206.png"}, {"type": "text", "text": "左半部分先水平后下拐的裂缝"}]}, {"role": "assistant", "content": [{"type": "text", "text": "<|object_ref_start|><|box_start|><165><0><492><649><|box_end|><|point_start|><277><331><|point_end|>"}]}], "boxes": [{"bbox": [0.0, 69.0, 270.0, 205.0], "point": [137.75670549986452, 115.52533188837714], "phrase": "左半部分先水平后下拐的裂缝"}], "caption": "左半部分先水平后下拐的裂缝"}
2908682	{"image_id": "refcrack_0009206_0009206_00_4", "width": 416, "height": 416, "vrt_indices": [156, 157, 158, 183, 184, 186, 209, 210, 211, 216, 237, 246, 263, 290, 291, 305, 335, 365, 395], "patch_points": [[161.0, 76.0], [174.0, 76.0], [188.0, 75.0], [131.0, 88.0], [142.0, 85.0], [175.0, 89.0], [90.0, 103.0], [104.0, 102.0], [115.0, 100.0], [191.0, 103.0], [75.0, 117.0], [202.0, 118.0], [32.0, 131.0], [7.0, 147.0], [17.0, 144.0], [217.0, 146.0], [230.0, 161.0], [245.0, 174.0], [259.0, 189.0]], "conversations": [{"role": "user", "content": [{"type": "image", "image": "/home/yrquni/Downloads/Unilab/PaDT/dataset/dataset_root/images/0009206.png"}, {"type": "text", "text": "左上区域起始、带小弧度的裂缝"}]}, {"role": "assistant", "content": [{"type": "text", "text": "<|object_ref_start|><|box_start|><165><0><492><649><|box_end|><|point_start|><277><331><|point_end|>"}]}], "boxes": [{"bbox": [0.0, 69.0, 270.0, 205.0], "point": [137.75670549986452, 115.52533188837714], "phrase": "左上区域起始、带小弧度的裂缝"}], "caption": "左上区域起始、带小弧度的裂缝"}
2941387	{"image_id": "refcrack_0009206_0009206_01_2", "width": 416, "height": 416, "vrt_indices": [479, 480, 481, 482, 483, 513, 545, 548, 549], "patch_points": [[218.0, 233.0], [230.0, 233.0], [245.0, 233.0], [258.0, 232.0], [272.0, 232.0], [287.0, 244.0], [328.0, 256.0], [371.0, 256.0], [385.0, 258.0]], "conversations": [{"role": "user", "content": [{"type": "image", "image": "/home/yrquni/Downloads/Unilab/PaDT/dataset/dataset_root/images/0009206.png"}, {"type": "text", "text": "从墙中间偏右延伸到右边的裂缝"}]}, {"role": "assistant", "content": [{"type": "text", "text": "<|object_ref_start|><|box_start|><543><507><632><997><|box_end|><|point_start|><590><758><|point_end|>"}]}], "boxes": [{"bbox": [211.0, 226.0, 415.0, 263.0], "point": [315.5733788395904, 245.64377133105802], "phrase": "从墙中间偏右延伸到右边的裂缝"}], "caption": "从墙中间偏右延伸到右边的裂缝"}
2974092	{"image_id": "refcrack_0009206_0009206_01_3", "width": 416, "height": 416, "vrt_indices": [479, 480, 481, 482, 483, 513, 545, 548, 549], "patch_points": [[218.0, 233.0], [230.0, 233.0], [245.0, 233.0], [258.0, 232.0], [272.0, 232.0], [287.0, 244.0], [328.0, 256.0], [371.0, 256.0], [385.0, 258.0]], "conversations": [{"role": "user", "content": [{"type": "image", "image": "/home/yrquni/Downloads/Unilab/PaDT/dataset/dataset_root/images/0009206.png"}, {"type": "text", "text": "墙面右侧带起伏褶皱的裂缝"}]}, {"role": "assistant", "content": [{"type": "text", "text": "<|object_ref_start|><|box_start|><543><507><632><997><|box_end|><|point_start|><590><758><|point_end|>"}]}], "boxes": [{"bbox": [211.0, 226.0, 415.0, 263.0], "point": [315.5733788395904, 245.64377133105802], "phrase": "墙面右侧带起伏褶皱的裂缝"}], "caption": "墙面右侧带起伏褶皱的裂缝"}
3006797	{"image_id": "refcrack_0009207_0009207_00_0", "width": 416, "height": 416, "vrt_indices": [73, 74, 75, 76, 103, 104, 106, 107, 131, 136, 137, 159, 167, 168, 198, 216, 228, 229, 230, 244, 260, 272, 300, 328], "patch_points": [[216.0, 32.0], [231.0, 33.0], [244.0, 34.0], [258.0, 34.0], [230.0, 48.0], [242.0, 45.0], [274.0, 46.0], [286.0, 49.0], [214.0, 61.0], [290.0, 58.0], [301.0, 62.0], [201.0, 75.0], [315.0, 72.0], [330.0, 74.0], [345.0, 89.0], [184.0, 102.0], [357.0, 99.0], [370.0, 99.0], [386.0, 103.0], [173.0, 117.0], [400.0, 116.0], [159.0, 130.0], [143.0, 141.0], [128.0, 157.0]], "conversations": [{"role": "user", "content": [{"type": "image", "image": "/home/yrquni/Downloads/Unilab/PaDT/dataset/dataset_root/images/0009207.png"}, {"type": "text", "text": "上方弯成拱形的裂缝"}]}, {"role": "assistant", "content": [{"type": "text", "text": "<|object_ref_start|><|box_start|><55><276><411><997><|box_end|><|point_start|><190><647><|point_end|>"}]}], "boxes": [{"bbox": [115.0, 23.0, 415.0, 171.0], "point": [269.4110654851956, 79.1679273827534], "phrase": "上方弯成拱形的裂缝"}], "caption": "上方弯成拱形的裂缝"}
3039482	{"image_id": "refcrack_0009207_0009207_00_1", "width": 416, "height": 416, "vrt_indices": [73, 74, 75, 76, 103, 104, 106, 107, 131, 136, 137, 159, 167, 168, 198, 216, 228, 229, 230, 244, 260, 272, 300, 328], "patch_points": [[216.0, 32.0], [231.0, 33.0], [244.0, 34.0], [258.0, 34.0], [230.0, 48.0], [242.0, 45.0], [274.0, 46.0], [286.0, 49.0], [214.0, 61.0], [290.0, 58.0], [301.0, 62.0], [201.0, 75.0], [315.0, 72.0], [330.0, 74.0], [345.0, 89.0], [184.0, 102.0], [357.0, 99.0], [370.0, 99.0], [386.0, 103.0], [173.0, 117.0], [400.0, 116.0], [159.0, 130.0], [143.0, 141.0], [128.0, 157.0]], "conversations": [{"role": "user", "content": [{"type": "image", "image": "/home/yrquni/Downloads/Unilab/PaDT/dataset/dataset_root/images/0009207.png"}, {"type": "text", "text": "从左边偏上开始，先往上再往右的裂缝"}]}, {"role": "assistant", "content": [{"type": "text", "text": "<|object_ref_start|><|box_start|><55><276><411><997><|box_end|><|point_start|><190><647><|point_end|>"}]}], "boxes": [{"bbox": [115.0, 23.0, 415.0, 171.0], "point": [269.4110654851956, 79.1679273827534], "phrase": "从左边偏上开始，先往上再往右的裂缝"}], "caption": "从左边偏上开始，先往上再往右的裂缝"}
3072167	{"image_id": "refcrack_0009207_0009207_00_2", "width": 416, "height": 416, "vrt_indices": [73, 74, 75, 76, 103, 104, 106, 107, 131, 136, 137, 159, 167, 168, 198, 216, 228, 229, 230, 244, 260, 272, 300, 328], "patch_points": [[216.0, 32.0], [231.0, 33.0], [244.0, 34.0], [258.0, 34.0], [230.0, 48.0], [242.0, 45.0], [274.0, 46.0], [286.0, 49.0], [214.0, 61.0], [290.0, 58.0], [301.0, 62.0], [201.0, 75.0], [315.0, 72.0], [330.0, 74.0], [345.0, 89.0], [184.0, 102.0], [357.0, 99.0], [370.0, 99.0], [386.0, 103.0], [173.0, 117.0], [400.0, 116.0], [159.0, 130.0], [143.0, 141.0], [128.0, 157.0]], "conversations": [{"role": "user", "content": [{"type": "image", "image": "/home/yrquni/Downloads/Unilab/PaDT/dataset/dataset_root/images/0009207.png"}, {"type": "text", "text": "比左边那条裂缝靠上的弧形裂缝"}]}, {"role": "assistant", "content": [{"type": "text", "text": "<|object_ref_start|><|box_start|><55><276><411><997><|box_end|><|point_start|><190><647><|point_end|>"}]}], "boxes": [{"bbox": [115.0, 23.0, 415.0, 171.0], "point": [269.4110654851956, 79.1679273827534], "phrase": "比左边那条裂缝靠上的弧形裂缝"}], "caption": "比左边那条裂缝靠上的弧形裂缝"}
3104852	{"image_id": "refcrack_0009207_0009207_00_3", "width": 416, "height": 416, "vrt_indices": [73, 74, 75, 76, 103, 104, 106, 107, 131, 136, 137, 159, 167, 168, 198, 216, 228, 229, 230, 244, 260, 272, 300, 328], "patch_points": [[216.0, 32.0], [231.0, 33.0], [244.0, 34.0], [258.0, 34.0], [230.0, 48.0], [242.0, 45.0], [274.0, 46.0], [286.0, 49.0], [214.0, 61.0], [290.0, 58.0], [301.0, 62.0], [201.0, 75.0], [315.0, 72.0], [330.0, 74.0], [345.0, 89.0], [184.0, 102.0], [357.0, 99.0], [370.0, 99.0], [386.0, 103.0], [173.0, 117.0], [400.0, 116.0], [159.0, 130.0], [143.0, 141.0], [128.0, 157.0]], "conversations": [{"role": "user", "content": [{"type": "image", "image": "/home/yrquni/Downloads/Unilab/PaDT/dataset/dataset_root/images/0009207.png"}, {"type": "text", "text": "上部区域里，先往上拱再平着向右的裂缝"}]}, {"role": "assistant", "content": [{"type": "text", "text": "<|object_ref_start|><|box_start|><55><276><411><997><|box_end|><|point_start|><190><647><|point_end|>"}]}], "boxes": [{"bbox": [115.0, 23.0, 415.0, 171.0], "point": [269.4110654851956, 79.1679273827534], "phrase": "上部区域里，先往上拱再平着向右的裂缝"}], "caption": "上部区域里，先往上拱再平着向右的裂缝"}
3137537	{"image_id": "refcrack_0009207_0009207_00_4", "width": 416, "height": 416, "vrt_indices": [73, 74, 75, 76, 103, 104, 106, 107, 131, 136, 137, 159, 167, 168, 198, 216, 228, 229, 230, 244, 260, 272, 300, 328], "patch_points": [[216.0, 32.0], [231.0, 33.0], [244.0, 34.0], [258.0, 34.0], [230.0, 48.0], [242.0, 45.0], [274.0, 46.0], [286.0, 49.0], [214.0, 61.0], [290.0, 58.0], [301.0, 62.0], [201.0, 75.0], [315.0, 72.0], [330.0, 74.0], [345.0, 89.0], [184.0, 102.0], [357.0, 99.0], [370.0, 99.0], [386.0, 103.0], [173.0, 117.0], [400.0, 116.0], [159.0, 130.0], [143.0, 141.0], [128.0, 157.0]], "conversations": [{"role": "user", "content": [{"type": "image", "image": "/home/yrquni/Downloads/Unilab/PaDT/dataset/dataset_root/images/0009207.png"}, {"type": "text", "text": "偏上的位置，形状像小山坡、线条有点抖的裂缝"}]}, {"role": "assistant", "content": [{"type": "text", "text": "<|object_ref_start|><|box_start|><55><276><411><997><|box_end|><|point_start|><190><647><|point_end|>"}]}], "boxes": [{"bbox": [115.0, 23.0, 415.0, 171.0], "point": [269.4110654851956, 79.1679273827534], "phrase": "偏上的位置，形状像小山坡、线条有点抖的裂缝"}], "caption": "偏上的位置，形状像小山坡、线条有点抖的裂缝"}
3170222	{"image_id": "refcrack_0009207_0009207_01_0", "width": 416, "height": 416, "vrt_indices": [414, 415, 435, 436, 437, 438, 439, 441, 447, 467], "patch_points": [[118.0, 202.0], [132.0, 204.0], [6.0, 216.0], [21.0, 217.0], [34.0, 218.0], [49.0, 219.0], [62.0, 219.0], [90.0, 214.0], [173.0, 214.0], [48.0, 226.0]], "conversations": [{"role": "user", "content": [{"type": "image", "image": "/home/yrquni/Downloads/Unilab/PaDT/dataset/dataset_root/images/0009207.png"}, {"type": "text", "text": "左边偏下的一道弯曲短缝"}]}, {"role": "assistant", "content": [{"type": "text", "text": "<|object_ref_start|><|box_start|><471><0><552><425><|box_end|><|point_start|><511><216><|point_end|>"}]}], "boxes": [{"bbox": [0.0, 196.0, 177.0, 230.0], "point": [89.91122127084272, 212.59801712483102], "phrase": "左边偏下的一道弯曲短缝"}], "caption": "左边偏下的一道弯曲短缝"}
3202907	{"image_id": "refcrack_0009207_0009207_01_1", "width": 416, "height": 416, "vrt_indices": [414, 415, 435, 436, 437, 438, 439, 441, 447, 467], "patch_points": [[118.0, 202.0], [132.0, 204.0], [6.0, 216.0], [21.0, 217.0], [34.0, 218.0], [49.0, 219.0], [62.0, 219.0], [90.0, 214.0], [173.0, 214.0], [48.0, 226.0]], "conversations": [{"role": "user", "content": [{"type": "image", "image": "/home/yrquni/Downloads/Unilab/PaDT/dataset/dataset_root/images/0009207.png"}, {"type": "text", "text": "靠近左边缘、呈波浪样的裂缝"}]}, {"role": "assistant", "content": [{"type": "text", "text": "<|object_ref_start|><|box_start|><471><0><552><425><|box_end|><|point_start|><511><216><|point_end|>"}]}], "boxes": [{"bbox": [0.0, 196.0, 177.0, 230.0], "point": [89.91122127084272, 212.59801712483102], "phrase": "靠近左边缘、呈波浪样的裂缝"}], "caption": "靠近左边缘、呈波浪样的裂缝"}
3235592	{"image_id": "refcrack_0009207_0009207_01_3", "width": 416, "height": 416, "vrt_indices": [414, 415, 435, 436, 437, 438, 439, 441, 447, 467], "patch_points": [[118.0, 202.0], [132.0, 204.0], [6.0, 216.0], [21.0, 217.0], [34.0, 218.0], [49.0, 219.0], [62.0, 219.0], [90.0, 214.0], [173.0, 214.0], [48.0, 226.0]], "conversations": [{"role": "user", "content": [{"type": "image", "image": "/home/yrquni/Downloads/Unilab/PaDT/dataset/dataset_root/images/0009207.png"}, {"type": "text", "text": "左部、走势平缓带起伏的缝"}]}, {"role": "assistant", "content": [{"type": "text", "text": "<|object_ref_start|><|box_start|><471><0><552><425><|box_end|><|point_start|><511><216><|point_end|>"}]}], "boxes": [{"bbox": [0.0, 196.0, 177.0, 230.0], "point": [89.91122127084272, 212.59801712483102], "phrase": "左部、走势平缓带起伏的缝"}], "caption": "左部、走势平缓带起伏的缝"}
3268277	{"image_id": "refcrack_0009214_0009214_00_3", "width": 416, "height": 416, "vrt_indices": [123, 151, 357], "patch_points": [[99.0, 58.0], [90.0, 77.0], [132.0, 171.0]], "conversations": [{"role": "user", "content": [{"type": "image", "image": "/home/yrquni/Downloads/Unilab/PaDT/dataset/dataset_root/images/0009214.png"}, {"type": "text", "text": "整体呈波浪状、位置偏左上的裂缝"}]}, {"role": "assistant", "content": [{"type": "text", "text": "<|object_ref_start|><|box_start|><36><204><418><331><|box_end|><|point_start|><235><254><|point_end|>"}]}], "boxes": [{"bbox": [85.0, 15.0, 138.0, 174.0], "point": [105.93419983753046, 97.90170593013809], "phrase": "整体呈波浪状、位置偏左上的裂缝"}], "caption": "整体呈波浪状、位置偏左上的裂缝"}
3304262	{"image_id": "refcrack_0009214_0009214_01_0", "width": 416, "height": 416, "vrt_indices": [331, 360, 447, 536, 537, 596, 625, 683, 740, 769, 827], "patch_points": [[172.0, 161.0], [171.0, 173.0], [174.0, 216.0], [201.0, 257.0], [217.0, 259.0], [228.0, 287.0], [233.0, 300.0], [231.0, 329.0], [217.0, 357.0], [214.0, 370.0], [217.0, 399.0]], "conversations": [{"role": "user", "content": [{"type": "image", "image": "/home/yrquni/Downloads/Unilab/PaDT/dataset/dataset_root/images/0009214.png"}, {"type": "text", "text": "中间偏下蜿蜒着向下的长裂缝"}]}, {"role": "assistant", "content": [{"type": "text", "text": "<|object_ref_start|><|box_start|><314><384><997><581><|box_end|><|point_start|><661><487><|point_end|>"}]}], "boxes": [{"bbox": [160.0, 131.0, 242.0, 415.0], "point": [202.68250539956804, 274.9766738660907], "phrase": "中间偏下蜿蜒着向下的长裂缝"}], "caption": "中间偏下蜿蜒着向下的长裂缝"}
3340247	{"image_id": "refcrack_0009214_0009214_01_1", "width": 416, "height": 416, "vrt_indices": [331, 360, 447, 536, 537, 596, 625, 683, 740, 769, 827], "patch_points": [[172.0, 161.0], [171.0, 173.0], [174.0, 216.0], [201.0, 257.0], [217.0, 259.0], [228.0, 287.0], [233.0, 300.0], [231.0, 329.0], [217.0, 357.0], [214.0, 370.0], [217.0, 399.0]], "conversations": [{"role": "user", "content": [{"type": "image", "image": "/home/yrquni/Downloads/Unilab/PaDT/dataset/dataset_root/images/0009214.png"}, {"type": "text", "text": "左边那条裂缝的右边，曲折往下的裂缝"}]}, {"role": "assistant", "content": [{"type": "text", "text": "<|object_ref_start|><|box_start|><314><384><997><581><|box_end|><|point_start|><661><487><|point_end|>"}]}], "boxes": [{"bbox": [160.0, 131.0, 242.0, 415.0], "point": [202.68250539956804, 274.9766738660907], "phrase": "左边那条裂缝的右边，曲折往下的裂缝"}], "caption": "左边那条裂缝的右边，曲折往下的裂缝"}
3376232	{"image_id": "refcrack_0009214_0009214_01_2", "width": 416, "height": 416, "vrt_indices": [331, 360, 447, 536, 537, 596, 625, 683, 740, 769, 827], "patch_points": [[172.0, 161.0], [171.0, 173.0], [174.0, 216.0], [201.0, 257.0], [217.0, 259.0], [228.0, 287.0], [233.0, 300.0], [231.0, 329.0], [217.0, 357.0], [214.0, 370.0], [217.0, 399.0]], "conversations": [{"role": "user", "content": [{"type": "image", "image": "/home/yrquni/Downloads/Unilab/PaDT/dataset/dataset_root/images/0009214.png"}, {"type": "text", "text": "从上方小深色印子下面开始，拐来拐去直到下边的裂缝"}]}, {"role": "assistant", "content": [{"type": "text", "text": "<|object_ref_start|><|box_start|><314><384><997><581><|box_end|><|point_start|><661><487><|point_end|>"}]}], "boxes": [{"bbox": [160.0, 131.0, 242.0, 415.0], "point": [202.68250539956804, 274.9766738660907], "phrase": "从上方小深色印子下面开始，拐来拐去直到下边的裂缝"}], "caption": "从上方小深色印子下面开始，拐来拐去直到下边的裂缝"}
3412217	{"image_id": "refcrack_0009214_0009214_01_3", "width": 416, "height": 416, "vrt_indices": [331, 360, 447, 536, 537, 596, 625, 683, 740, 769, 827], "patch_points": [[172.0, 161.0], [171.0, 173.0], [174.0, 216.0], [201.0, 257.0], [217.0, 259.0], [228.0, 287.0], [233.0, 300.0], [231.0, 329.0], [217.0, 357.0], [214.0, 370.0], [217.0, 399.0]], "conversations": [{"role": "user", "content": [{"type": "image", "image": "/home/yrquni/Downloads/Unilab/PaDT/dataset/dataset_root/images/0009214.png"}, {"type": "text", "text": "带着好几个小弯、大体竖着往下的裂缝"}]}, {"role": "assistant", "content": [{"type": "text", "text": "<|object_ref_start|><|box_start|><314><384><997><581><|box_end|><|point_start|><661><487><|point_end|>"}]}], "boxes": [{"bbox": [160.0, 131.0, 242.0, 415.0], "point": [202.68250539956804, 274.9766738660907], "phrase": "带着好几个小弯、大体竖着往下的裂缝"}], "caption": "带着好几个小弯、大体竖着往下的裂缝"}
3448202	{"image_id": "refcrack_0009214_0009214_01_4", "width": 416, "height": 416, "vrt_indices": [331, 360, 447, 536, 537, 596, 625, 683, 740, 769, 827], "patch_points": [[172.0, 161.0], [171.0, 173.0], [174.0, 216.0], [201.0, 257.0], [217.0, 259.0], [228.0, 287.0], [233.0, 300.0], [231.0, 329.0], [217.0, 357.0], [214.0, 370.0], [217.0, 399.0]], "conversations": [{"role": "user", "content": [{"type": "image", "image": "/home/yrquni/Downloads/Unilab/PaDT/dataset/dataset_root/images/0009214.png"}, {"type": "text", "text": "水泥面上，从偏上的小痕迹旁边开始，一路波浪似的往下的裂缝"}]}, {"role": "assistant", "content": [{"type": "text", "text": "<|object_ref_start|><|box_start|><314><384><997><581><|box_end|><|point_start|><661><487><|point_end|>"}]}], "boxes": [{"bbox": [160.0, 131.0, 242.0, 415.0], "point": [202.68250539956804, 274.9766738660907], "phrase": "水泥面上，从偏上的小痕迹旁边开始，一路波浪似的往下的裂缝"}], "caption": "水泥面上，从偏上的小痕迹旁边开始，一路波浪似的往下的裂缝"}
3484187	{"image_id": "refcrack_0009215_0009215_01_0", "width": 416, "height": 416, "vrt_indices": [248, 277, 365, 394, 423, 480, 509, 682, 712, 742], "patch_points": [[228.0, 119.0], [227.0, 132.0], [244.0, 175.0], [243.0, 189.0], [240.0, 202.0], [229.0, 231.0], [229.0, 244.0], [216.0, 329.0], [230.0, 343.0], [244.0, 357.0]], "conversations": [{"role": "user", "content": [{"type": "image", "image": "/home/yrquni/Downloads/Unilab/PaDT/dataset/dataset_root/images/0009215.png"}, {"type": "text", "text": "偏下区域呈Z字形延伸的裂缝"}]}, {"role": "assistant", "content": [{"type": "text", "text": "<|object_ref_start|><|box_start|><264><483><992><632><|box_end|><|point_start|><638><551><|point_end|>"}]}], "boxes": [{"bbox": [201.0, 110.0, 263.0, 413.0], "point": [229.3571150097466, 265.63391812865495], "phrase": "偏下区域呈Z字形延伸的裂缝"}], "caption": "偏下区域呈Z字形延伸的裂缝"}
3522276	{"image_id": "refcrack_0009215_0009215_01_4", "width": 416, "height": 416, "vrt_indices": [248, 277, 365, 394, 423, 480, 509, 682, 712, 742], "patch_points": [[228.0, 119.0], [227.0, 132.0], [244.0, 175.0], [243.0, 189.0], [240.0, 202.0], [229.0, 231.0], [229.0, 244.0], [216.0, 329.0], [230.0, 343.0], [244.0, 357.0]], "conversations": [{"role": "user", "content": [{"type": "image", "image": "/home/yrquni/Downloads/Unilab/PaDT/dataset/dataset_root/images/0009215.png"}, {"type": "text", "text": "从小黑斑下边开始向下扭曲的裂缝"}]}, {"role": "assistant", "content": [{"type": "text", "text": "<|object_ref_start|><|box_start|><264><483><992><632><|box_end|><|point_start|><638><551><|point_end|>"}]}], "boxes": [{"bbox": [201.0, 110.0, 263.0, 413.0], "point": [229.3571150097466, 265.63391812865495], "phrase": "从小黑斑下边开始向下扭曲的裂缝"}], "caption": "从小黑斑下边开始向下扭曲的裂缝"}
3560365	{"image_id": "refcrack_0009216_0009216_00_0", "width": 416, "height": 416, "vrt_indices": [262, 294, 324, 354, 360, 362, 363, 366, 384, 396, 397, 398, 417], "patch_points": [[20.0, 135.0], [62.0, 147.0], [76.0, 161.0], [89.0, 175.0], [175.0, 175.0], [202.0, 171.0], [216.0, 170.0], [259.0, 174.0], [104.0, 191.0], [273.0, 187.0], [286.0, 187.0], [300.0, 188.0], [158.0, 198.0]], "conversations": [{"role": "user", "content": [{"type": "image", "image": "/home/yrquni/Downloads/Unilab/PaDT/dataset/dataset_root/images/0009216.png"}, {"type": "text", "text": "从左到右蜿蜒穿过画面的裂缝"}]}, {"role": "assistant", "content": [{"type": "text", "text": "<|object_ref_start|><|box_start|><288><24><480><735><|box_end|><|point_start|><413><365><|point_end|>"}]}], "boxes": [{"bbox": [10.0, 120.0, 306.0, 200.0], "point": [151.87118245888803, 171.83594361785435], "phrase": "从左到右蜿蜒穿过画面的裂缝"}], "caption": "从左到右蜿蜒穿过画面的裂缝"}
3597682	{"image_id": "refcrack_0009216_0009216_00_3", "width": 416, "height": 416, "vrt_indices": [262, 294, 324, 354, 360, 362, 363, 366, 384, 396, 397, 398, 417], "patch_points": [[20.0, 135.0], [62.0, 147.0], [76.0, 161.0], [89.0, 175.0], [175.0, 175.0], [202.0, 171.0], [216.0, 170.0], [259.0, 174.0], [104.0, 191.0], [273.0, 187.0], [286.0, 187.0], [300.0, 188.0], [158.0, 198.0]], "conversations": [{"role": "user", "content": [{"type": "image", "image": "/home/yrquni/Downloads/Unilab/PaDT/dataset/dataset_root/images/0009216.png"}, {"type": "text", "text": "左端开始向右、线条波浪状的裂缝"}]}, {"role": "assistant", "content": [{"type": "text", "text": "<|object_ref_start|><|box_start|><288><24><480><735><|box_end|><|point_start|><413><365><|point_end|>"}]}], "boxes": [{"bbox": [10.0, 120.0, 306.0, 200.0], "point": [151.87118245888803, 171.83594361785435], "phrase": "左端开始向右、线条波浪状的裂缝"}], "caption": "左端开始向右、线条波浪状的裂缝"}
3634999	{"image_id": "refcrack_0009216_0009216_00_4", "width": 416, "height": 416, "vrt_indices": [262, 294, 324, 354, 360, 362, 363, 366, 384, 396, 397, 398, 417], "patch_points": [[20.0, 135.0], [62.0, 147.0], [76.0, 161.0], [89.0, 175.0], [175.0, 175.0], [202.0, 171.0], [216.0, 170.0], [259.0, 174.0], [104.0, 191.0], [273.0, 187.0], [286.0, 187.0], [300.0, 188.0], [158.0, 198.0]], "conversations": [{"role": "user", "content": [{"type": "image", "image": "/home/yrquni/Downloads/Unilab/PaDT/dataset/dataset_root/images/0009216.png"}, {"type": "text", "text": "从左侧起始一路曲折到中右的裂缝"}]}, {"role": "assistant", "content": [{"type": "text", "text": "<|object_ref_start|><|box_start|><288><24><480><735><|box_end|><|point_start|><413><365><|point_end|>"}]}], "boxes": [{"bbox": [10.0, 120.0, 306.0, 200.0], "point": [151.87118245888803, 171.83594361785435], "phrase": "从左侧起始一路曲折到中右的裂缝"}], "caption": "从左侧起始一路曲折到中右的裂缝"}
3672316	{"image_id": "refcrack_0009216_0009216_01_0", "width": 416, "height": 416, "vrt_indices": [310, 311, 312, 314, 317], "patch_points": [[286.0, 144.0], [299.0, 142.0], [315.0, 142.0], [343.0, 142.0], [386.0, 142.0]], "conversations": [{"role": "user", "content": [{"type": "image", "image": "/home/yrquni/Downloads/Unilab/PaDT/dataset/dataset_root/images/0009216.png"}, {"type": "text", "text": "右侧一段曲折的裂缝"}]}, {"role": "assistant", "content": [{"type": "text", "text": "<|object_ref_start|><|box_start|><312><665><406><997><|box_end|><|point_start|><342><837><|point_end|>"}]}], "boxes": [{"bbox": [277.0, 130.0, 415.0, 169.0], "point": [348.3891891891892, 142.67477477477476], "phrase": "右侧一段曲折的裂缝"}], "caption": "右侧一段曲折的裂缝"}
3709633	{"image_id": "refcrack_0009216_0009216_01_1", "width": 416, "height": 416, "vrt_indices": [310, 311, 312, 314, 317], "patch_points": [[286.0, 144.0], [299.0, 142.0], [315.0, 142.0], [343.0, 142.0], [386.0, 142.0]], "conversations": [{"role": "user", "content": [{"type": "image", "image": "/home/yrquni/Downloads/Unilab/PaDT/dataset/dataset_root/images/0009216.png"}, {"type": "text", "text": "右上角附近起伏走势的裂缝"}]}, {"role": "assistant", "content": [{"type": "text", "text": "<|object_ref_start|><|box_start|><312><665><406><997><|box_end|><|point_start|><342><837><|point_end|>"}]}], "boxes": [{"bbox": [277.0, 130.0, 415.0, 169.0], "point": [348.3891891891892, 142.67477477477476], "phrase": "右上角附近起伏走势的裂缝"}], "caption": "右上角附近起伏走势的裂缝"}
3746950	{"image_id": "refcrack_0009216_0009216_01_2", "width": 416, "height": 416, "vrt_indices": [310, 311, 312, 314, 317], "patch_points": [[286.0, 144.0], [299.0, 142.0], [315.0, 142.0], [343.0, 142.0], [386.0, 142.0]], "conversations": [{"role": "user", "content": [{"type": "image", "image": "/home/yrquni/Downloads/Unilab/PaDT/dataset/dataset_root/images/0009216.png"}, {"type": "text", "text": "和左侧深色裂缝连在一起的右上段裂缝"}]}, {"role": "assistant", "content": [{"type": "text", "text": "<|object_ref_start|><|box_start|><312><665><406><997><|box_end|><|point_start|><342><837><|point_end|>"}]}], "boxes": [{"bbox": [277.0, 130.0, 415.0, 169.0], "point": [348.3891891891892, 142.67477477477476], "phrase": "和左侧深色裂缝连在一起的右上段裂缝"}], "caption": "和左侧深色裂缝连在一起的右上段裂缝"}
3784267	{"image_id": "refcrack_0009216_0009216_01_3", "width": 416, "height": 416, "vrt_indices": [310, 311, 312, 314, 317], "patch_points": [[286.0, 144.0], [299.0, 142.0], [315.0, 142.0], [343.0, 142.0], [386.0, 142.0]], "conversations": [{"role": "user", "content": [{"type": "image", "image": "/home/yrquni/Downloads/Unilab/PaDT/dataset/dataset_root/images/0009216.png"}, {"type": "text", "text": "右上区域折线形、边缘利落的裂缝"}]}, {"role": "assistant", "content": [{"type": "text", "text": "<|object_ref_start|><|box_start|><312><665><406><997><|box_end|><|point_start|><342><837><|point_end|>"}]}], "boxes": [{"bbox": [277.0, 130.0, 415.0, 169.0], "point": [348.3891891891892, 142.67477477477476], "phrase": "右上区域折线形、边缘利落的裂缝"}], "caption": "右上区域折线形、边缘利落的裂缝"}
3821584	{"image_id": "refcrack_0009216_0009216_01_4", "width": 416, "height": 416, "vrt_indices": [310, 311, 312, 314, 317], "patch_points": [[286.0, 144.0], [299.0, 142.0], [315.0, 142.0], [343.0, 142.0], [386.0, 142.0]], "conversations": [{"role": "user", "content": [{"type": "image", "image": "/home/yrquni/Downloads/Unilab/PaDT/dataset/dataset_root/images/0009216.png"}, {"type": "text", "text": "深色斑点上方延伸出、曲折向右的裂缝"}]}, {"role": "assistant", "content": [{"type": "text", "text": "<|object_ref_start|><|box_start|><312><665><406><997><|box_end|><|point_start|><342><837><|point_end|>"}]}], "boxes": [{"bbox": [277.0, 130.0, 415.0, 169.0], "point": [348.3891891891892, 142.67477477477476], "phrase": "深色斑点上方延伸出、曲折向右的裂缝"}], "caption": "深色斑点上方延伸出、曲折向右的裂缝"}
3858901	{"image_id": "refcrack_0009253_0009253_01_1", "width": 416, "height": 416, "vrt_indices": [666, 690, 694, 720, 723, 751, 779, 809], "patch_points": [[400.0, 317.0], [328.0, 329.0], [386.0, 329.0], [343.0, 341.0], [383.0, 342.0], [370.0, 356.0], [360.0, 371.0], [369.0, 386.0]], "conversations": [{"role": "user", "content": [{"type": "image", "image": "/home/yrquni/Downloads/Unilab/PaDT/dataset/dataset_root/images/0009253.png"}, {"type": "text", "text": "靠近图片右下角、带有小分支的裂缝"}]}, {"role": "assistant", "content": [{"type": "text", "text": "<|object_ref_start|><|box_start|><711><764><963><997><|box_end|><|point_start|><831><885><|point_end|>"}]}], "boxes": [{"bbox": [318.0, 296.0, 415.0, 401.0], "point": [368.21402042711236, 346.0622098421541], "phrase": "靠近图片右下角、带有小分支的裂缝"}], "caption": "靠近图片右下角、带有小分支的裂缝"}
3923502	{"image_id": "refcrack_0009254_0009254_00_1", "width": 416, "height": 416, "vrt_indices": [214, 243, 273, 303, 332, 362, 392, 421, 450, 480, 539, 568, 656], "patch_points": [[158.0, 106.0], [162.0, 117.0], [175.0, 132.0], [186.0, 148.0], [191.0, 160.0], [204.0, 173.0], [213.0, 189.0], [215.0, 202.0], [219.0, 216.0], [230.0, 231.0], [244.0, 259.0], [246.0, 272.0], [255.0, 315.0]], "conversations": [{"role": "user", "content": [{"type": "image", "image": "/home/yrquni/Downloads/Unilab/PaDT/dataset/dataset_root/images/0009254.png"}, {"type": "text", "text": "从草丛附近往右下延伸的弯曲裂缝"}]}, {"role": "assistant", "content": [{"type": "text", "text": "<|object_ref_start|><|box_start|><177><343><778><625><|box_end|><|point_start|><462><496><|point_end|>"}]}], "boxes": [{"bbox": [143.0, 74.0, 260.0, 324.0], "point": [206.41149773071103, 192.5211800302572], "phrase": "从草丛附近往右下延伸的弯曲裂缝"}], "caption": "从草丛附近往右下延伸的弯曲裂缝"}
3990731	{"image_id": "refcrack_0009254_0009254_00_2", "width": 416, "height": 416, "vrt_indices": [214, 243, 273, 303, 332, 362, 392, 421, 450, 480, 539, 568, 656], "patch_points": [[158.0, 106.0], [162.0, 117.0], [175.0, 132.0], [186.0, 148.0], [191.0, 160.0], [204.0, 173.0], [213.0, 189.0], [215.0, 202.0], [219.0, 216.0], [230.0, 231.0], [244.0, 259.0], [246.0, 272.0], [255.0, 315.0]], "conversations": [{"role": "user", "content": [{"type": "image", "image": "/home/yrquni/Downloads/Unilab/PaDT/dataset/dataset_root/images/0009254.png"}, {"type": "text", "text": "水泥地面左侧草丛旁，斜向下的裂缝"}]}, {"role": "assistant", "content": [{"type": "text", "text": "<|object_ref_start|><|box_start|><177><343><778><625><|box_end|><|point_start|><462><496><|point_end|>"}]}], "boxes": [{"bbox": [143.0, 74.0, 260.0, 324.0], "point": [206.41149773071103, 192.5211800302572], "phrase": "水泥地面左侧草丛旁，斜向下的裂缝"}], "caption": "水泥地面左侧草丛旁，斜向下的裂缝"}
4057960	{"image_id": "refcrack_0009254_0009254_00_4", "width": 416, "height": 416, "vrt_indices": [214, 243, 273, 303, 332, 362, 392, 421, 450, 480, 539, 568, 656], "patch_points": [[158.0, 106.0], [162.0, 117.0], [175.0, 132.0], [186.0, 148.0], [191.0, 160.0], [204.0, 173.0], [213.0, 189.0], [215.0, 202.0], [219.0, 216.0], [230.0, 231.0], [244.0, 259.0], [246.0, 272.0], [255.0, 315.0]], "conversations": [{"role": "user", "content": [{"type": "image", "image": "/home/yrquni/Downloads/Unilab/PaDT/dataset/dataset_root/images/0009254.png"}, {"type": "text", "text": "左上角草丛右下方，斜向下去、走势蜿蜒、长度至中下部的裂缝"}]}, {"role": "assistant", "content": [{"type": "text", "text": "<|object_ref_start|><|box_start|><177><343><778><625><|box_end|><|point_start|><462><496><|point_end|>"}]}], "boxes": [{"bbox": [143.0, 74.0, 260.0, 324.0], "point": [206.41149773071103, 192.5211800302572], "phrase": "左上角草丛右下方，斜向下去、走势蜿蜒、长度至中下部的裂缝"}], "caption": "左上角草丛右下方，斜向下去、走势蜿蜒、长度至中下部的裂缝"}
4125189	{"image_id": "refcrack_0009254_0009254_01_3", "width": 416, "height": 416, "vrt_indices": [662, 691, 692, 722, 752, 753, 780, 808, 837], "patch_points": [[344.0, 318.0], [345.0, 325.0], [357.0, 328.0], [371.0, 342.0], [384.0, 357.0], [398.0, 356.0], [372.0, 373.0], [357.0, 385.0], [354.0, 398.0]], "conversations": [{"role": "user", "content": [{"type": "image", "image": "/home/yrquni/Downloads/Unilab/PaDT/dataset/dataset_root/images/0009254.png"}, {"type": "text", "text": "几条裂缝中，最靠右下且末端分岔的那道"}]}, {"role": "assistant", "content": [{"type": "text", "text": "<|object_ref_start|><|box_start|><757><810><983><997><|box_end|><|point_start|><864><892><|point_end|>"}]}], "boxes": [{"bbox": [337.0, 315.0, 415.0, 409.0], "point": [371.43552701979667, 359.4815409309791], "phrase": "几条裂缝中，最靠右下且末端分岔的那道"}], "caption": "几条裂缝中，最靠右下且末端分岔的那道"}
4192418	{"image_id": "refcrack_0009255_0009255_00_1", "width": 416, "height": 416, "vrt_indices": [136, 165, 193, 221, 222, 250, 307, 335, 364, 421, 450, 478, 507, 536, 622], "patch_points": [[286.0, 63.0], [283.0, 75.0], [273.0, 91.0], [260.0, 105.0], [269.0, 102.0], [256.0, 117.0], [242.0, 145.0], [229.0, 160.0], [227.0, 174.0], [217.0, 203.0], [213.0, 215.0], [203.0, 230.0], [199.0, 244.0], [198.0, 258.0], [190.0, 300.0]], "conversations": [{"role": "user", "content": [{"type": "image", "image": "/home/yrquni/Downloads/Unilab/PaDT/dataset/dataset_root/images/0009255.png"}, {"type": "text", "text": "从下方裂缝处往上，紧邻草株的主裂缝"}]}, {"role": "assistant", "content": [{"type": "text", "text": "<|object_ref_start|><|box_start|><112><444><742><701><|box_end|><|point_start|><416><557><|point_end|>"}]}], "boxes": [{"bbox": [185.0, 47.0, 292.0, 309.0], "point": [231.89539899352982, 173.3511861969806], "phrase": "从下方裂缝处往上，紧邻草株的主裂缝"}], "caption": "从下方裂缝处往上，紧邻草株的主裂缝"}
4279471	{"image_id": "refcrack_0009255_0009255_00_2", "width": 416, "height": 416, "vrt_indices": [136, 165, 193, 221, 222, 250, 307, 335, 364, 421, 450, 478, 507, 536, 622], "patch_points": [[286.0, 63.0], [283.0, 75.0], [273.0, 91.0], [260.0, 105.0], [269.0, 102.0], [256.0, 117.0], [242.0, 145.0], [229.0, 160.0], [227.0, 174.0], [217.0, 203.0], [213.0, 215.0], [203.0, 230.0], [199.0, 244.0], [198.0, 258.0], [190.0, 300.0]], "conversations": [{"role": "user", "content": [{"type": "image", "image": "/home/yrquni/Downloads/Unilab/PaDT/dataset/dataset_root/images/0009255.png"}, {"type": "text", "text": "右侧草边纵向贯穿路面的裂缝"}]}, {"role": "assistant", "content": [{"type": "text", "text": "<|object_ref_start|><|box_start|><112><444><742><701><|box_end|><|point_start|><416><557><|point_end|>"}]}], "boxes": [{"bbox": [185.0, 47.0, 292.0, 309.0], "point": [231.89539899352982, 173.3511861969806], "phrase": "右侧草边纵向贯穿路面的裂缝"}], "caption": "右侧草边纵向贯穿路面的裂缝"}
4366524	{"image_id": "refcrack_0009255_0009255_00_3", "width": 416, "height": 416, "vrt_indices": [136, 165, 193, 221, 222, 250, 307, 335, 364, 421, 450, 478, 507, 536, 622], "patch_points": [[286.0, 63.0], [283.0, 75.0], [273.0, 91.0], [260.0, 105.0], [269.0, 102.0], [256.0, 117.0], [242.0, 145.0], [229.0, 160.0], [227.0, 174.0], [217.0, 203.0], [213.0, 215.0], [203.0, 230.0], [199.0, 244.0], [198.0, 258.0], [190.0, 300.0]], "conversations": [{"role": "user", "content": [{"type": "image", "image": "/home/yrquni/Downloads/Unilab/PaDT/dataset/dataset_root/images/0009255.png"}, {"type": "text", "text": "灰色路面上，临近草、形态微曲的纵向裂缝"}]}, {"role": "assistant", "content": [{"type": "text", "text": "<|object_ref_start|><|box_start|><112><444><742><701><|box_end|><|point_start|><416><557><|point_end|>"}]}], "boxes": [{"bbox": [185.0, 47.0, 292.0, 309.0], "point": [231.89539899352982, 173.3511861969806], "phrase": "灰色路面上，临近草、形态微曲的纵向裂缝"}], "caption": "灰色路面上，临近草、形态微曲的纵向裂缝"}
4453577	{"image_id": "refcrack_0009255_0009255_00_4", "width": 416, "height": 416, "vrt_indices": [136, 165, 193, 221, 222, 250, 307, 335, 364, 421, 450, 478, 507, 536, 622], "patch_points": [[286.0, 63.0], [283.0, 75.0], [273.0, 91.0], [260.0, 105.0], [269.0, 102.0], [256.0, 117.0], [242.0, 145.0], [229.0, 160.0], [227.0, 174.0], [217.0, 203.0], [213.0, 215.0], [203.0, 230.0], [199.0, 244.0], [198.0, 258.0], [190.0, 300.0]], "conversations": [{"role": "user", "content": [{"type": "image", "image": "/home/yrquni/Downloads/Unilab/PaDT/dataset/dataset_root/images/0009255.png"}, {"type": "text", "text": "下方裂缝交汇点起，向上靠近草簇的较长裂缝"}]}, {"role": "assistant", "content": [{"type": "text", "text": "<|object_ref_start|><|box_start|><112><444><742><701><|box_end|><|point_start|><416><557><|point_end|>"}]}], "boxes": [{"bbox": [185.0, 47.0, 292.0, 309.0], "point": [231.89539899352982, 173.3511861969806], "phrase": "下方裂缝交汇点起，向上靠近草簇的较长裂缝"}], "caption": "下方裂缝交汇点起，向上靠近草簇的较长裂缝"}
4540630	{"image_id": "refcrack_0009265_0009265_00_0", "width": 416, "height": 416, "vrt_indices": [83, 112, 139, 140, 167, 168, 195, 196, 223, 251, 278, 279, 306, 335], "patch_points": [[357.0, 35.0], [356.0, 46.0], [329.0, 63.0], [339.0, 59.0], [315.0, 77.0], [327.0, 75.0], [300.0, 90.0], [313.0, 88.0], [286.0, 104.0], [272.0, 118.0], [244.0, 132.0], [257.0, 129.0], [231.0, 147.0], [228.0, 159.0]], "conversations": [{"role": "user", "content": [{"type": "image", "image": "/home/yrquni/Downloads/Unilab/PaDT/dataset/dataset_root/images/0009265.png"}, {"type": "text", "text": "右上角斜向左下延伸的裂缝"}]}, {"role": "assistant", "content": [{"type": "text", "text": "<|object_ref_start|><|box_start|><24><519><420><896><|box_end|><|point_start|><218><715><|point_end|>"}]}], "boxes": [{"bbox": [216.0, 10.0, 373.0, 175.0], "point": [297.49407582938386, 90.79087677725119], "phrase": "右上角斜向左下延伸的裂缝"}], "caption": "右上角斜向左下延伸的裂缝"}
4611575	{"image_id": "refcrack_0009265_0009265_00_1", "width": 416, "height": 416, "vrt_indices": [83, 112, 139, 140, 167, 168, 195, 196, 223, 251, 278, 279, 306, 335], "patch_points": [[357.0, 35.0], [356.0, 46.0], [329.0, 63.0], [339.0, 59.0], [315.0, 77.0], [327.0, 75.0], [300.0, 90.0], [313.0, 88.0], [286.0, 104.0], [272.0, 118.0], [244.0, 132.0], [257.0, 129.0], [231.0, 147.0], [228.0, 159.0]], "conversations": [{"role": "user", "content": [{"type": "image", "image": "/home/yrquni/Downloads/Unilab/PaDT/dataset/dataset_root/images/0009265.png"}, {"type": "text", "text": "与下方主裂缝衔接的靠上斜裂缝"}]}, {"role": "assistant", "content": [{"type": "text", "text": "<|object_ref_start|><|box_start|><24><519><420><896><|box_end|><|point_start|><218><715><|point_end|>"}]}], "boxes": [{"bbox": [216.0, 10.0, 373.0, 175.0], "point": [297.49407582938386, 90.79087677725119], "phrase": "与下方主裂缝衔接的靠上斜裂缝"}], "caption": "与下方主裂缝衔接的靠上斜裂缝"}
4682520	{"image_id": "refcrack_0009265_0009265_00_2", "width": 416, "height": 416, "vrt_indices": [83, 112, 139, 140, 167, 168, 195, 196, 223, 251, 278, 279, 306, 335], "patch_points": [[357.0, 35.0], [356.0, 46.0], [329.0, 63.0], [339.0, 59.0], [315.0, 77.0], [327.0, 75.0], [300.0, 90.0], [313.0, 88.0], [286.0, 104.0], [272.0, 118.0], [244.0, 132.0], [257.0, 129.0], [231.0, 147.0], [228.0, 159.0]], "conversations": [{"role": "user", "content": [{"type": "image", "image": "/home/yrquni/Downloads/Unilab/PaDT/dataset/dataset_root/images/0009265.png"}, {"type": "text", "text": "从右上角到中间裂隙处的斜向裂缝"}]}, {"role": "assistant", "content": [{"type": "text", "text": "<|object_ref_start|><|box_start|><24><519><420><896><|box_end|><|point_start|><218><715><|point_end|>"}]}], "boxes": [{"bbox": [216.0, 10.0, 373.0, 175.0], "point": [297.49407582938386, 90.79087677725119], "phrase": "从右上角到中间裂隙处的斜向裂缝"}], "caption": "从右上角到中间裂隙处的斜向裂缝"}
4753465	{"image_id": "refcrack_0009265_0009265_00_3", "width": 416, "height": 416, "vrt_indices": [83, 112, 139, 140, 167, 168, 195, 196, 223, 251, 278, 279, 306, 335], "patch_points": [[357.0, 35.0], [356.0, 46.0], [329.0, 63.0], [339.0, 59.0], [315.0, 77.0], [327.0, 75.0], [300.0, 90.0], [313.0, 88.0], [286.0, 104.0], [272.0, 118.0], [244.0, 132.0], [257.0, 129.0], [231.0, 147.0], [228.0, 159.0]], "conversations": [{"role": "user", "content": [{"type": "image", "image": "/home/yrquni/Downloads/Unilab/PaDT/dataset/dataset_root/images/0009265.png"}, {"type": "text", "text": "灰色粗糙面里靠近右上角的斜裂缝"}]}, {"role": "assistant", "content": [{"type": "text", "text": "<|object_ref_start|><|box_start|><24><519><420><896><|box_end|><|point_start|><218><715><|point_end|>"}]}], "boxes": [{"bbox": [216.0, 10.0, 373.0, 175.0], "point": [297.49407582938386, 90.79087677725119], "phrase": "灰色粗糙面里靠近右上角的斜裂缝"}], "caption": "灰色粗糙面里靠近右上角的斜裂缝"}
4824410	{"image_id": "refcrack_0009265_0009265_00_4", "width": 416, "height": 416, "vrt_indices": [83, 112, 139, 140, 167, 168, 195, 196, 223, 251, 278, 279, 306, 335], "patch_points": [[357.0, 35.0], [356.0, 46.0], [329.0, 63.0], [339.0, 59.0], [315.0, 77.0], [327.0, 75.0], [300.0, 90.0], [313.0, 88.0], [286.0, 104.0], [272.0, 118.0], [244.0, 132.0], [257.0, 129.0], [231.0, 147.0], [228.0, 159.0]], "conversations": [{"role": "user", "content": [{"type": "image", "image": "/home/yrquni/Downloads/Unilab/PaDT/dataset/dataset_root/images/0009265.png"}, {"type": "text", "text": "一端抵右上角、一端连下方大裂缝的斜裂缝"}]}, {"role": "assistant", "content": [{"type": "text", "text": "<|object_ref_start|><|box_start|><24><519><420><896><|box_end|><|point_start|><218><715><|point_end|>"}]}], "boxes": [{"bbox": [216.0, 10.0, 373.0, 175.0], "point": [297.49407582938386, 90.79087677725119], "phrase": "一端抵右上角、一端连下方大裂缝的斜裂缝"}], "caption": "一端抵右上角、一端连下方大裂缝的斜裂缝"}
4895355	{"image_id": "refcrack_0009265_0009265_01_3", "width": 416, "height": 416, "vrt_indices": [476, 477, 478, 479, 480, 503, 509, 510, 511, 512, 542, 543, 544, 545, 576, 577, 578, 579], "patch_points": [[174.0, 230.0], [188.0, 228.0], [203.0, 228.0], [217.0, 230.0], [229.0, 232.0], [146.0, 242.0], [231.0, 242.0], [245.0, 243.0], [259.0, 244.0], [271.0, 246.0], [287.0, 257.0], [301.0, 258.0], [315.0, 258.0], [328.0, 260.0], [357.0, 270.0], [371.0, 272.0], [385.0, 272.0], [398.0, 272.0]], "conversations": [{"role": "user", "content": [{"type": "image", "image": "/home/yrquni/Downloads/Unilab/PaDT/dataset/dataset_root/images/0009265.png"}, {"type": "text", "text": "水泥地上中间偏下、夹在两条老缝间的细弯裂缝"}]}, {"role": "assistant", "content": [{"type": "text", "text": "<|object_ref_start|><|box_start|><528><298><692><997><|box_end|><|point_start|><603><666><|point_end|>"}]}], "boxes": [{"bbox": [124.0, 220.0, 415.0, 288.0], "point": [277.3372641509434, 250.91535639413], "phrase": "水泥地上中间偏下、夹在两条老缝间的细弯裂缝"}], "caption": "水泥地上中间偏下、夹在两条老缝间的细弯裂缝"}
4966300	{"image_id": "refcrack_0009265_0009265_01_4", "width": 416, "height": 416, "vrt_indices": [476, 477, 478, 479, 480, 503, 509, 510, 511, 512, 542, 543, 544, 545, 576, 577, 578, 579], "patch_points": [[174.0, 230.0], [188.0, 228.0], [203.0, 228.0], [217.0, 230.0], [229.0, 232.0], [146.0, 242.0], [231.0, 242.0], [245.0, 243.0], [259.0, 244.0], [271.0, 246.0], [287.0, 257.0], [301.0, 258.0], [315.0, 258.0], [328.0, 260.0], [357.0, 270.0], [371.0, 272.0], [385.0, 272.0], [398.0, 272.0]], "conversations": [{"role": "user", "content": [{"type": "image", "image": "/home/yrquni/Downloads/Unilab/PaDT/dataset/dataset_root/images/0009265.png"}, {"type": "text", "text": "从左部白石子裂缝岔口往右下方蜿蜒的裂缝"}]}, {"role": "assistant", "content": [{"type": "text", "text": "<|object_ref_start|><|box_start|><528><298><692><997><|box_end|><|point_start|><603><666><|point_end|>"}]}], "boxes": [{"bbox": [124.0, 220.0, 415.0, 288.0], "point": [277.3372641509434, 250.91535639413], "phrase": "从左部白石子裂缝岔口往右下方蜿蜒的裂缝"}], "caption": "从左部白石子裂缝岔口往右下方蜿蜒的裂缝"}
5037245	{"image_id": "refcrack_0009266_0009266_00_2", "width": 416, "height": 416, "vrt_indices": [27, 56, 112, 113, 141, 198, 226, 227, 255, 283, 284, 312, 341, 369, 398, 426], "patch_points": [[387.0, 7.0], [384.0, 20.0], [358.0, 49.0], [369.0, 47.0], [355.0, 62.0], [342.0, 90.0], [329.0, 105.0], [340.0, 103.0], [328.0, 118.0], [317.0, 134.0], [326.0, 131.0], [314.0, 146.0], [312.0, 160.0], [303.0, 175.0], [300.0, 188.0], [286.0, 202.0]], "conversations": [{"role": "user", "content": [{"type": "image", "image": "/home/yrquni/Downloads/Unilab/PaDT/dataset/dataset_root/images/0009266.png"}, {"type": "text", "text": "从右上往中间、扭扭弯弯的裂缝"}]}, {"role": "assistant", "content": [{"type": "text", "text": "<|object_ref_start|><|box_start|><0><649><516><951><|box_end|><|point_start|><258><803><|point_end|>"}]}], "boxes": [{"bbox": [270.0, 0.0, 396.0, 215.0], "point": [334.30264255910987, 107.65813630041724], "phrase": "从右上往中间、扭扭弯弯的裂缝"}], "caption": "从右上往中间、扭扭弯弯的裂缝"}
5114962	{"image_id": "refcrack_0009266_0009266_00_3", "width": 416, "height": 416, "vrt_indices": [27, 56, 112, 113, 141, 198, 226, 227, 255, 283, 284, 312, 341, 369, 398, 426], "patch_points": [[387.0, 7.0], [384.0, 20.0], [358.0, 49.0], [369.0, 47.0], [355.0, 62.0], [342.0, 90.0], [329.0, 105.0], [340.0, 103.0], [328.0, 118.0], [317.0, 134.0], [326.0, 131.0], [314.0, 146.0], [312.0, 160.0], [303.0, 175.0], [300.0, 188.0], [286.0, 202.0]], "conversations": [{"role": "user", "content": [{"type": "image", "image": "/home/yrquni/Downloads/Unilab/PaDT/dataset/dataset_root/images/0009266.png"}, {"type": "text", "text": "从右上角出发向下蜿蜒的裂缝"}]}, {"role": "assistant", "content": [{"type": "text", "text": "<|object_ref_start|><|box_start|><0><649><516><951><|box_end|><|point_start|><258><803><|point_end|>"}]}], "boxes": [{"bbox": [270.0, 0.0, 396.0, 215.0], "point": [334.30264255910987, 107.65813630041724], "phrase": "从右上角出发向下蜿蜒的裂缝"}], "caption": "从右上角出发向下蜿蜒的裂缝"}
5192679	{"image_id": "refcrack_0009266_0009266_01_0", "width": 416, "height": 416, "vrt_indices": [35, 64, 65, 94, 95, 124, 154, 183, 213, 242, 272, 331, 360, 390, 420, 449, 479, 509, 538, 567, 596, 625, 654], "patch_points": [[89.0, 21.0], [93.0, 33.0], [103.0, 35.0], [106.0, 47.0], [116.0, 50.0], [119.0, 62.0], [132.0, 77.0], [134.0, 90.0], [145.0, 106.0], [149.0, 117.0], [160.0, 133.0], [173.0, 161.0], [176.0, 174.0], [189.0, 188.0], [200.0, 203.0], [203.0, 217.0], [217.0, 230.0], [227.0, 246.0], [230.0, 259.0], [231.0, 272.0], [230.0, 286.0], [229.0, 300.0], [227.0, 313.0]], "conversations": [{"role": "user", "content": [{"type": "image", "image": "/home/yrquni/Downloads/Unilab/PaDT/dataset/dataset_root/images/0009266.png"}, {"type": "text", "text": "从左上往右下，和右边大裂缝夹着的那条"}]}, {"role": "assistant", "content": [{"type": "text", "text": "<|object_ref_start|><|box_start|><4><180><778><572><|box_end|><|point_start|><357><396><|point_end|>"}]}], "boxes": [{"bbox": [75.0, 2.0, 238.0, 324.0], "point": [165.00402955003358, 148.85918961271548], "phrase": "从左上往右下，和右边大裂缝夹着的那条"}], "caption": "从左上往右下，和右边大裂缝夹着的那条"}
5270396	{"image_id": "refcrack_0009266_0009266_01_2", "width": 416, "height": 416, "vrt_indices": [35, 64, 65, 94, 95, 124, 154, 183, 213, 242, 272, 331, 360, 390, 420, 449, 479, 509, 538, 567, 596, 625, 654], "patch_points": [[89.0, 21.0], [93.0, 33.0], [103.0, 35.0], [106.0, 47.0], [116.0, 50.0], [119.0, 62.0], [132.0, 77.0], [134.0, 90.0], [145.0, 106.0], [149.0, 117.0], [160.0, 133.0], [173.0, 161.0], [176.0, 174.0], [189.0, 188.0], [200.0, 203.0], [203.0, 217.0], [217.0, 230.0], [227.0, 246.0], [230.0, 259.0], [231.0, 272.0], [230.0, 286.0], [229.0, 300.0], [227.0, 313.0]], "conversations": [{"role": "user", "content": [{"type": "image", "image": "/home/yrquni/Downloads/Unilab/PaDT/dataset/dataset_root/images/0009266.png"}, {"type": "text", "text": "小石子左上方，斜着通到大裂缝的那条"}]}, {"role": "assistant", "content": [{"type": "text", "text": "<|object_ref_start|><|box_start|><4><180><778><572><|box_end|><|point_start|><357><396><|point_end|>"}]}], "boxes": [{"bbox": [75.0, 2.0, 238.0, 324.0], "point": [165.00402955003358, 148.85918961271548], "phrase": "小石子左上方，斜着通到大裂缝的那条"}], "caption": "小石子左上方，斜着通到大裂缝的那条"}
5348113	{"image_id": "refcrack_0009266_0009266_01_4", "width": 416, "height": 416, "vrt_indices": [35, 64, 65, 94, 95, 124, 154, 183, 213, 242, 272, 331, 360, 390, 420, 449, 479, 509, 538, 567, 596, 625, 654], "patch_points": [[89.0, 21.0], [93.0, 33.0], [103.0, 35.0], [106.0, 47.0], [116.0, 50.0], [119.0, 62.0], [132.0, 77.0], [134.0, 90.0], [145.0, 106.0], [149.0, 117.0], [160.0, 133.0], [173.0, 161.0], [176.0, 174.0], [189.0, 188.0], [200.0, 203.0], [203.0, 217.0], [217.0, 230.0], [227.0, 246.0], [230.0, 259.0], [231.0, 272.0], [230.0, 286.0], [229.0, 300.0], [227.0, 313.0]], "conversations": [{"role": "user", "content": [{"type": "image", "image": "/home/yrquni/Downloads/Unilab/PaDT/dataset/dataset_root/images/0009266.png"}, {"type": "text", "text": "左上斜下来，经过小碎片上边，最后连到大裂缝的"}]}, {"role": "assistant", "content": [{"type": "text", "text": "<|object_ref_start|><|box_start|><4><180><778><572><|box_end|><|point_start|><357><396><|point_end|>"}]}], "boxes": [{"bbox": [75.0, 2.0, 238.0, 324.0], "point": [165.00402955003358, 148.85918961271548], "phrase": "左上斜下来，经过小碎片上边，最后连到大裂缝的"}], "caption": "左上斜下来，经过小碎片上边，最后连到大裂缝的"}
5425830	{"image_id": "refcrack_0009266_0009266_02_1", "width": 416, "height": 416, "vrt_indices": [551, 581, 582, 583, 612, 613, 614, 615, 643, 644, 645, 674, 675, 676, 705], "patch_points": [[6.0, 273.0], [20.0, 286.0], [34.0, 287.0], [48.0, 289.0], [49.0, 299.0], [62.0, 300.0], [76.0, 301.0], [89.0, 305.0], [77.0, 313.0], [91.0, 314.0], [104.0, 316.0], [105.0, 327.0], [119.0, 328.0], [131.0, 330.0], [131.0, 341.0]], "conversations": [{"role": "user", "content": [{"type": "image", "image": "/home/yrquni/Downloads/Unilab/PaDT/dataset/dataset_root/images/0009266.png"}, {"type": "text", "text": "从左下方朝中间大裂缝延伸的裂缝"}]}, {"role": "assistant", "content": [{"type": "text", "text": "<|object_ref_start|><|box_start|><622><0><841><329><|box_end|><|point_start|><729><159><|point_end|>"}]}], "boxes": [{"bbox": [0.0, 259.0, 137.0, 350.0], "point": [66.1576354679803, 303.5047619047619], "phrase": "从左下方朝中间大裂缝延伸的裂缝"}], "caption": "从左下方朝中间大裂缝延伸的裂缝"}
5503547	{"image_id": "refcrack_0009266_0009266_02_4", "width": 416, "height": 416, "vrt_indices": [551, 581, 582, 583, 612, 613, 614, 615, 643, 644, 645, 674, 675, 676, 705], "patch_points": [[6.0, 273.0], [20.0, 286.0], [34.0, 287.0], [48.0, 289.0], [49.0, 299.0], [62.0, 300.0], [76.0, 301.0], [89.0, 305.0], [77.0, 313.0], [91.0, 314.0], [104.0, 316.0], [105.0, 327.0], [119.0, 328.0], [131.0, 330.0], [131.0, 341.0]], "conversations": [{"role": "user", "content": [{"type": "image", "image": "/home/yrquni/Downloads/Unilab/PaDT/dataset/dataset_root/images/0009266.png"}, {"type": "text", "text": "左侧偏下，傍着小凹坑斜向主裂缝的缝"}]}, {"role": "assistant", "content": [{"type": "text", "text": "<|object_ref_start|><|box_start|><622><0><841><329><|box_end|><|point_start|><729><159><|point_end|>"}]}], "boxes": [{"bbox": [0.0, 259.0, 137.0, 350.0], "point": [66.1576354679803, 303.5047619047619], "phrase": "左侧偏下，傍着小凹坑斜向主裂缝的缝"}], "caption": "左侧偏下，傍着小凹坑斜向主裂缝的缝"}
5581264	{"image_id": "refcrack_0009267_0009267_00_2", "width": 416, "height": 416, "vrt_indices": [230, 231, 256, 257, 258, 281, 282, 283, 284, 285, 306, 307, 308, 334], "patch_points": [[385.0, 105.0], [398.0, 101.0], [342.0, 118.0], [356.0, 115.0], [371.0, 115.0], [287.0, 133.0], [300.0, 131.0], [315.0, 130.0], [328.0, 130.0], [340.0, 128.0], [230.0, 146.0], [243.0, 143.0], [258.0, 141.0], [218.0, 156.0]], "conversations": [{"role": "user", "content": [{"type": "image", "image": "/home/yrquni/Downloads/Unilab/PaDT/dataset/dataset_root/images/0009267.png"}, {"type": "text", "text": "从右往左、和斜裂缝相交的短裂缝"}]}, {"role": "assistant", "content": [{"type": "text", "text": "<|object_ref_start|><|box_start|><218><514><382><997><|box_end|><|point_start|><299><757><|point_end|>"}]}], "boxes": [{"bbox": [214.0, 91.0, 415.0, 159.0], "point": [315.2284299858557, 124.57319660537482], "phrase": "从右往左、和斜裂缝相交的短裂缝"}], "caption": "从右往左、和斜裂缝相交的短裂缝"}
5651565	{"image_id": "refcrack_0009267_0009267_00_3", "width": 416, "height": 416, "vrt_indices": [230, 231, 256, 257, 258, 281, 282, 283, 284, 285, 306, 307, 308, 334], "patch_points": [[385.0, 105.0], [398.0, 101.0], [342.0, 118.0], [356.0, 115.0], [371.0, 115.0], [287.0, 133.0], [300.0, 131.0], [315.0, 130.0], [328.0, 130.0], [340.0, 128.0], [230.0, 146.0], [243.0, 143.0], [258.0, 141.0], [218.0, 156.0]], "conversations": [{"role": "user", "content": [{"type": "image", "image": "/home/yrquni/Downloads/Unilab/PaDT/dataset/dataset_root/images/0009267.png"}, {"type": "text", "text": "右上角附近、有点弯曲的短裂缝"}]}, {"role": "assistant", "content": [{"type": "text", "text": "<|object_ref_start|><|box_start|><218><514><382><997><|box_end|><|point_start|><299><757><|point_end|>"}]}], "boxes": [{"bbox": [214.0, 91.0, 415.0, 159.0], "point": [315.2284299858557, 124.57319660537482], "phrase": "右上角附近、有点弯曲的短裂缝"}], "caption": "右上角附近、有点弯曲的短裂缝"}
5721866	{"image_id": "refcrack_0009267_0009267_01_0", "width": 416, "height": 416, "vrt_indices": [387, 388, 389, 419, 449, 479, 509, 539, 569, 600, 629, 630, 660, 690, 720, 749, 750, 780], "patch_points": [[147.0, 185.0], [161.0, 186.0], [174.0, 190.0], [189.0, 203.0], [201.0, 218.0], [217.0, 230.0], [229.0, 246.0], [244.0, 259.0], [260.0, 271.0], [284.0, 288.0], [288.0, 298.0], [300.0, 302.0], [315.0, 314.0], [328.0, 329.0], [341.0, 343.0], [345.0, 355.0], [355.0, 359.0], [371.0, 370.0]], "conversations": [{"role": "user", "content": [{"type": "image", "image": "/home/yrquni/Downloads/Unilab/PaDT/dataset/dataset_root/images/0009267.png"}, {"type": "text", "text": "从中间偏左延伸至右下角的曲折裂缝"}]}, {"role": "assistant", "content": [{"type": "text", "text": "<|object_ref_start|><|box_start|><423><259><913><915><|box_end|><|point_start|><647><615><|point_end|>"}]}], "boxes": [{"bbox": [108.0, 176.0, 381.0, 380.0], "point": [256.1853370930531, 269.2386567546783], "phrase": "从中间偏左延伸至右下角的曲折裂缝"}], "caption": "从中间偏左延伸至右下角的曲折裂缝"}
5792167	{"image_id": "refcrack_0009267_0009267_01_2", "width": 416, "height": 416, "vrt_indices": [387, 388, 389, 419, 449, 479, 509, 539, 569, 600, 629, 630, 660, 690, 720, 749, 750, 780], "patch_points": [[147.0, 185.0], [161.0, 186.0], [174.0, 190.0], [189.0, 203.0], [201.0, 218.0], [217.0, 230.0], [229.0, 246.0], [244.0, 259.0], [260.0, 271.0], [284.0, 288.0], [288.0, 298.0], [300.0, 302.0], [315.0, 314.0], [328.0, 329.0], [341.0, 343.0], [345.0, 355.0], [355.0, 359.0], [371.0, 370.0]], "conversations": [{"role": "user", "content": [{"type": "image", "image": "/home/yrquni/Downloads/Unilab/PaDT/dataset/dataset_root/images/0009267.png"}, {"type": "text", "text": "在上方大裂缝下方，呈波浪状从左中往右下的裂缝"}]}, {"role": "assistant", "content": [{"type": "text", "text": "<|object_ref_start|><|box_start|><423><259><913><915><|box_end|><|point_start|><647><615><|point_end|>"}]}], "boxes": [{"bbox": [108.0, 176.0, 381.0, 380.0], "point": [256.1853370930531, 269.2386567546783], "phrase": "在上方大裂缝下方，呈波浪状从左中往右下的裂缝"}], "caption": "在上方大裂缝下方，呈波浪状从左中往右下的裂缝"}
5862468	{"image_id": "refcrack_0009267_0009267_01_4", "width": 416, "height": 416, "vrt_indices": [387, 388, 389, 419, 449, 479, 509, 539, 569, 600, 629, 630, 660, 690, 720, 749, 750, 780], "patch_points": [[147.0, 185.0], [161.0, 186.0], [174.0, 190.0], [189.0, 203.0], [201.0, 218.0], [217.0, 230.0], [229.0, 246.0], [244.0, 259.0], [260.0, 271.0], [284.0, 288.0], [288.0, 298.0], [300.0, 302.0], [315.0, 314.0], [328.0, 329.0], [341.0, 343.0], [345.0, 355.0], [355.0, 359.0], [371.0, 370.0]], "conversations": [{"role": "user", "content": [{"type": "image", "image": "/home/yrquni/Downloads/Unilab/PaDT/dataset/dataset_root/images/0009267.png"}, {"type": "text", "text": "灰色地面上，从中间偏左的裂缝交点处沿右下起伏的裂缝"}]}, {"role": "assistant", "content": [{"type": "text", "text": "<|object_ref_start|><|box_start|><423><259><913><915><|box_end|><|point_start|><647><615><|point_end|>"}]}], "boxes": [{"bbox": [108.0, 176.0, 381.0, 380.0], "point": [256.1853370930531, 269.2386567546783], "phrase": "灰色地面上，从中间偏左的裂缝交点处沿右下起伏的裂缝"}], "caption": "灰色地面上，从中间偏左的裂缝交点处沿右下起伏的裂缝"}
5932769	{"image_id": "refcrack_0009267_0009267_02_2", "width": 416, "height": 416, "vrt_indices": [527, 528, 557, 586, 615, 616, 644, 645, 674, 703, 732, 761, 762, 790, 791], "patch_points": [[77.0, 260.0], [87.0, 262.0], [89.0, 273.0], [90.0, 287.0], [91.0, 300.0], [100.0, 301.0], [91.0, 315.0], [102.0, 315.0], [103.0, 329.0], [103.0, 343.0], [104.0, 357.0], [104.0, 370.0], [114.0, 371.0], [105.0, 384.0], [117.0, 385.0]], "conversations": [{"role": "user", "content": [{"type": "image", "image": "/home/yrquni/Downloads/Unilab/PaDT/dataset/dataset_root/images/0009267.png"}, {"type": "text", "text": "挨着小坑、竖直走的裂缝"}]}, {"role": "assistant", "content": [{"type": "text", "text": "<|object_ref_start|><|box_start|><615><163><959><298><|box_end|><|point_start|><791><234><|point_end|>"}]}], "boxes": [{"bbox": [68.0, 256.0, 124.0, 399.0], "point": [97.43288468534013, 329.3317570025464], "phrase": "挨着小坑、竖直走的裂缝"}], "caption": "挨着小坑、竖直走的裂缝"}
6003070	{"image_id": "refcrack_0009267_0009267_02_4", "width": 416, "height": 416, "vrt_indices": [527, 528, 557, 586, 615, 616, 644, 645, 674, 703, 732, 761, 762, 790, 791], "patch_points": [[77.0, 260.0], [87.0, 262.0], [89.0, 273.0], [90.0, 287.0], [91.0, 300.0], [100.0, 301.0], [91.0, 315.0], [102.0, 315.0], [103.0, 329.0], [103.0, 343.0], [104.0, 357.0], [104.0, 370.0], [114.0, 371.0], [105.0, 384.0], [117.0, 385.0]], "conversations": [{"role": "user", "content": [{"type": "image", "image": "/home/yrquni/Downloads/Unilab/PaDT/dataset/dataset_root/images/0009267.png"}, {"type": "text", "text": "左侧、紧挨着横向裂缝下沿的竖直短裂缝"}]}, {"role": "assistant", "content": [{"type": "text", "text": "<|object_ref_start|><|box_start|><615><163><959><298><|box_end|><|point_start|><791><234><|point_end|>"}]}], "boxes": [{"bbox": [68.0, 256.0, 124.0, 399.0], "point": [97.43288468534013, 329.3317570025464], "phrase": "左侧、紧挨着横向裂缝下沿的竖直短裂缝"}], "caption": "左侧、紧挨着横向裂缝下沿的竖直短裂缝"}
6073371	{"image_id": "refcrack_0009280_0009280_00_0", "width": 416, "height": 416, "vrt_indices": [60, 89, 146, 205, 291, 320, 349, 378, 407, 436, 465, 551], "patch_points": [[31.0, 34.0], [29.0, 47.0], [20.0, 76.0], [28.0, 103.0], [18.0, 146.0], [17.0, 161.0], [17.0, 174.0], [16.0, 187.0], [15.0, 204.0], [15.0, 216.0], [14.0, 227.0], [3.0, 271.0]], "conversations": [{"role": "user", "content": [{"type": "image", "image": "/home/yrquni/Downloads/Unilab/PaDT/dataset/dataset_root/images/0009280.png"}, {"type": "text", "text": "左边沿的一道长裂缝"}]}, {"role": "assistant", "content": [{"type": "text", "text": "<|object_ref_start|><|box_start|><0><0><673><98><|box_end|><|point_start|><330><43><|point_end|>"}]}], "boxes": [{"bbox": [0.0, 0.0, 41.0, 280.0], "point": [18.077, 137.40866666666668], "phrase": "左边沿的一道长裂缝"}], "caption": "左边沿的一道长裂缝"}
6114580	{"image_id": "refcrack_0009280_0009280_00_1", "width": 416, "height": 416, "vrt_indices": [60, 89, 146, 205, 291, 320, 349, 378, 407, 436, 465, 551], "patch_points": [[31.0, 34.0], [29.0, 47.0], [20.0, 76.0], [28.0, 103.0], [18.0, 146.0], [17.0, 161.0], [17.0, 174.0], [16.0, 187.0], [15.0, 204.0], [15.0, 216.0], [14.0, 227.0], [3.0, 271.0]], "conversations": [{"role": "user", "content": [{"type": "image", "image": "/home/yrquni/Downloads/Unilab/PaDT/dataset/dataset_root/images/0009280.png"}, {"type": "text", "text": "靠左竖着、带点弯曲的裂缝"}]}, {"role": "assistant", "content": [{"type": "text", "text": "<|object_ref_start|><|box_start|><0><0><673><98><|box_end|><|point_start|><330><43><|point_end|>"}]}], "boxes": [{"bbox": [0.0, 0.0, 41.0, 280.0], "point": [18.077, 137.40866666666668], "phrase": "靠左竖着、带点弯曲的裂缝"}], "caption": "靠左竖着、带点弯曲的裂缝"}
6155789	{"image_id": "refcrack_0009280_0009280_00_2", "width": 416, "height": 416, "vrt_indices": [60, 89, 146, 205, 291, 320, 349, 378, 407, 436, 465, 551], "patch_points": [[31.0, 34.0], [29.0, 47.0], [20.0, 76.0], [28.0, 103.0], [18.0, 146.0], [17.0, 161.0], [17.0, 174.0], [16.0, 187.0], [15.0, 204.0], [15.0, 216.0], [14.0, 227.0], [3.0, 271.0]], "conversations": [{"role": "user", "content": [{"type": "image", "image": "/home/yrquni/Downloads/Unilab/PaDT/dataset/dataset_root/images/0009280.png"}, {"type": "text", "text": "最左边那条上下延伸的裂缝"}]}, {"role": "assistant", "content": [{"type": "text", "text": "<|object_ref_start|><|box_start|><0><0><673><98><|box_end|><|point_start|><330><43><|point_end|>"}]}], "boxes": [{"bbox": [0.0, 0.0, 41.0, 280.0], "point": [18.077, 137.40866666666668], "phrase": "最左边那条上下延伸的裂缝"}], "caption": "最左边那条上下延伸的裂缝"}
6196998	{"image_id": "refcrack_0009280_0009280_00_4", "width": 416, "height": 416, "vrt_indices": [60, 89, 146, 205, 291, 320, 349, 378, 407, 436, 465, 551], "patch_points": [[31.0, 34.0], [29.0, 47.0], [20.0, 76.0], [28.0, 103.0], [18.0, 146.0], [17.0, 161.0], [17.0, 174.0], [16.0, 187.0], [15.0, 204.0], [15.0, 216.0], [14.0, 227.0], [3.0, 271.0]], "conversations": [{"role": "user", "content": [{"type": "image", "image": "/home/yrquni/Downloads/Unilab/PaDT/dataset/dataset_root/images/0009280.png"}, {"type": "text", "text": "左沿那条竖向为主、局部拐折的裂缝"}]}, {"role": "assistant", "content": [{"type": "text", "text": "<|object_ref_start|><|box_start|><0><0><673><98><|box_end|><|point_start|><330><43><|point_end|>"}]}], "boxes": [{"bbox": [0.0, 0.0, 41.0, 280.0], "point": [18.077, 137.40866666666668], "phrase": "左沿那条竖向为主、局部拐折的裂缝"}], "caption": "左沿那条竖向为主、局部拐折的裂缝"}
6238207	{"image_id": "refcrack_0009280_0009280_01_0", "width": 416, "height": 416, "vrt_indices": [44, 275, 304, 333, 362, 391, 420, 449, 593, 622, 651, 680, 795, 824], "patch_points": [[214.0, 20.0], [204.0, 133.0], [201.0, 146.0], [203.0, 161.0], [204.0, 175.0], [202.0, 188.0], [201.0, 202.0], [199.0, 216.0], [190.0, 287.0], [188.0, 300.0], [187.0, 314.0], [186.0, 328.0], [176.0, 385.0], [174.0, 398.0]], "conversations": [{"role": "user", "content": [{"type": "image", "image": "/home/yrquni/Downloads/Unilab/PaDT/dataset/dataset_root/images/0009280.png"}, {"type": "text", "text": "中间从上到下的一道长裂缝"}]}, {"role": "assistant", "content": [{"type": "text", "text": "<|object_ref_start|><|box_start|><0><401><992><531><|box_end|><|point_start|><505><471><|point_end|>"}]}], "boxes": [{"bbox": [167.0, 0.0, 221.0, 413.0], "point": [196.05124521072796, 210.36446360153258], "phrase": "中间从上到下的一道长裂缝"}], "caption": "中间从上到下的一道长裂缝"}
6279416	{"image_id": "refcrack_0009280_0009280_01_1", "width": 416, "height": 416, "vrt_indices": [44, 275, 304, 333, 362, 391, 420, 449, 593, 622, 651, 680, 795, 824], "patch_points": [[214.0, 20.0], [204.0, 133.0], [201.0, 146.0], [203.0, 161.0], [204.0, 175.0], [202.0, 188.0], [201.0, 202.0], [199.0, 216.0], [190.0, 287.0], [188.0, 300.0], [187.0, 314.0], [186.0, 328.0], [176.0, 385.0], [174.0, 398.0]], "conversations": [{"role": "user", "content": [{"type": "image", "image": "/home/yrquni/Downloads/Unilab/PaDT/dataset/dataset_root/images/0009280.png"}, {"type": "text", "text": "灰石面中间那道弯弯曲曲的长裂缝"}]}, {"role": "assistant", "content": [{"type": "text", "text": "<|object_ref_start|><|box_start|><0><401><992><531><|box_end|><|point_start|><505><471><|point_end|>"}]}], "boxes": [{"bbox": [167.0, 0.0, 221.0, 413.0], "point": [196.05124521072796, 210.36446360153258], "phrase": "灰石面中间那道弯弯曲曲的长裂缝"}], "caption": "灰石面中间那道弯弯曲曲的长裂缝"}
6320625	{"image_id": "refcrack_0009280_0009280_01_2", "width": 416, "height": 416, "vrt_indices": [44, 275, 304, 333, 362, 391, 420, 449, 593, 622, 651, 680, 795, 824], "patch_points": [[214.0, 20.0], [204.0, 133.0], [201.0, 146.0], [203.0, 161.0], [204.0, 175.0], [202.0, 188.0], [201.0, 202.0], [199.0, 216.0], [190.0, 287.0], [188.0, 300.0], [187.0, 314.0], [186.0, 328.0], [176.0, 385.0], [174.0, 398.0]], "conversations": [{"role": "user", "content": [{"type": "image", "image": "/home/yrquni/Downloads/Unilab/PaDT/dataset/dataset_root/images/0009280.png"}, {"type": "text", "text": "夹在灰石中间、曲折着延伸的裂缝"}]}, {"role": "assistant", "content": [{"type": "text", "text": "<|object_ref_start|><|box_start|><0><401><992><531><|box_end|><|point_start|><505><471><|point_end|>"}]}], "boxes": [{"bbox": [167.0, 0.0, 221.0, 413.0], "point": [196.05124521072796, 210.36446360153258], "phrase": "夹在灰石中间、曲折着延伸的裂缝"}], "caption": "夹在灰石中间、曲折着延伸的裂缝"}
6361834	{"image_id": "refcrack_0009280_0009280_01_4", "width": 416, "height": 416, "vrt_indices": [44, 275, 304, 333, 362, 391, 420, 449, 593, 622, 651, 680, 795, 824], "patch_points": [[214.0, 20.0], [204.0, 133.0], [201.0, 146.0], [203.0, 161.0], [204.0, 175.0], [202.0, 188.0], [201.0, 202.0], [199.0, 216.0], [190.0, 287.0], [188.0, 300.0], [187.0, 314.0], [186.0, 328.0], [176.0, 385.0], [174.0, 398.0]], "conversations": [{"role": "user", "content": [{"type": "image", "image": "/home/yrquni/Downloads/Unilab/PaDT/dataset/dataset_root/images/0009280.png"}, {"type": "text", "text": "灰扑扑的石面上，一道曲折连贯、几乎贯穿整个画面的裂缝"}]}, {"role": "assistant", "content": [{"type": "text", "text": "<|object_ref_start|><|box_start|><0><401><992><531><|box_end|><|point_start|><505><471><|point_end|>"}]}], "boxes": [{"bbox": [167.0, 0.0, 221.0, 413.0], "point": [196.05124521072796, 210.36446360153258], "phrase": "灰扑扑的石面上，一道曲折连贯、几乎贯穿整个画面的裂缝"}], "caption": "灰扑扑的石面上，一道曲折连贯、几乎贯穿整个画面的裂缝"}
6403043	{"image_id": "refcrack_0009281_0009281_00_1", "width": 416, "height": 416, "vrt_indices": [378, 410, 411, 413, 414, 447, 448, 449, 450, 481, 482, 515, 516, 547, 548, 550], "patch_points": [[20.0, 191.0], [63.0, 199.0], [77.0, 201.0], [104.0, 201.0], [118.0, 204.0], [175.0, 215.0], [188.0, 218.0], [203.0, 218.0], [216.0, 219.0], [245.0, 227.0], [258.0, 231.0], [315.0, 241.0], [329.0, 245.0], [357.0, 255.0], [370.0, 256.0], [399.0, 256.0]], "conversations": [{"role": "user", "content": [{"type": "image", "image": "/home/yrquni/Downloads/Unilab/PaDT/dataset/dataset_root/images/0009281.png"}, {"type": "text", "text": "浅灰色石面中部近乎水平的裂缝"}]}, {"role": "assistant", "content": [{"type": "text", "text": "<|object_ref_start|><|box_start|><444><9><629><985><|box_end|><|point_start|><531><490><|point_end|>"}]}], "boxes": [{"bbox": [4.0, 185.0, 410.0, 262.0], "point": [203.88476821192052, 221.0460927152318], "phrase": "浅灰色石面中部近乎水平的裂缝"}], "caption": "浅灰色石面中部近乎水平的裂缝"}
6442968	{"image_id": "refcrack_0009281_0009281_00_2", "width": 416, "height": 416, "vrt_indices": [378, 410, 411, 413, 414, 447, 448, 449, 450, 481, 482, 515, 516, 547, 548, 550], "patch_points": [[20.0, 191.0], [63.0, 199.0], [77.0, 201.0], [104.0, 201.0], [118.0, 204.0], [175.0, 215.0], [188.0, 218.0], [203.0, 218.0], [216.0, 219.0], [245.0, 227.0], [258.0, 231.0], [315.0, 241.0], [329.0, 245.0], [357.0, 255.0], [370.0, 256.0], [399.0, 256.0]], "conversations": [{"role": "user", "content": [{"type": "image", "image": "/home/yrquni/Downloads/Unilab/PaDT/dataset/dataset_root/images/0009281.png"}, {"type": "text", "text": "石面上半部分，平着走但有点弯的裂缝"}]}, {"role": "assistant", "content": [{"type": "text", "text": "<|object_ref_start|><|box_start|><444><9><629><985><|box_end|><|point_start|><531><490><|point_end|>"}]}], "boxes": [{"bbox": [4.0, 185.0, 410.0, 262.0], "point": [203.88476821192052, 221.0460927152318], "phrase": "石面上半部分，平着走但有点弯的裂缝"}], "caption": "石面上半部分，平着走但有点弯的裂缝"}
6482893	{"image_id": "refcrack_0009281_0009281_00_4", "width": 416, "height": 416, "vrt_indices": [378, 410, 411, 413, 414, 447, 448, 449, 450, 481, 482, 515, 516, 547, 548, 550], "patch_points": [[20.0, 191.0], [63.0, 199.0], [77.0, 201.0], [104.0, 201.0], [118.0, 204.0], [175.0, 215.0], [188.0, 218.0], [203.0, 218.0], [216.0, 219.0], [245.0, 227.0], [258.0, 231.0], [315.0, 241.0], [329.0, 245.0], [357.0, 255.0], [370.0, 256.0], [399.0, 256.0]], "conversations": [{"role": "user", "content": [{"type": "image", "image": "/home/yrquni/Downloads/Unilab/PaDT/dataset/dataset_root/images/0009281.png"}, {"type": "text", "text": "横贯画面中上部，整体水平但局部有些波动的裂缝"}]}, {"role": "assistant", "content": [{"type": "text", "text": "<|object_ref_start|><|box_start|><444><9><629><985><|box_end|><|point_start|><531><490><|point_end|>"}]}], "boxes": [{"bbox": [4.0, 185.0, 410.0, 262.0], "point": [203.88476821192052, 221.0460927152318], "phrase": "横贯画面中上部，整体水平但局部有些波动的裂缝"}], "caption": "横贯画面中上部，整体水平但局部有些波动的裂缝"}
6522818	{"image_id": "refcrack_0009281_0009281_01_1", "width": 416, "height": 416, "vrt_indices": [696, 727, 728, 758, 789, 793, 794, 795, 796, 797, 828, 829, 830, 831], "patch_points": [[6.0, 346.0], [34.0, 358.0], [47.0, 360.0], [62.0, 372.0], [91.0, 385.0], [146.0, 382.0], [161.0, 384.0], [174.0, 388.0], [188.0, 388.0], [201.0, 389.0], [231.0, 397.0], [244.0, 398.0], [258.0, 401.0], [271.0, 403.0]], "conversations": [{"role": "user", "content": [{"type": "image", "image": "/home/yrquni/Downloads/Unilab/PaDT/dataset/dataset_root/images/0009281.png"}, {"type": "text", "text": "左下角起始向右蜿蜒的裂缝"}]}, {"role": "assistant", "content": [{"type": "text", "text": "<|object_ref_start|><|box_start|><814><0><997><918><|box_end|><|point_start|><930><409><|point_end|>"}]}], "boxes": [{"bbox": [0.0, 339.0, 382.0, 415.0], "point": [170.41199442119944, 387.2649930264993], "phrase": "左下角起始向右蜿蜒的裂缝"}], "caption": "左下角起始向右蜿蜒的裂缝"}
6562743	{"image_id": "refcrack_0009281_0009281_01_4", "width": 416, "height": 416, "vrt_indices": [696, 727, 728, 758, 789, 793, 794, 795, 796, 797, 828, 829, 830, 831], "patch_points": [[6.0, 346.0], [34.0, 358.0], [47.0, 360.0], [62.0, 372.0], [91.0, 385.0], [146.0, 382.0], [161.0, 384.0], [174.0, 388.0], [188.0, 388.0], [201.0, 389.0], [231.0, 397.0], [244.0, 398.0], [258.0, 401.0], [271.0, 403.0]], "conversations": [{"role": "user", "content": [{"type": "image", "image": "/home/yrquni/Downloads/Unilab/PaDT/dataset/dataset_root/images/0009281.png"}, {"type": "text", "text": "靠近图片底边、走势蜿蜒带小弯曲的裂缝"}]}, {"role": "assistant", "content": [{"type": "text", "text": "<|object_ref_start|><|box_start|><814><0><997><918><|box_end|><|point_start|><930><409><|point_end|>"}]}], "boxes": [{"bbox": [0.0, 339.0, 382.0, 415.0], "point": [170.41199442119944, 387.2649930264993], "phrase": "靠近图片底边、走势蜿蜒带小弯曲的裂缝"}], "caption": "靠近图片底边、走势蜿蜒带小弯曲的裂缝"}
6602668	{"image_id": "refcrack_0009282_0009282_00_0", "width": 416, "height": 416, "vrt_indices": [47, 48, 49, 56, 64, 65, 66, 68, 69, 70, 71, 72, 90, 91, 117, 118], "patch_points": [[258.0, 19.0], [272.0, 17.0], [284.0, 15.0], [385.0, 14.0], [88.0, 29.0], [106.0, 30.0], [118.0, 33.0], [146.0, 31.0], [160.0, 31.0], [173.0, 30.0], [189.0, 28.0], [201.0, 28.0], [48.0, 48.0], [61.0, 45.0], [19.0, 58.0], [29.0, 56.0]], "conversations": [{"role": "user", "content": [{"type": "image", "image": "/home/yrquni/Downloads/Unilab/PaDT/dataset/dataset_root/images/0009282.png"}, {"type": "text", "text": "顶部横着的一道长裂缝"}]}, {"role": "assistant", "content": [{"type": "text", "text": "<|object_ref_start|><|box_start|><0><0><161><942><|box_end|><|point_start|><60><457><|point_end|>"}]}], "boxes": [{"bbox": [0.0, 0.0, 392.0, 67.0], "point": [190.13002303557718, 25.194522651650882], "phrase": "顶部横着的一道长裂缝"}], "caption": "顶部横着的一道长裂缝"}
6643637	{"image_id": "refcrack_0009282_0009282_00_1", "width": 416, "height": 416, "vrt_indices": [47, 48, 49, 56, 64, 65, 66, 68, 69, 70, 71, 72, 90, 91, 117, 118], "patch_points": [[258.0, 19.0], [272.0, 17.0], [284.0, 15.0], [385.0, 14.0], [88.0, 29.0], [106.0, 30.0], [118.0, 33.0], [146.0, 31.0], [160.0, 31.0], [173.0, 30.0], [189.0, 28.0], [201.0, 28.0], [48.0, 48.0], [61.0, 45.0], [19.0, 58.0], [29.0, 56.0]], "conversations": [{"role": "user", "content": [{"type": "image", "image": "/home/yrquni/Downloads/Unilab/PaDT/dataset/dataset_root/images/0009282.png"}, {"type": "text", "text": "偏上部分水平拉通的裂缝"}]}, {"role": "assistant", "content": [{"type": "text", "text": "<|object_ref_start|><|box_start|><0><0><161><942><|box_end|><|point_start|><60><457><|point_end|>"}]}], "boxes": [{"bbox": [0.0, 0.0, 392.0, 67.0], "point": [190.13002303557718, 25.194522651650882], "phrase": "偏上部分水平拉通的裂缝"}], "caption": "偏上部分水平拉通的裂缝"}
6684606	{"image_id": "refcrack_0009282_0009282_00_2", "width": 416, "height": 416, "vrt_indices": [47, 48, 49, 56, 64, 65, 66, 68, 69, 70, 71, 72, 90, 91, 117, 118], "patch_points": [[258.0, 19.0], [272.0, 17.0], [284.0, 15.0], [385.0, 14.0], [88.0, 29.0], [106.0, 30.0], [118.0, 33.0], [146.0, 31.0], [160.0, 31.0], [173.0, 30.0], [189.0, 28.0], [201.0, 28.0], [48.0, 48.0], [61.0, 45.0], [19.0, 58.0], [29.0, 56.0]], "conversations": [{"role": "user", "content": [{"type": "image", "image": "/home/yrquni/Downloads/Unilab/PaDT/dataset/dataset_root/images/0009282.png"}, {"type": "text", "text": "最上边几乎贯穿画面的裂缝"}]}, {"role": "assistant", "content": [{"type": "text", "text": "<|object_ref_start|><|box_start|><0><0><161><942><|box_end|><|point_start|><60><457><|point_end|>"}]}], "boxes": [{"bbox": [0.0, 0.0, 392.0, 67.0], "point": [190.13002303557718, 25.194522651650882], "phrase": "最上边几乎贯穿画面的裂缝"}], "caption": "最上边几乎贯穿画面的裂缝"}
6725575	{"image_id": "refcrack_0009282_0009282_00_3", "width": 416, "height": 416, "vrt_indices": [47, 48, 49, 56, 64, 65, 66, 68, 69, 70, 71, 72, 90, 91, 117, 118], "patch_points": [[258.0, 19.0], [272.0, 17.0], [284.0, 15.0], [385.0, 14.0], [88.0, 29.0], [106.0, 30.0], [118.0, 33.0], [146.0, 31.0], [160.0, 31.0], [173.0, 30.0], [189.0, 28.0], [201.0, 28.0], [48.0, 48.0], [61.0, 45.0], [19.0, 58.0], [29.0, 56.0]], "conversations": [{"role": "user", "content": [{"type": "image", "image": "/home/yrquni/Downloads/Unilab/PaDT/dataset/dataset_root/images/0009282.png"}, {"type": "text", "text": "上方区域比较平直连贯的裂缝"}]}, {"role": "assistant", "content": [{"type": "text", "text": "<|object_ref_start|><|box_start|><0><0><161><942><|box_end|><|point_start|><60><457><|point_end|>"}]}], "boxes": [{"bbox": [0.0, 0.0, 392.0, 67.0], "point": [190.13002303557718, 25.194522651650882], "phrase": "上方区域比较平直连贯的裂缝"}], "caption": "上方区域比较平直连贯的裂缝"}
6766544	{"image_id": "refcrack_0009282_0009282_00_4", "width": 416, "height": 416, "vrt_indices": [47, 48, 49, 56, 64, 65, 66, 68, 69, 70, 71, 72, 90, 91, 117, 118], "patch_points": [[258.0, 19.0], [272.0, 17.0], [284.0, 15.0], [385.0, 14.0], [88.0, 29.0], [106.0, 30.0], [118.0, 33.0], [146.0, 31.0], [160.0, 31.0], [173.0, 30.0], [189.0, 28.0], [201.0, 28.0], [48.0, 48.0], [61.0, 45.0], [19.0, 58.0], [29.0, 56.0]], "conversations": [{"role": "user", "content": [{"type": "image", "image": "/home/yrquni/Downloads/Unilab/PaDT/dataset/dataset_root/images/0009282.png"}, {"type": "text", "text": "顶部走势平稳、长度较长的裂缝"}]}, {"role": "assistant", "content": [{"type": "text", "text": "<|object_ref_start|><|box_start|><0><0><161><942><|box_end|><|point_start|><60><457><|point_end|>"}]}], "boxes": [{"bbox": [0.0, 0.0, 392.0, 67.0], "point": [190.13002303557718, 25.194522651650882], "phrase": "顶部走势平稳、长度较长的裂缝"}], "caption": "顶部走势平稳、长度较长的裂缝"}
6807513	{"image_id": "refcrack_0009282_0009282_01_0", "width": 416, "height": 416, "vrt_indices": [371, 372, 375, 376, 395, 396, 397, 398, 414, 415, 416, 418, 419, 420, 421, 436, 437, 438], "patch_points": [[329.0, 176.0], [342.0, 172.0], [385.0, 170.0], [398.0, 170.0], [258.0, 187.0], [272.0, 185.0], [286.0, 185.0], [300.0, 185.0], [119.0, 204.0], [132.0, 204.0], [146.0, 205.0], [174.0, 199.0], [188.0, 198.0], [203.0, 198.0], [216.0, 198.0], [20.0, 214.0], [34.0, 213.0], [48.0, 212.0]], "conversations": [{"role": "user", "content": [{"type": "image", "image": "/home/yrquni/Downloads/Unilab/PaDT/dataset/dataset_root/images/0009282.png"}, {"type": "text", "text": "横贯画面中间的一道弯弯曲曲的裂缝"}]}, {"role": "assistant", "content": [{"type": "text", "text": "<|object_ref_start|><|box_start|><391><9><526><990><|box_end|><|point_start|><464><492><|point_end|>"}]}], "boxes": [{"bbox": [4.0, 163.0, 412.0, 219.0], "point": [204.97682472029834, 193.05221097496005], "phrase": "横贯画面中间的一道弯弯曲曲的裂缝"}], "caption": "横贯画面中间的一道弯弯曲曲的裂缝"}
6848482	{"image_id": "refcrack_0009282_0009282_01_4", "width": 416, "height": 416, "vrt_indices": [371, 372, 375, 376, 395, 396, 397, 398, 414, 415, 416, 418, 419, 420, 421, 436, 437, 438], "patch_points": [[329.0, 176.0], [342.0, 172.0], [385.0, 170.0], [398.0, 170.0], [258.0, 187.0], [272.0, 185.0], [286.0, 185.0], [300.0, 185.0], [119.0, 204.0], [132.0, 204.0], [146.0, 205.0], [174.0, 199.0], [188.0, 198.0], [203.0, 198.0], [216.0, 198.0], [20.0, 214.0], [34.0, 213.0], [48.0, 212.0]], "conversations": [{"role": "user", "content": [{"type": "image", "image": "/home/yrquni/Downloads/Unilab/PaDT/dataset/dataset_root/images/0009282.png"}, {"type": "text", "text": "画面中上部下方，横向延展且轮廓有点波动的裂缝"}]}, {"role": "assistant", "content": [{"type": "text", "text": "<|object_ref_start|><|box_start|><391><9><526><990><|box_end|><|point_start|><464><492><|point_end|>"}]}], "boxes": [{"bbox": [4.0, 163.0, 412.0, 219.0], "point": [204.97682472029834, 193.05221097496005], "phrase": "画面中上部下方，横向延展且轮廓有点波动的裂缝"}], "caption": "画面中上部下方，横向延展且轮廓有点波动的裂缝"}
6889451	{"image_id": "refcrack_0009289_0009289_00_1", "width": 416, "height": 416, "vrt_indices": [307, 335, 337, 347, 367, 376, 392, 397, 398, 399, 400, 401, 402, 403, 404, 421, 447, 449, 475, 504, 530, 531, 532], "patch_points": [[244.0, 148.0], [229.0, 159.0], [261.0, 159.0], [402.0, 161.0], [274.0, 173.0], [398.0, 175.0], [215.0, 189.0], [287.0, 188.0], [300.0, 188.0], [314.0, 185.0], [329.0, 186.0], [343.0, 188.0], [356.0, 189.0], [371.0, 190.0], [384.0, 188.0], [212.0, 201.0], [175.0, 215.0], [202.0, 215.0], [159.0, 230.0], [157.0, 244.0], [118.0, 258.0], [133.0, 257.0], [146.0, 257.0]], "conversations": [{"role": "user", "content": [{"type": "image", "image": "/home/yrquni/Downloads/Unilab/PaDT/dataset/dataset_root/images/0009289.png"}, {"type": "text", "text": "左边宽裂缝旁边的那条蜿蜒长缝"}]}, {"role": "assistant", "content": [{"type": "text", "text": "<|object_ref_start|><|box_start|><341><165><646><983><|box_end|><|point_start|><477><602><|point_end|>"}]}], "boxes": [{"bbox": [69.0, 142.0, 409.0, 269.0], "point": [250.5298245614035, 198.84163742690058], "phrase": "左边宽裂缝旁边的那条蜿蜒长缝"}], "caption": "左边宽裂缝旁边的那条蜿蜒长缝"}
6966840	{"image_id": "refcrack_0009289_0009289_01_0", "width": 416, "height": 416, "vrt_indices": [327, 352, 435, 436, 438], "patch_points": [[118.0, 161.0], [60.0, 172.0], [6.0, 217.0], [20.0, 220.0], [46.0, 215.0]], "conversations": [{"role": "user", "content": [{"type": "image", "image": "/home/yrquni/Downloads/Unilab/PaDT/dataset/dataset_root/images/0009289.png"}, {"type": "text", "text": "左侧一段波浪形的短裂缝"}]}, {"role": "assistant", "content": [{"type": "text", "text": "<|object_ref_start|><|box_start|><353><0><545><362><|box_end|><|point_start|><450><156><|point_end|>"}]}], "boxes": [{"bbox": [0.0, 147.0, 151.0, 227.0], "point": [65.10588972431077, 187.4718045112782], "phrase": "左侧一段波浪形的短裂缝"}], "caption": "左侧一段波浪形的短裂缝"}
7044229	{"image_id": "refcrack_0009289_0009289_01_1", "width": 416, "height": 416, "vrt_indices": [327, 352, 435, 436, 438], "patch_points": [[118.0, 161.0], [60.0, 172.0], [6.0, 217.0], [20.0, 220.0], [46.0, 215.0]], "conversations": [{"role": "user", "content": [{"type": "image", "image": "/home/yrquni/Downloads/Unilab/PaDT/dataset/dataset_root/images/0009289.png"}, {"type": "text", "text": "靠近左边缘向右延伸的弯曲裂缝"}]}, {"role": "assistant", "content": [{"type": "text", "text": "<|object_ref_start|><|box_start|><353><0><545><362><|box_end|><|point_start|><450><156><|point_end|>"}]}], "boxes": [{"bbox": [0.0, 147.0, 151.0, 227.0], "point": [65.10588972431077, 187.4718045112782], "phrase": "靠近左边缘向右延伸的弯曲裂缝"}], "caption": "靠近左边缘向右延伸的弯曲裂缝"}
7121618	{"image_id": "refcrack_0009289_0009289_01_2", "width": 416, "height": 416, "vrt_indices": [327, 352, 435, 436, 438], "patch_points": [[118.0, 161.0], [60.0, 172.0], [6.0, 217.0], [20.0, 220.0], [46.0, 215.0]], "conversations": [{"role": "user", "content": [{"type": "image", "image": "/home/yrquni/Downloads/Unilab/PaDT/dataset/dataset_root/images/0009289.png"}, {"type": "text", "text": "偏左区域紧邻深色斑块的曲折裂缝"}]}, {"role": "assistant", "content": [{"type": "text", "text": "<|object_ref_start|><|box_start|><353><0><545><362><|box_end|><|point_start|><450><156><|point_end|>"}]}], "boxes": [{"bbox": [0.0, 147.0, 151.0, 227.0], "point": [65.10588972431077, 187.4718045112782], "phrase": "偏左区域紧邻深色斑块的曲折裂缝"}], "caption": "偏左区域紧邻深色斑块的曲折裂缝"}
7199007	{"image_id": "refcrack_0009289_0009289_01_3", "width": 416, "height": 416, "vrt_indices": [327, 352, 435, 436, 438], "patch_points": [[118.0, 161.0], [60.0, 172.0], [6.0, 217.0], [20.0, 220.0], [46.0, 215.0]], "conversations": [{"role": "user", "content": [{"type": "image", "image": "/home/yrquni/Downloads/Unilab/PaDT/dataset/dataset_root/images/0009289.png"}, {"type": "text", "text": "从左部起始、呈起伏状的短裂缝"}]}, {"role": "assistant", "content": [{"type": "text", "text": "<|object_ref_start|><|box_start|><353><0><545><362><|box_end|><|point_start|><450><156><|point_end|>"}]}], "boxes": [{"bbox": [0.0, 147.0, 151.0, 227.0], "point": [65.10588972431077, 187.4718045112782], "phrase": "从左部起始、呈起伏状的短裂缝"}], "caption": "从左部起始、呈起伏状的短裂缝"}
7276396	{"image_id": "refcrack_0009289_0009289_01_4", "width": 416, "height": 416, "vrt_indices": [327, 352, 435, 436, 438], "patch_points": [[118.0, 161.0], [60.0, 172.0], [6.0, 217.0], [20.0, 220.0], [46.0, 215.0]], "conversations": [{"role": "user", "content": [{"type": "image", "image": "/home/yrquni/Downloads/Unilab/PaDT/dataset/dataset_root/images/0009289.png"}, {"type": "text", "text": "左半部分中形态呈小波动的裂缝"}]}, {"role": "assistant", "content": [{"type": "text", "text": "<|object_ref_start|><|box_start|><353><0><545><362><|box_end|><|point_start|><450><156><|point_end|>"}]}], "boxes": [{"bbox": [0.0, 147.0, 151.0, 227.0], "point": [65.10588972431077, 187.4718045112782], "phrase": "左半部分中形态呈小波动的裂缝"}], "caption": "左半部分中形态呈小波动的裂缝"}
7353785	{"image_id": "refcrack_0009290_0009290_00_1", "width": 416, "height": 416, "vrt_indices": [15, 44, 102, 134, 164, 193, 337], "patch_points": [[215.0, 6.0], [212.0, 20.0], [217.0, 46.0], [260.0, 61.0], [269.0, 76.0], [271.0, 91.0], [259.0, 156.0]], "conversations": [{"role": "user", "content": [{"type": "image", "image": "/home/yrquni/Downloads/Unilab/PaDT/dataset/dataset_root/images/0009290.png"}, {"type": "text", "text": "深色斑块右边、下方长裂缝上头的弯曲缝"}]}, {"role": "assistant", "content": [{"type": "text", "text": "<|object_ref_start|><|box_start|><0><487><379><685><|box_end|><|point_start|><164><586><|point_end|>"}]}], "boxes": [{"bbox": [203.0, 0.0, 285.0, 158.0], "point": [244.0212277682157, 68.60240963855422], "phrase": "深色斑块右边、下方长裂缝上头的弯曲缝"}], "caption": "深色斑块右边、下方长裂缝上头的弯曲缝"}
7429786	{"image_id": "refcrack_0009290_0009290_00_2", "width": 416, "height": 416, "vrt_indices": [15, 44, 102, 134, 164, 193, 337], "patch_points": [[215.0, 6.0], [212.0, 20.0], [217.0, 46.0], [260.0, 61.0], [269.0, 76.0], [271.0, 91.0], [259.0, 156.0]], "conversations": [{"role": "user", "content": [{"type": "image", "image": "/home/yrquni/Downloads/Unilab/PaDT/dataset/dataset_root/images/0009290.png"}, {"type": "text", "text": "靠近顶部，像小蛇蜿蜒的裂缝"}]}, {"role": "assistant", "content": [{"type": "text", "text": "<|object_ref_start|><|box_start|><0><487><379><685><|box_end|><|point_start|><164><586><|point_end|>"}]}], "boxes": [{"bbox": [203.0, 0.0, 285.0, 158.0], "point": [244.0212277682157, 68.60240963855422], "phrase": "靠近顶部，像小蛇蜿蜒的裂缝"}], "caption": "靠近顶部，像小蛇蜿蜒的裂缝"}
7505787	{"image_id": "refcrack_0009290_0009290_00_3", "width": 416, "height": 416, "vrt_indices": [15, 44, 102, 134, 164, 193, 337], "patch_points": [[215.0, 6.0], [212.0, 20.0], [217.0, 46.0], [260.0, 61.0], [269.0, 76.0], [271.0, 91.0], [259.0, 156.0]], "conversations": [{"role": "user", "content": [{"type": "image", "image": "/home/yrquni/Downloads/Unilab/PaDT/dataset/dataset_root/images/0009290.png"}, {"type": "text", "text": "砂砾地面上部，比下面主裂缝短且更曲折的缝"}]}, {"role": "assistant", "content": [{"type": "text", "text": "<|object_ref_start|><|box_start|><0><487><379><685><|box_end|><|point_start|><164><586><|point_end|>"}]}], "boxes": [{"bbox": [203.0, 0.0, 285.0, 158.0], "point": [244.0212277682157, 68.60240963855422], "phrase": "砂砾地面上部，比下面主裂缝短且更曲折的缝"}], "caption": "砂砾地面上部，比下面主裂缝短且更曲折的缝"}
7581788	{"image_id": "refcrack_0009290_0009290_00_4", "width": 416, "height": 416, "vrt_indices": [15, 44, 102, 134, 164, 193, 337], "patch_points": [[215.0, 6.0], [212.0, 20.0], [217.0, 46.0], [260.0, 61.0], [269.0, 76.0], [271.0, 91.0], [259.0, 156.0]], "conversations": [{"role": "user", "content": [{"type": "image", "image": "/home/yrquni/Downloads/Unilab/PaDT/dataset/dataset_root/images/0009290.png"}, {"type": "text", "text": "上部偏中间，以连续小转折形成曲线的裂缝"}]}, {"role": "assistant", "content": [{"type": "text", "text": "<|object_ref_start|><|box_start|><0><487><379><685><|box_end|><|point_start|><164><586><|point_end|>"}]}], "boxes": [{"bbox": [203.0, 0.0, 285.0, 158.0], "point": [244.0212277682157, 68.60240963855422], "phrase": "上部偏中间，以连续小转折形成曲线的裂缝"}], "caption": "上部偏中间，以连续小转折形成曲线的裂缝"}
7657789	{"image_id": "refcrack_0009290_0009290_01_0", "width": 416, "height": 416, "vrt_indices": [243, 273, 331, 363, 450, 481, 512, 570, 598, 625, 654, 655, 684, 741, 770, 799, 828], "patch_points": [[163.0, 117.0], [170.0, 132.0], [175.0, 158.0], [216.0, 174.0], [217.0, 216.0], [245.0, 228.0], [273.0, 244.0], [272.0, 271.0], [256.0, 285.0], [232.0, 302.0], [232.0, 314.0], [242.0, 317.0], [241.0, 328.0], [232.0, 357.0], [231.0, 371.0], [229.0, 384.0], [231.0, 398.0]], "conversations": [{"role": "user", "content": [{"type": "image", "image": "/home/yrquni/Downloads/Unilab/PaDT/dataset/dataset_root/images/0009290.png"}, {"type": "text", "text": "中下部蜿蜒伸展的长裂缝"}]}, {"role": "assistant", "content": [{"type": "text", "text": "<|object_ref_start|><|box_start|><165><377><995><685><|box_end|><|point_start|><601><535><|point_end|>"}]}], "boxes": [{"bbox": [157.0, 69.0, 285.0, 414.0], "point": [222.6767537826685, 250.28748280605228], "phrase": "中下部蜿蜒伸展的长裂缝"}], "caption": "中下部蜿蜒伸展的长裂缝"}
7733790	{"image_id": "refcrack_0009290_0009290_01_4", "width": 416, "height": 416, "vrt_indices": [243, 273, 331, 363, 450, 481, 512, 570, 598, 625, 654, 655, 684, 741, 770, 799, 828], "patch_points": [[163.0, 117.0], [170.0, 132.0], [175.0, 158.0], [216.0, 174.0], [217.0, 216.0], [245.0, 228.0], [273.0, 244.0], [272.0, 271.0], [256.0, 285.0], [232.0, 302.0], [232.0, 314.0], [242.0, 317.0], [241.0, 328.0], [232.0, 357.0], [231.0, 371.0], [229.0, 384.0], [231.0, 398.0]], "conversations": [{"role": "user", "content": [{"type": "image", "image": "/home/yrquni/Downloads/Unilab/PaDT/dataset/dataset_root/images/0009290.png"}, {"type": "text", "text": "粗糙地面上从左上至右下、走势灵动的长裂缝"}]}, {"role": "assistant", "content": [{"type": "text", "text": "<|object_ref_start|><|box_start|><165><377><995><685><|box_end|><|point_start|><601><535><|point_end|>"}]}], "boxes": [{"bbox": [157.0, 69.0, 285.0, 414.0], "point": [222.6767537826685, 250.28748280605228], "phrase": "粗糙地面上从左上至右下、走势灵动的长裂缝"}], "caption": "粗糙地面上从左上至右下、走势灵动的长裂缝"}
7809791	{"image_id": "refcrack_0009291_0009291_00_2", "width": 416, "height": 416, "vrt_indices": [374, 375, 401, 402, 405, 415, 416, 427, 428, 429, 441, 446, 448, 449, 455, 476, 484, 539, 540, 541], "patch_points": [[371.0, 176.0], [384.0, 175.0], [343.0, 189.0], [355.0, 186.0], [400.0, 187.0], [132.0, 201.0], [147.0, 202.0], [300.0, 204.0], [315.0, 204.0], [328.0, 200.0], [90.0, 212.0], [161.0, 216.0], [189.0, 218.0], [202.0, 216.0], [289.0, 217.0], [174.0, 231.0], [285.0, 230.0], [246.0, 256.0], [258.0, 260.0], [272.0, 258.0]], "conversations": [{"role": "user", "content": [{"type": "image", "image": "/home/yrquni/Downloads/Unilab/PaDT/dataset/dataset_root/images/0009291.png"}, {"type": "text", "text": "呈波浪形横跨画面中上部的裂缝"}]}, {"role": "assistant", "content": [{"type": "text", "text": "<|object_ref_start|><|box_start|><406><165><641><997><|box_end|><|point_start|><511><612><|point_end|>"}]}], "boxes": [{"bbox": [69.0, 169.0, 415.0, 267.0], "point": [254.9145190099515, 212.79510079101811], "phrase": "呈波浪形横跨画面中上部的裂缝"}], "caption": "呈波浪形横跨画面中上部的裂缝"}
7886296	{"image_id": "refcrack_0009291_0009291_00_4", "width": 416, "height": 416, "vrt_indices": [374, 375, 401, 402, 405, 415, 416, 427, 428, 429, 441, 446, 448, 449, 455, 476, 484, 539, 540, 541], "patch_points": [[371.0, 176.0], [384.0, 175.0], [343.0, 189.0], [355.0, 186.0], [400.0, 187.0], [132.0, 201.0], [147.0, 202.0], [300.0, 204.0], [315.0, 204.0], [328.0, 200.0], [90.0, 212.0], [161.0, 216.0], [189.0, 218.0], [202.0, 216.0], [289.0, 217.0], [174.0, 231.0], [285.0, 230.0], [246.0, 256.0], [258.0, 260.0], [272.0, 258.0]], "conversations": [{"role": "user", "content": [{"type": "image", "image": "/home/yrquni/Downloads/Unilab/PaDT/dataset/dataset_root/images/0009291.png"}, {"type": "text", "text": "比下方两条短竖缝长、连接深浅区域的曲折裂缝"}]}, {"role": "assistant", "content": [{"type": "text", "text": "<|object_ref_start|><|box_start|><406><165><641><997><|box_end|><|point_start|><511><612><|point_end|>"}]}], "boxes": [{"bbox": [69.0, 169.0, 415.0, 267.0], "point": [254.9145190099515, 212.79510079101811], "phrase": "比下方两条短竖缝长、连接深浅区域的曲折裂缝"}], "caption": "比下方两条短竖缝长、连接深浅区域的曲折裂缝"}
7962801	{"image_id": "refcrack_0009291_0009291_01_0", "width": 416, "height": 416, "vrt_indices": [554, 555, 556, 581, 582, 591, 615, 619], "patch_points": [[48.0, 273.0], [63.0, 272.0], [71.0, 276.0], [21.0, 287.0], [32.0, 285.0], [160.0, 286.0], [89.0, 302.0], [147.0, 301.0]], "conversations": [{"role": "user", "content": [{"type": "image", "image": "/home/yrquni/Downloads/Unilab/PaDT/dataset/dataset_root/images/0009291.png"}, {"type": "text", "text": "左边偏下的一段弯弯的短裂缝"}]}, {"role": "assistant", "content": [{"type": "text", "text": "<|object_ref_start|><|box_start|><637><24><757><425><|box_end|><|point_start|><697><207><|point_end|>"}]}], "boxes": [{"bbox": [10.0, 265.0, 177.0, 315.0], "point": [86.12251056125528, 289.9529269764635], "phrase": "左边偏下的一段弯弯的短裂缝"}], "caption": "左边偏下的一段弯弯的短裂缝"}
8039306	{"image_id": "refcrack_0009291_0009291_01_1", "width": 416, "height": 416, "vrt_indices": [554, 555, 556, 581, 582, 591, 615, 619], "patch_points": [[48.0, 273.0], [63.0, 272.0], [71.0, 276.0], [21.0, 287.0], [32.0, 285.0], [160.0, 286.0], [89.0, 302.0], [147.0, 301.0]], "conversations": [{"role": "user", "content": [{"type": "image", "image": "/home/yrquni/Downloads/Unilab/PaDT/dataset/dataset_root/images/0009291.png"}, {"type": "text", "text": "深色脏斑下面的小波浪形裂缝"}]}, {"role": "assistant", "content": [{"type": "text", "text": "<|object_ref_start|><|box_start|><637><24><757><425><|box_end|><|point_start|><697><207><|point_end|>"}]}], "boxes": [{"bbox": [10.0, 265.0, 177.0, 315.0], "point": [86.12251056125528, 289.9529269764635], "phrase": "深色脏斑下面的小波浪形裂缝"}], "caption": "深色脏斑下面的小波浪形裂缝"}
8115811	{"image_id": "refcrack_0009325_0009325_00_0", "width": 416, "height": 416, "vrt_indices": [7, 37, 38, 39, 71, 72, 103, 135, 136, 137, 140, 170, 200, 260], "patch_points": [[104.0, 8.0], [119.0, 16.0], [132.0, 16.0], [148.0, 17.0], [189.0, 30.0], [203.0, 32.0], [230.0, 43.0], [274.0, 58.0], [286.0, 58.0], [299.0, 57.0], [346.0, 60.0], [358.0, 75.0], [374.0, 89.0], [401.0, 114.0]], "conversations": [{"role": "user", "content": [{"type": "image", "image": "/home/yrquni/Downloads/Unilab/PaDT/dataset/dataset_root/images/0009325.png"}, {"type": "text", "text": "顶部的波浪状裂缝"}]}, {"role": "assistant", "content": [{"type": "text", "text": "<|object_ref_start|><|box_start|><0><216><293><983><|box_end|><|point_start|><117><621><|point_end|>"}]}], "boxes": [{"bbox": [90.0, 0.0, 409.0, 122.0], "point": [258.6495433789954, 48.78462709284627], "phrase": "顶部的波浪状裂缝"}], "caption": "顶部的波浪状裂缝"}
8149816	{"image_id": "refcrack_0009325_0009325_00_2", "width": 416, "height": 416, "vrt_indices": [7, 37, 38, 39, 71, 72, 103, 135, 136, 137, 140, 170, 200, 260], "patch_points": [[104.0, 8.0], [119.0, 16.0], [132.0, 16.0], [148.0, 17.0], [189.0, 30.0], [203.0, 32.0], [230.0, 43.0], [274.0, 58.0], [286.0, 58.0], [299.0, 57.0], [346.0, 60.0], [358.0, 75.0], [374.0, 89.0], [401.0, 114.0]], "conversations": [{"role": "user", "content": [{"type": "image", "image": "/home/yrquni/Downloads/Unilab/PaDT/dataset/dataset_root/images/0009325.png"}, {"type": "text", "text": "横向蜿蜒、位置偏上的裂缝"}]}, {"role": "assistant", "content": [{"type": "text", "text": "<|object_ref_start|><|box_start|><0><216><293><983><|box_end|><|point_start|><117><621><|point_end|>"}]}], "boxes": [{"bbox": [90.0, 0.0, 409.0, 122.0], "point": [258.6495433789954, 48.78462709284627], "phrase": "横向蜿蜒、位置偏上的裂缝"}], "caption": "横向蜿蜒、位置偏上的裂缝"}
8183821	{"image_id": "refcrack_0009325_0009325_00_3", "width": 416, "height": 416, "vrt_indices": [7, 37, 38, 39, 71, 72, 103, 135, 136, 137, 140, 170, 200, 260], "patch_points": [[104.0, 8.0], [119.0, 16.0], [132.0, 16.0], [148.0, 17.0], [189.0, 30.0], [203.0, 32.0], [230.0, 43.0], [274.0, 58.0], [286.0, 58.0], [299.0, 57.0], [346.0, 60.0], [358.0, 75.0], [374.0, 89.0], [401.0, 114.0]], "conversations": [{"role": "user", "content": [{"type": "image", "image": "/home/yrquni/Downloads/Unilab/PaDT/dataset/dataset_root/images/0009325.png"}, {"type": "text", "text": "比下方裂缝更靠上、弯曲起伏的裂缝"}]}, {"role": "assistant", "content": [{"type": "text", "text": "<|object_ref_start|><|box_start|><0><216><293><983><|box_end|><|point_start|><117><621><|point_end|>"}]}], "boxes": [{"bbox": [90.0, 0.0, 409.0, 122.0], "point": [258.6495433789954, 48.78462709284627], "phrase": "比下方裂缝更靠上、弯曲起伏的裂缝"}], "caption": "比下方裂缝更靠上、弯曲起伏的裂缝"}
8217826	{"image_id": "refcrack_0009325_0009325_01_1", "width": 416, "height": 416, "vrt_indices": [542, 543, 544, 545, 569, 570, 576, 577, 578, 579, 585, 586, 596, 597, 616, 617, 618, 623, 649, 650, 697, 725], "patch_points": [[286.0, 258.0], [300.0, 256.0], [315.0, 257.0], [327.0, 260.0], [258.0, 273.0], [271.0, 269.0], [357.0, 270.0], [370.0, 273.0], [384.0, 275.0], [398.0, 275.0], [77.0, 286.0], [89.0, 288.0], [231.0, 288.0], [243.0, 284.0], [105.0, 299.0], [118.0, 301.0], [132.0, 304.0], [202.0, 298.0], [160.0, 315.0], [174.0, 314.0], [17.0, 341.0], [5.0, 354.0]], "conversations": [{"role": "user", "content": [{"type": "image", "image": "/home/yrquni/Downloads/Unilab/PaDT/dataset/dataset_root/images/0009325.png"}, {"type": "text", "text": "在上面那条裂缝正下方，走势起伏的裂缝"}]}, {"role": "assistant", "content": [{"type": "text", "text": "<|object_ref_start|><|box_start|><596><0><865><975><|box_end|><|point_start|><690><521><|point_end|>"}]}], "boxes": [{"bbox": [0.0, 248.0, 406.0, 360.0], "point": [217.05017835909632, 287.23495838287755], "phrase": "在上面那条裂缝正下方，走势起伏的裂缝"}], "caption": "在上面那条裂缝正下方，走势起伏的裂缝"}
8251831	{"image_id": "refcrack_0009325_0009325_01_3", "width": 416, "height": 416, "vrt_indices": [542, 543, 544, 545, 569, 570, 576, 577, 578, 579, 585, 586, 596, 597, 616, 617, 618, 623, 649, 650, 697, 725], "patch_points": [[286.0, 258.0], [300.0, 256.0], [315.0, 257.0], [327.0, 260.0], [258.0, 273.0], [271.0, 269.0], [357.0, 270.0], [370.0, 273.0], [384.0, 275.0], [398.0, 275.0], [77.0, 286.0], [89.0, 288.0], [231.0, 288.0], [243.0, 284.0], [105.0, 299.0], [118.0, 301.0], [132.0, 304.0], [202.0, 298.0], [160.0, 315.0], [174.0, 314.0], [17.0, 341.0], [5.0, 354.0]], "conversations": [{"role": "user", "content": [{"type": "image", "image": "/home/yrquni/Downloads/Unilab/PaDT/dataset/dataset_root/images/0009325.png"}, {"type": "text", "text": "墙面下半部分，大体水平但弯弯曲曲的裂缝"}]}, {"role": "assistant", "content": [{"type": "text", "text": "<|object_ref_start|><|box_start|><596><0><865><975><|box_end|><|point_start|><690><521><|point_end|>"}]}], "boxes": [{"bbox": [0.0, 248.0, 406.0, 360.0], "point": [217.05017835909632, 287.23495838287755], "phrase": "墙面下半部分，大体水平但弯弯曲曲的裂缝"}], "caption": "墙面下半部分，大体水平但弯弯曲曲的裂缝"}
8285836	{"image_id": "refcrack_0009325_0009325_01_4", "width": 416, "height": 416, "vrt_indices": [542, 543, 544, 545, 569, 570, 576, 577, 578, 579, 585, 586, 596, 597, 616, 617, 618, 623, 649, 650, 697, 725], "patch_points": [[286.0, 258.0], [300.0, 256.0], [315.0, 257.0], [327.0, 260.0], [258.0, 273.0], [271.0, 269.0], [357.0, 270.0], [370.0, 273.0], [384.0, 275.0], [398.0, 275.0], [77.0, 286.0], [89.0, 288.0], [231.0, 288.0], [243.0, 284.0], [105.0, 299.0], [118.0, 301.0], [132.0, 304.0], [202.0, 298.0], [160.0, 315.0], [174.0, 314.0], [17.0, 341.0], [5.0, 354.0]], "conversations": [{"role": "user", "content": [{"type": "image", "image": "/home/yrquni/Downloads/Unilab/PaDT/dataset/dataset_root/images/0009325.png"}, {"type": "text", "text": "从左下角开始，先往上弯一点再往右，中间还拐了个弯的裂缝"}]}, {"role": "assistant", "content": [{"type": "text", "text": "<|object_ref_start|><|box_start|><596><0><865><975><|box_end|><|point_start|><690><521><|point_end|>"}]}], "boxes": [{"bbox": [0.0, 248.0, 406.0, 360.0], "point": [217.05017835909632, 287.23495838287755], "phrase": "从左下角开始，先往上弯一点再往右，中间还拐了个弯的裂缝"}], "caption": "从左下角开始，先往上弯一点再往右，中间还拐了个弯的裂缝"}
8319841	{"image_id": "refcrack_0009326_0009326_00_0", "width": 416, "height": 416, "vrt_indices": [202, 231, 277, 304, 307, 308, 309, 310, 313, 331, 340, 341, 351, 352, 353, 358, 383, 384, 385], "patch_points": [[401.0, 90.0], [404.0, 102.0], [231.0, 133.0], [202.0, 146.0], [245.0, 142.0], [259.0, 143.0], [272.0, 147.0], [286.0, 148.0], [328.0, 145.0], [174.0, 157.0], [300.0, 159.0], [313.0, 157.0], [49.0, 172.0], [63.0, 176.0], [76.0, 177.0], [145.0, 171.0], [91.0, 186.0], [104.0, 186.0], [118.0, 185.0]], "conversations": [{"role": "user", "content": [{"type": "image", "image": "/home/yrquni/Downloads/Unilab/PaDT/dataset/dataset_root/images/0009326.png"}, {"type": "text", "text": "上半部分横贯的一道带起伏的裂缝"}]}, {"role": "assistant", "content": [{"type": "text", "text": "<|object_ref_start|><|box_start|><180><4><459><997><|box_end|><|point_start|><362><482><|point_end|>"}]}], "boxes": [{"bbox": [2.0, 75.0, 415.0, 191.0], "point": [200.8864864864865, 150.611583011583], "phrase": "上半部分横贯的一道带起伏的裂缝"}], "caption": "上半部分横贯的一道带起伏的裂缝"}
8352822	{"image_id": "refcrack_0009326_0009326_00_3", "width": 416, "height": 416, "vrt_indices": [202, 231, 277, 304, 307, 308, 309, 310, 313, 331, 340, 341, 351, 352, 353, 358, 383, 384, 385], "patch_points": [[401.0, 90.0], [404.0, 102.0], [231.0, 133.0], [202.0, 146.0], [245.0, 142.0], [259.0, 143.0], [272.0, 147.0], [286.0, 148.0], [328.0, 145.0], [174.0, 157.0], [300.0, 159.0], [313.0, 157.0], [49.0, 172.0], [63.0, 176.0], [76.0, 177.0], [145.0, 171.0], [91.0, 186.0], [104.0, 186.0], [118.0, 185.0]], "conversations": [{"role": "user", "content": [{"type": "image", "image": "/home/yrquni/Downloads/Unilab/PaDT/dataset/dataset_root/images/0009326.png"}, {"type": "text", "text": "墙面偏上的地方，一条蜿蜒且起伏明显的裂缝"}]}, {"role": "assistant", "content": [{"type": "text", "text": "<|object_ref_start|><|box_start|><180><4><459><997><|box_end|><|point_start|><362><482><|point_end|>"}]}], "boxes": [{"bbox": [2.0, 75.0, 415.0, 191.0], "point": [200.8864864864865, 150.611583011583], "phrase": "墙面偏上的地方，一条蜿蜒且起伏明显的裂缝"}], "caption": "墙面偏上的地方，一条蜿蜒且起伏明显的裂缝"}
8385803	{"image_id": "refcrack_0009326_0009326_00_4", "width": 416, "height": 416, "vrt_indices": [202, 231, 277, 304, 307, 308, 309, 310, 313, 331, 340, 341, 351, 352, 353, 358, 383, 384, 385], "patch_points": [[401.0, 90.0], [404.0, 102.0], [231.0, 133.0], [202.0, 146.0], [245.0, 142.0], [259.0, 143.0], [272.0, 147.0], [286.0, 148.0], [328.0, 145.0], [174.0, 157.0], [300.0, 159.0], [313.0, 157.0], [49.0, 172.0], [63.0, 176.0], [76.0, 177.0], [145.0, 171.0], [91.0, 186.0], [104.0, 186.0], [118.0, 185.0]], "conversations": [{"role": "user", "content": [{"type": "image", "image": "/home/yrquni/Downloads/Unilab/PaDT/dataset/dataset_root/images/0009326.png"}, {"type": "text", "text": "从左边起，先向右上方、再折向右侧，带着多处小弯曲的裂缝"}]}, {"role": "assistant", "content": [{"type": "text", "text": "<|object_ref_start|><|box_start|><180><4><459><997><|box_end|><|point_start|><362><482><|point_end|>"}]}], "boxes": [{"bbox": [2.0, 75.0, 415.0, 191.0], "point": [200.8864864864865, 150.611583011583], "phrase": "从左边起，先向右上方、再折向右侧，带着多处小弯曲的裂缝"}], "caption": "从左边起，先向右上方、再折向右侧，带着多处小弯曲的裂缝"}
8418784	{"image_id": "refcrack_0009326_0009326_01_2", "width": 416, "height": 416, "vrt_indices": [640, 670, 700, 730, 733, 734, 765, 766, 798, 799], "patch_points": [[33.0, 317.0], [44.0, 331.0], [59.0, 345.0], [74.0, 361.0], [119.0, 360.0], [132.0, 360.0], [160.0, 374.0], [174.0, 374.0], [216.0, 387.0], [230.0, 389.0]], "conversations": [{"role": "user", "content": [{"type": "image", "image": "/home/yrquni/Downloads/Unilab/PaDT/dataset/dataset_root/images/0009326.png"}, {"type": "text", "text": "从左下角往右下延伸的弯曲细缝"}]}, {"role": "assistant", "content": [{"type": "text", "text": "<|object_ref_start|><|box_start|><725><31><997><713><|box_end|><|point_start|><884><356><|point_end|>"}]}], "boxes": [{"bbox": [13.0, 302.0, 297.0, 415.0], "point": [148.37618147448015, 367.8449905482042], "phrase": "从左下角往右下延伸的弯曲细缝"}], "caption": "从左下角往右下延伸的弯曲细缝"}
8451765	{"image_id": "refcrack_0009327_0009327_00_0", "width": 416, "height": 416, "vrt_indices": [37, 65, 93, 121, 149, 236, 265, 294, 351, 380, 466, 495, 524, 552, 639, 667], "patch_points": [[113.0, 17.0], [101.0, 31.0], [85.0, 44.0], [72.0, 58.0], [58.0, 72.0], [58.0, 120.0], [60.0, 132.0], [58.0, 145.0], [44.0, 175.0], [44.0, 188.0], [31.0, 230.0], [29.0, 243.0], [28.0, 255.0], [18.0, 273.0], [16.0, 312.0], [3.0, 325.0]], "conversations": [{"role": "user", "content": [{"type": "image", "image": "/home/yrquni/Downloads/Unilab/PaDT/dataset/dataset_root/images/0009327.png"}, {"type": "text", "text": "左侧的曲折裂缝"}]}, {"role": "assistant", "content": [{"type": "text", "text": "<|object_ref_start|><|box_start|><4><0><798><295><|box_end|><|point_start|><386><118><|point_end|>"}]}], "boxes": [{"bbox": [0.0, 2.0, 123.0, 332.0], "point": [49.28084648493544, 160.72309899569584], "phrase": "左侧的曲折裂缝"}], "caption": "左侧的曲折裂缝"}
8486438	{"image_id": "refcrack_0009327_0009327_00_3", "width": 416, "height": 416, "vrt_indices": [37, 65, 93, 121, 149, 236, 265, 294, 351, 380, 466, 495, 524, 552, 639, 667], "patch_points": [[113.0, 17.0], [101.0, 31.0], [85.0, 44.0], [72.0, 58.0], [58.0, 72.0], [58.0, 120.0], [60.0, 132.0], [58.0, 145.0], [44.0, 175.0], [44.0, 188.0], [31.0, 230.0], [29.0, 243.0], [28.0, 255.0], [18.0, 273.0], [16.0, 312.0], [3.0, 325.0]], "conversations": [{"role": "user", "content": [{"type": "image", "image": "/home/yrquni/Downloads/Unilab/PaDT/dataset/dataset_root/images/0009327.png"}, {"type": "text", "text": "左上到左下、波浪状走势的裂缝"}]}, {"role": "assistant", "content": [{"type": "text", "text": "<|object_ref_start|><|box_start|><4><0><798><295><|box_end|><|point_start|><386><118><|point_end|>"}]}], "boxes": [{"bbox": [0.0, 2.0, 123.0, 332.0], "point": [49.28084648493544, 160.72309899569584], "phrase": "左上到左下、波浪状走势的裂缝"}], "caption": "左上到左下、波浪状走势的裂缝"}
8521111	{"image_id": "refcrack_0009327_0009327_00_4", "width": 416, "height": 416, "vrt_indices": [37, 65, 93, 121, 149, 236, 265, 294, 351, 380, 466, 495, 524, 552, 639, 667], "patch_points": [[113.0, 17.0], [101.0, 31.0], [85.0, 44.0], [72.0, 58.0], [58.0, 72.0], [58.0, 120.0], [60.0, 132.0], [58.0, 145.0], [44.0, 175.0], [44.0, 188.0], [31.0, 230.0], [29.0, 243.0], [28.0, 255.0], [18.0, 273.0], [16.0, 312.0], [3.0, 325.0]], "conversations": [{"role": "user", "content": [{"type": "image", "image": "/home/yrquni/Downloads/Unilab/PaDT/dataset/dataset_root/images/0009327.png"}, {"type": "text", "text": "左半墙面上轮廓起伏的细长裂缝"}]}, {"role": "assistant", "content": [{"type": "text", "text": "<|object_ref_start|><|box_start|><4><0><798><295><|box_end|><|point_start|><386><118><|point_end|>"}]}], "boxes": [{"bbox": [0.0, 2.0, 123.0, 332.0], "point": [49.28084648493544, 160.72309899569584], "phrase": "左半墙面上轮廓起伏的细长裂缝"}], "caption": "左半墙面上轮廓起伏的细长裂缝"}
8555784	{"image_id": "refcrack_0009327_0009327_01_0", "width": 416, "height": 416, "vrt_indices": [106, 135, 164, 192, 221, 250, 279, 309, 339, 368, 398, 427, 456, 486, 516, 544, 573, 602, 630, 659, 717, 776, 837], "patch_points": [[272.0, 48.0], [270.0, 62.0], [269.0, 76.0], [259.0, 91.0], [259.0, 104.0], [261.0, 118.0], [262.0, 130.0], [275.0, 146.0], [285.0, 161.0], [289.0, 173.0], [298.0, 189.0], [302.0, 202.0], [304.0, 214.0], [316.0, 230.0], [325.0, 245.0], [317.0, 259.0], [315.0, 272.0], [313.0, 286.0], [304.0, 300.0], [302.0, 316.0], [298.0, 344.0], [316.0, 370.0], [357.0, 400.0]], "conversations": [{"role": "user", "content": [{"type": "image", "image": "/home/yrquni/Downloads/Unilab/PaDT/dataset/dataset_root/images/0009327.png"}, {"type": "text", "text": "右侧的一道长裂缝"}]}, {"role": "assistant", "content": [{"type": "text", "text": "<|object_ref_start|><|box_start|><21><603><997><896><|box_end|><|point_start|><476><705><|point_end|>"}]}], "boxes": [{"bbox": [251.0, 9.0, 373.0, 415.0], "point": [293.3762283575105, 198.16284510996724], "phrase": "右侧的一道长裂缝"}], "caption": "右侧的一道长裂缝"}
8590457	{"image_id": "refcrack_0009327_0009327_01_1", "width": 416, "height": 416, "vrt_indices": [106, 135, 164, 192, 221, 250, 279, 309, 339, 368, 398, 427, 456, 486, 516, 544, 573, 602, 630, 659, 717, 776, 837], "patch_points": [[272.0, 48.0], [270.0, 62.0], [269.0, 76.0], [259.0, 91.0], [259.0, 104.0], [261.0, 118.0], [262.0, 130.0], [275.0, 146.0], [285.0, 161.0], [289.0, 173.0], [298.0, 189.0], [302.0, 202.0], [304.0, 214.0], [316.0, 230.0], [325.0, 245.0], [317.0, 259.0], [315.0, 272.0], [313.0, 286.0], [304.0, 300.0], [302.0, 316.0], [298.0, 344.0], [316.0, 370.0], [357.0, 400.0]], "conversations": [{"role": "user", "content": [{"type": "image", "image": "/home/yrquni/Downloads/Unilab/PaDT/dataset/dataset_root/images/0009327.png"}, {"type": "text", "text": "从右上往右下蜿蜒的裂缝"}]}, {"role": "assistant", "content": [{"type": "text", "text": "<|object_ref_start|><|box_start|><21><603><997><896><|box_end|><|point_start|><476><705><|point_end|>"}]}], "boxes": [{"bbox": [251.0, 9.0, 373.0, 415.0], "point": [293.3762283575105, 198.16284510996724], "phrase": "从右上往右下蜿蜒的裂缝"}], "caption": "从右上往右下蜿蜒的裂缝"}
8625130	{"image_id": "refcrack_0009327_0009327_01_2", "width": 416, "height": 416, "vrt_indices": [106, 135, 164, 192, 221, 250, 279, 309, 339, 368, 398, 427, 456, 486, 516, 544, 573, 602, 630, 659, 717, 776, 837], "patch_points": [[272.0, 48.0], [270.0, 62.0], [269.0, 76.0], [259.0, 91.0], [259.0, 104.0], [261.0, 118.0], [262.0, 130.0], [275.0, 146.0], [285.0, 161.0], [289.0, 173.0], [298.0, 189.0], [302.0, 202.0], [304.0, 214.0], [316.0, 230.0], [325.0, 245.0], [317.0, 259.0], [315.0, 272.0], [313.0, 286.0], [304.0, 300.0], [302.0, 316.0], [298.0, 344.0], [316.0, 370.0], [357.0, 400.0]], "conversations": [{"role": "user", "content": [{"type": "image", "image": "/home/yrquni/Downloads/Unilab/PaDT/dataset/dataset_root/images/0009327.png"}, {"type": "text", "text": "靠近图片右边，贯穿中下部的裂缝"}]}, {"role": "assistant", "content": [{"type": "text", "text": "<|object_ref_start|><|box_start|><21><603><997><896><|box_end|><|point_start|><476><705><|point_end|>"}]}], "boxes": [{"bbox": [251.0, 9.0, 373.0, 415.0], "point": [293.3762283575105, 198.16284510996724], "phrase": "靠近图片右边，贯穿中下部的裂缝"}], "caption": "靠近图片右边，贯穿中下部的裂缝"}
8659803	{"image_id": "refcrack_0009327_0009327_01_4", "width": 416, "height": 416, "vrt_indices": [106, 135, 164, 192, 221, 250, 279, 309, 339, 368, 398, 427, 456, 486, 516, 544, 573, 602, 630, 659, 717, 776, 837], "patch_points": [[272.0, 48.0], [270.0, 62.0], [269.0, 76.0], [259.0, 91.0], [259.0, 104.0], [261.0, 118.0], [262.0, 130.0], [275.0, 146.0], [285.0, 161.0], [289.0, 173.0], [298.0, 189.0], [302.0, 202.0], [304.0, 214.0], [316.0, 230.0], [325.0, 245.0], [317.0, 259.0], [315.0, 272.0], [313.0, 286.0], [304.0, 300.0], [302.0, 316.0], [298.0, 344.0], [316.0, 370.0], [357.0, 400.0]], "conversations": [{"role": "user", "content": [{"type": "image", "image": "/home/yrquni/Downloads/Unilab/PaDT/dataset/dataset_root/images/0009327.png"}, {"type": "text", "text": "墙面右侧，从上方斜向下方且有转折的裂缝"}]}, {"role": "assistant", "content": [{"type": "text", "text": "<|object_ref_start|><|box_start|><21><603><997><896><|box_end|><|point_start|><476><705><|point_end|>"}]}], "boxes": [{"bbox": [251.0, 9.0, 373.0, 415.0], "point": [293.3762283575105, 198.16284510996724], "phrase": "墙面右侧，从上方斜向下方且有转折的裂缝"}], "caption": "墙面右侧，从上方斜向下方且有转折的裂缝"}
8694476	{"image_id": "refcrack_0009328_0009328_00_0", "width": 416, "height": 416, "vrt_indices": [81, 82, 83, 109, 110, 111, 138, 139, 166, 167, 168, 194, 195, 196, 222, 223, 250, 251, 278, 279, 306, 307, 335, 336, 363, 364, 392, 393, 421, 422, 450, 451], "patch_points": [[329.0, 35.0], [342.0, 34.0], [355.0, 32.0], [315.0, 48.0], [328.0, 48.0], [339.0, 45.0], [314.0, 62.0], [327.0, 62.0], [301.0, 77.0], [314.0, 76.0], [325.0, 75.0], [287.0, 91.0], [300.0, 90.0], [314.0, 89.0], [272.0, 104.0], [286.0, 103.0], [258.0, 118.0], [271.0, 117.0], [244.0, 132.0], [258.0, 132.0], [231.0, 147.0], [244.0, 146.0], [230.0, 160.0], [242.0, 160.0], [217.0, 175.0], [230.0, 174.0], [216.0, 188.0], [230.0, 188.0], [217.0, 203.0], [229.0, 203.0], [217.0, 213.0], [231.0, 215.0]], "conversations": [{"role": "user", "content": [{"type": "image", "image": "/home/yrquni/Downloads/Unilab/PaDT/dataset/dataset_root/images/0009328.png"}, {"type": "text", "text": "管道上方斜着往上的裂缝"}]}, {"role": "assistant", "content": [{"type": "text", "text": "<|object_ref_start|><|box_start|><45><500><531><901><|box_end|><|point_start|><273><657><|point_end|>"}]}], "boxes": [{"bbox": [208.0, 19.0, 375.0, 221.0], "point": [273.69667290796485, 113.70171395650296], "phrase": "管道上方斜着往上的裂缝"}], "caption": "管道上方斜着往上的裂缝"}
8730513	{"image_id": "refcrack_0009328_0009328_00_1", "width": 416, "height": 416, "vrt_indices": [81, 82, 83, 109, 110, 111, 138, 139, 166, 167, 168, 194, 195, 196, 222, 223, 250, 251, 278, 279, 306, 307, 335, 336, 363, 364, 392, 393, 421, 422, 450, 451], "patch_points": [[329.0, 35.0], [342.0, 34.0], [355.0, 32.0], [315.0, 48.0], [328.0, 48.0], [339.0, 45.0], [314.0, 62.0], [327.0, 62.0], [301.0, 77.0], [314.0, 76.0], [325.0, 75.0], [287.0, 91.0], [300.0, 90.0], [314.0, 89.0], [272.0, 104.0], [286.0, 103.0], [258.0, 118.0], [271.0, 117.0], [244.0, 132.0], [258.0, 132.0], [231.0, 147.0], [244.0, 146.0], [230.0, 160.0], [242.0, 160.0], [217.0, 175.0], [230.0, 174.0], [216.0, 188.0], [230.0, 188.0], [217.0, 203.0], [229.0, 203.0], [217.0, 213.0], [231.0, 215.0]], "conversations": [{"role": "user", "content": [{"type": "image", "image": "/home/yrquni/Downloads/Unilab/PaDT/dataset/dataset_root/images/0009328.png"}, {"type": "text", "text": "穿过管道、上半截弯弯的裂缝"}]}, {"role": "assistant", "content": [{"type": "text", "text": "<|object_ref_start|><|box_start|><45><500><531><901><|box_end|><|point_start|><273><657><|point_end|>"}]}], "boxes": [{"bbox": [208.0, 19.0, 375.0, 221.0], "point": [273.69667290796485, 113.70171395650296], "phrase": "穿过管道、上半截弯弯的裂缝"}], "caption": "穿过管道、上半截弯弯的裂缝"}
8766550	{"image_id": "refcrack_0009328_0009328_00_2", "width": 416, "height": 416, "vrt_indices": [81, 82, 83, 109, 110, 111, 138, 139, 166, 167, 168, 194, 195, 196, 222, 223, 250, 251, 278, 279, 306, 307, 335, 336, 363, 364, 392, 393, 421, 422, 450, 451], "patch_points": [[329.0, 35.0], [342.0, 34.0], [355.0, 32.0], [315.0, 48.0], [328.0, 48.0], [339.0, 45.0], [314.0, 62.0], [327.0, 62.0], [301.0, 77.0], [314.0, 76.0], [325.0, 75.0], [287.0, 91.0], [300.0, 90.0], [314.0, 89.0], [272.0, 104.0], [286.0, 103.0], [258.0, 118.0], [271.0, 117.0], [244.0, 132.0], [258.0, 132.0], [231.0, 147.0], [244.0, 146.0], [230.0, 160.0], [242.0, 160.0], [217.0, 175.0], [230.0, 174.0], [216.0, 188.0], [230.0, 188.0], [217.0, 203.0], [229.0, 203.0], [217.0, 213.0], [231.0, 215.0]], "conversations": [{"role": "user", "content": [{"type": "image", "image": "/home/yrquni/Downloads/Unilab/PaDT/dataset/dataset_root/images/0009328.png"}, {"type": "text", "text": "墙面上从管道那儿往上长的裂缝"}]}, {"role": "assistant", "content": [{"type": "text", "text": "<|object_ref_start|><|box_start|><45><500><531><901><|box_end|><|point_start|><273><657><|point_end|>"}]}], "boxes": [{"bbox": [208.0, 19.0, 375.0, 221.0], "point": [273.69667290796485, 113.70171395650296], "phrase": "墙面上从管道那儿往上长的裂缝"}], "caption": "墙面上从管道那儿往上长的裂缝"}
8802587	{"image_id": "refcrack_0009328_0009328_01_0", "width": 416, "height": 416, "vrt_indices": [537, 565, 566, 567, 595, 623, 624, 652, 653, 681, 709, 710, 711, 737, 738, 739, 766, 767, 768, 795, 824], "patch_points": [[216.0, 258.0], [205.0, 272.0], [216.0, 272.0], [226.0, 272.0], [216.0, 286.0], [203.0, 301.0], [216.0, 300.0], [202.0, 314.0], [213.0, 313.0], [202.0, 328.0], [189.0, 343.0], [202.0, 342.0], [216.0, 342.0], [176.0, 357.0], [188.0, 356.0], [202.0, 356.0], [175.0, 371.0], [188.0, 370.0], [200.0, 369.0], [174.0, 384.0], [174.0, 398.0]], "conversations": [{"role": "user", "content": [{"type": "image", "image": "/home/yrquni/Downloads/Unilab/PaDT/dataset/dataset_root/images/0009328.png"}, {"type": "text", "text": "杆子下方的竖直裂缝"}]}, {"role": "assistant", "content": [{"type": "text", "text": "<|object_ref_start|><|box_start|><576><372><995><555><|box_end|><|point_start|><792><475><|point_end|>"}]}], "boxes": [{"bbox": [155.0, 240.0, 231.0, 414.0], "point": [197.77976545418406, 329.66467899026037], "phrase": "杆子下方的竖直裂缝"}], "caption": "杆子下方的竖直裂缝"}
8838624	{"image_id": "refcrack_0009328_0009328_01_1", "width": 416, "height": 416, "vrt_indices": [537, 565, 566, 567, 595, 623, 624, 652, 653, 681, 709, 710, 711, 737, 738, 739, 766, 767, 768, 795, 824], "patch_points": [[216.0, 258.0], [205.0, 272.0], [216.0, 272.0], [226.0, 272.0], [216.0, 286.0], [203.0, 301.0], [216.0, 300.0], [202.0, 314.0], [213.0, 313.0], [202.0, 328.0], [189.0, 343.0], [202.0, 342.0], [216.0, 342.0], [176.0, 357.0], [188.0, 356.0], [202.0, 356.0], [175.0, 371.0], [188.0, 370.0], [200.0, 369.0], [174.0, 384.0], [174.0, 398.0]], "conversations": [{"role": "user", "content": [{"type": "image", "image": "/home/yrquni/Downloads/Unilab/PaDT/dataset/dataset_root/images/0009328.png"}, {"type": "text", "text": "从带斑点杆子下面往下伸的裂缝"}]}, {"role": "assistant", "content": [{"type": "text", "text": "<|object_ref_start|><|box_start|><576><372><995><555><|box_end|><|point_start|><792><475><|point_end|>"}]}], "boxes": [{"bbox": [155.0, 240.0, 231.0, 414.0], "point": [197.77976545418406, 329.66467899026037], "phrase": "从带斑点杆子下面往下伸的裂缝"}], "caption": "从带斑点杆子下面往下伸的裂缝"}
8874661	{"image_id": "refcrack_0009329_0009329_00_1", "width": 416, "height": 416, "vrt_indices": [21, 22, 49, 50, 78, 106, 107, 135, 136, 163, 164, 191, 192, 219, 220, 247, 248, 249, 276, 277, 305, 306, 333, 334, 335, 362, 363, 392, 421, 422], "patch_points": [[300.0, 6.0], [313.0, 4.0], [286.0, 20.0], [298.0, 19.0], [286.0, 34.0], [273.0, 49.0], [286.0, 48.0], [272.0, 62.0], [286.0, 62.0], [258.0, 76.0], [271.0, 74.0], [244.0, 90.0], [256.0, 89.0], [231.0, 105.0], [243.0, 104.0], [217.0, 119.0], [230.0, 118.0], [241.0, 118.0], [216.0, 132.0], [229.0, 132.0], [216.0, 146.0], [228.0, 146.0], [204.0, 161.0], [216.0, 160.0], [227.0, 160.0], [205.0, 174.0], [216.0, 174.0], [216.0, 188.0], [216.0, 200.0], [228.0, 200.0]], "conversations": [{"role": "user", "content": [{"type": "image", "image": "/home/yrquni/Downloads/Unilab/PaDT/dataset/dataset_root/images/0009329.png"}, {"type": "text", "text": "从管道那儿往上弯的裂缝"}]}, {"role": "assistant", "content": [{"type": "text", "text": "<|object_ref_start|><|box_start|><0><478><492><781><|box_end|><|point_start|><240><593><|point_end|>"}]}], "boxes": [{"bbox": [199.0, 0.0, 325.0, 205.0], "point": [247.0093280632411, 100.19130434782609], "phrase": "从管道那儿往上弯的裂缝"}], "caption": "从管道那儿往上弯的裂缝"}
8910498	{"image_id": "refcrack_0009329_0009329_00_4", "width": 416, "height": 416, "vrt_indices": [21, 22, 49, 50, 78, 106, 107, 135, 136, 163, 164, 191, 192, 219, 220, 247, 248, 249, 276, 277, 305, 306, 333, 334, 335, 362, 363, 392, 421, 422], "patch_points": [[300.0, 6.0], [313.0, 4.0], [286.0, 20.0], [298.0, 19.0], [286.0, 34.0], [273.0, 49.0], [286.0, 48.0], [272.0, 62.0], [286.0, 62.0], [258.0, 76.0], [271.0, 74.0], [244.0, 90.0], [256.0, 89.0], [231.0, 105.0], [243.0, 104.0], [217.0, 119.0], [230.0, 118.0], [241.0, 118.0], [216.0, 132.0], [229.0, 132.0], [216.0, 146.0], [228.0, 146.0], [204.0, 161.0], [216.0, 160.0], [227.0, 160.0], [205.0, 174.0], [216.0, 174.0], [216.0, 188.0], [216.0, 200.0], [228.0, 200.0]], "conversations": [{"role": "user", "content": [{"type": "image", "image": "/home/yrquni/Downloads/Unilab/PaDT/dataset/dataset_root/images/0009329.png"}, {"type": "text", "text": "管道上方顺着墙面纹路弯着向上的裂缝"}]}, {"role": "assistant", "content": [{"type": "text", "text": "<|object_ref_start|><|box_start|><0><478><492><781><|box_end|><|point_start|><240><593><|point_end|>"}]}], "boxes": [{"bbox": [199.0, 0.0, 325.0, 205.0], "point": [247.0093280632411, 100.19130434782609], "phrase": "管道上方顺着墙面纹路弯着向上的裂缝"}], "caption": "管道上方顺着墙面纹路弯着向上的裂缝"}
8946335	{"image_id": "refcrack_0009329_0009329_01_0", "width": 416, "height": 416, "vrt_indices": [480, 508, 537, 538, 566, 567, 595, 596, 624, 653, 654, 655, 681, 682, 683, 710, 711, 712, 739, 740, 768, 797, 825, 826], "patch_points": [[227.0, 232.0], [216.0, 244.0], [216.0, 258.0], [230.0, 259.0], [217.0, 273.0], [229.0, 272.0], [216.0, 286.0], [228.0, 286.0], [216.0, 300.0], [216.0, 314.0], [230.0, 317.0], [240.0, 317.0], [205.0, 329.0], [216.0, 328.0], [230.0, 328.0], [203.0, 343.0], [216.0, 342.0], [227.0, 342.0], [202.0, 356.0], [216.0, 356.0], [202.0, 370.0], [202.0, 384.0], [191.0, 398.0], [202.0, 399.0]], "conversations": [{"role": "user", "content": [{"type": "image", "image": "/home/yrquni/Downloads/Unilab/PaDT/dataset/dataset_root/images/0009329.png"}, {"type": "text", "text": "管道正下方的裂缝"}]}, {"role": "assistant", "content": [{"type": "text", "text": "<|object_ref_start|><|box_start|><548><439><997><586><|box_end|><|point_start|><773><510><|point_end|>"}]}], "boxes": [{"bbox": [183.0, 228.0, 244.0, 415.0], "point": [212.4314818374015, 321.787238131847], "phrase": "管道正下方的裂缝"}], "caption": "管道正下方的裂缝"}
8982172	{"image_id": "refcrack_0009329_0009329_01_1", "width": 416, "height": 416, "vrt_indices": [480, 508, 537, 538, 566, 567, 595, 596, 624, 653, 654, 655, 681, 682, 683, 710, 711, 712, 739, 740, 768, 797, 825, 826], "patch_points": [[227.0, 232.0], [216.0, 244.0], [216.0, 258.0], [230.0, 259.0], [217.0, 273.0], [229.0, 272.0], [216.0, 286.0], [228.0, 286.0], [216.0, 300.0], [216.0, 314.0], [230.0, 317.0], [240.0, 317.0], [205.0, 329.0], [216.0, 328.0], [230.0, 328.0], [203.0, 343.0], [216.0, 342.0], [227.0, 342.0], [202.0, 356.0], [216.0, 356.0], [202.0, 370.0], [202.0, 384.0], [191.0, 398.0], [202.0, 399.0]], "conversations": [{"role": "user", "content": [{"type": "image", "image": "/home/yrquni/Downloads/Unilab/PaDT/dataset/dataset_root/images/0009329.png"}, {"type": "text", "text": "管道下面竖直延伸的裂缝"}]}, {"role": "assistant", "content": [{"type": "text", "text": "<|object_ref_start|><|box_start|><548><439><997><586><|box_end|><|point_start|><773><510><|point_end|>"}]}], "boxes": [{"bbox": [183.0, 228.0, 244.0, 415.0], "point": [212.4314818374015, 321.787238131847], "phrase": "管道下面竖直延伸的裂缝"}], "caption": "管道下面竖直延伸的裂缝"}
9018009	{"image_id": "refcrack_0009329_0009329_01_4", "width": 416, "height": 416, "vrt_indices": [480, 508, 537, 538, 566, 567, 595, 596, 624, 653, 654, 655, 681, 682, 683, 710, 711, 712, 739, 740, 768, 797, 825, 826], "patch_points": [[227.0, 232.0], [216.0, 244.0], [216.0, 258.0], [230.0, 259.0], [217.0, 273.0], [229.0, 272.0], [216.0, 286.0], [228.0, 286.0], [216.0, 300.0], [216.0, 314.0], [230.0, 317.0], [240.0, 317.0], [205.0, 329.0], [216.0, 328.0], [230.0, 328.0], [203.0, 343.0], [216.0, 342.0], [227.0, 342.0], [202.0, 356.0], [216.0, 356.0], [202.0, 370.0], [202.0, 384.0], [191.0, 398.0], [202.0, 399.0]], "conversations": [{"role": "user", "content": [{"type": "image", "image": "/home/yrquni/Downloads/Unilab/PaDT/dataset/dataset_root/images/0009329.png"}, {"type": "text", "text": "横管道正下方从管道处向下曲折的裂缝"}]}, {"role": "assistant", "content": [{"type": "text", "text": "<|object_ref_start|><|box_start|><548><439><997><586><|box_end|><|point_start|><773><510><|point_end|>"}]}], "boxes": [{"bbox": [183.0, 228.0, 244.0, 415.0], "point": [212.4314818374015, 321.787238131847], "phrase": "横管道正下方从管道处向下曲折的裂缝"}], "caption": "横管道正下方从管道处向下曲折的裂缝"}
9053846	{"image_id": "refcrack_0009344_0009344_00_0", "width": 416, "height": 416, "vrt_indices": [79, 108, 137, 166, 195, 224, 253, 311, 340, 369, 398, 427, 456, 485, 514, 543, 572], "patch_points": [[300.0, 35.0], [301.0, 49.0], [299.0, 62.0], [300.0, 77.0], [299.0, 90.0], [299.0, 105.0], [299.0, 118.0], [298.0, 147.0], [299.0, 160.0], [299.0, 175.0], [298.0, 188.0], [299.0, 203.0], [300.0, 217.0], [301.0, 231.0], [302.0, 244.0], [303.0, 258.0], [301.0, 272.0]], "conversations": [{"role": "user", "content": [{"type": "image", "image": "/home/yrquni/Downloads/Unilab/PaDT/dataset/dataset_root/images/0009344.png"}, {"type": "text", "text": "右侧竖直的一道裂缝"}]}, {"role": "assistant", "content": [{"type": "text", "text": "<|object_ref_start|><|box_start|><0><689><682><740><|box_end|><|point_start|><311><718><|point_end|>"}]}], "boxes": [{"bbox": [287.0, 0.0, 308.0, 284.0], "point": [298.7485086342229, 129.51459968602825], "phrase": "右侧竖直的一道裂缝"}], "caption": "右侧竖直的一道裂缝"}
9090631	{"image_id": "refcrack_0009344_0009344_00_3", "width": 416, "height": 416, "vrt_indices": [79, 108, 137, 166, 195, 224, 253, 311, 340, 369, 398, 427, 456, 485, 514, 543, 572], "patch_points": [[300.0, 35.0], [301.0, 49.0], [299.0, 62.0], [300.0, 77.0], [299.0, 90.0], [299.0, 105.0], [299.0, 118.0], [298.0, 147.0], [299.0, 160.0], [299.0, 175.0], [298.0, 188.0], [299.0, 203.0], [300.0, 217.0], [301.0, 231.0], [302.0, 244.0], [303.0, 258.0], [301.0, 272.0]], "conversations": [{"role": "user", "content": [{"type": "image", "image": "/home/yrquni/Downloads/Unilab/PaDT/dataset/dataset_root/images/0009344.png"}, {"type": "text", "text": "右侧沿竖直方向的一道连续裂缝"}]}, {"role": "assistant", "content": [{"type": "text", "text": "<|object_ref_start|><|box_start|><0><689><682><740><|box_end|><|point_start|><311><718><|point_end|>"}]}], "boxes": [{"bbox": [287.0, 0.0, 308.0, 284.0], "point": [298.7485086342229, 129.51459968602825], "phrase": "右侧沿竖直方向的一道连续裂缝"}], "caption": "右侧沿竖直方向的一道连续裂缝"}
9127416	{"image_id": "refcrack_0009345_0009345_00_0", "width": 416, "height": 416, "vrt_indices": [36, 65, 94, 123, 152, 181, 240, 327, 356, 385, 414, 443, 472, 501], "patch_points": [[101.0, 21.0], [102.0, 34.0], [102.0, 49.0], [102.0, 63.0], [104.0, 77.0], [105.0, 90.0], [113.0, 118.0], [114.0, 160.0], [113.0, 175.0], [114.0, 189.0], [114.0, 202.0], [114.0, 216.0], [114.0, 231.0], [116.0, 244.0]], "conversations": [{"role": "user", "content": [{"type": "image", "image": "/home/yrquni/Downloads/Unilab/PaDT/dataset/dataset_root/images/0009345.png"}, {"type": "text", "text": "左侧竖直的一道裂缝"}]}, {"role": "assistant", "content": [{"type": "text", "text": "<|object_ref_start|><|box_start|><2><211><610><290><|box_end|><|point_start|><280><255><|point_end|>"}]}], "boxes": [{"bbox": [88.0, 1.0, 121.0, 254.0], "point": [106.28959941198089, 116.70268283719221], "phrase": "左侧竖直的一道裂缝"}], "caption": "左侧竖直的一道裂缝"}
9174553	{"image_id": "refcrack_0009345_0009345_00_2", "width": 416, "height": 416, "vrt_indices": [36, 65, 94, 123, 152, 181, 240, 327, 356, 385, 414, 443, 472, 501], "patch_points": [[101.0, 21.0], [102.0, 34.0], [102.0, 49.0], [102.0, 63.0], [104.0, 77.0], [105.0, 90.0], [113.0, 118.0], [114.0, 160.0], [113.0, 175.0], [114.0, 189.0], [114.0, 202.0], [114.0, 216.0], [114.0, 231.0], [116.0, 244.0]], "conversations": [{"role": "user", "content": [{"type": "image", "image": "/home/yrquni/Downloads/Unilab/PaDT/dataset/dataset_root/images/0009345.png"}, {"type": "text", "text": "从上方一直垂到水平裂缝旁的裂缝"}]}, {"role": "assistant", "content": [{"type": "text", "text": "<|object_ref_start|><|box_start|><2><211><610><290><|box_end|><|point_start|><280><255><|point_end|>"}]}], "boxes": [{"bbox": [88.0, 1.0, 121.0, 254.0], "point": [106.28959941198089, 116.70268283719221], "phrase": "从上方一直垂到水平裂缝旁的裂缝"}], "caption": "从上方一直垂到水平裂缝旁的裂缝"}
9221690	{"image_id": "refcrack_0009345_0009345_00_3", "width": 416, "height": 416, "vrt_indices": [36, 65, 94, 123, 152, 181, 240, 327, 356, 385, 414, 443, 472, 501], "patch_points": [[101.0, 21.0], [102.0, 34.0], [102.0, 49.0], [102.0, 63.0], [104.0, 77.0], [105.0, 90.0], [113.0, 118.0], [114.0, 160.0], [113.0, 175.0], [114.0, 189.0], [114.0, 202.0], [114.0, 216.0], [114.0, 231.0], [116.0, 244.0]], "conversations": [{"role": "user", "content": [{"type": "image", "image": "/home/yrquni/Downloads/Unilab/PaDT/dataset/dataset_root/images/0009345.png"}, {"type": "text", "text": "左上部开始垂直向下延伸的裂缝"}]}, {"role": "assistant", "content": [{"type": "text", "text": "<|object_ref_start|><|box_start|><2><211><610><290><|box_end|><|point_start|><280><255><|point_end|>"}]}], "boxes": [{"bbox": [88.0, 1.0, 121.0, 254.0], "point": [106.28959941198089, 116.70268283719221], "phrase": "左上部开始垂直向下延伸的裂缝"}], "caption": "左上部开始垂直向下延伸的裂缝"}
9268827	{"image_id": "refcrack_0009345_0009345_01_0", "width": 416, "height": 416, "vrt_indices": [552, 555, 556, 557, 558, 559, 560, 561, 562, 563, 581, 582, 583, 593, 594, 595, 596, 597, 598, 599, 600, 601, 602, 631, 632, 633, 634, 636, 637], "patch_points": [[20.0, 275.0], [62.0, 272.0], [76.0, 272.0], [90.0, 272.0], [104.0, 273.0], [118.0, 274.0], [133.0, 274.0], [147.0, 273.0], [160.0, 272.0], [174.0, 273.0], [21.0, 286.0], [34.0, 285.0], [48.0, 283.0], [189.0, 286.0], [202.0, 286.0], [216.0, 286.0], [230.0, 286.0], [244.0, 286.0], [258.0, 287.0], [273.0, 287.0], [287.0, 286.0], [300.0, 287.0], [314.0, 289.0], [315.0, 298.0], [329.0, 300.0], [342.0, 300.0], [356.0, 302.0], [385.0, 302.0], [399.0, 301.0]], "conversations": [{"role": "user", "content": [{"type": "image", "image": "/home/yrquni/Downloads/Unilab/PaDT/dataset/dataset_root/images/0009345.png"}, {"type": "text", "text": "中下部横向波浪形的裂缝"}]}, {"role": "assistant", "content": [{"type": "text", "text": "<|object_ref_start|><|box_start|><634><2><752><997><|box_end|><|point_start|><684><469><|point_end|>"}]}], "boxes": [{"bbox": [1.0, 264.0, 415.0, 313.0], "point": [195.3881230116649, 284.8532040599909], "phrase": "中下部横向波浪形的裂缝"}], "caption": "中下部横向波浪形的裂缝"}
9315964	{"image_id": "refcrack_0009345_0009345_01_1", "width": 416, "height": 416, "vrt_indices": [552, 555, 556, 557, 558, 559, 560, 561, 562, 563, 581, 582, 583, 593, 594, 595, 596, 597, 598, 599, 600, 601, 602, 631, 632, 633, 634, 636, 637], "patch_points": [[20.0, 275.0], [62.0, 272.0], [76.0, 272.0], [90.0, 272.0], [104.0, 273.0], [118.0, 274.0], [133.0, 274.0], [147.0, 273.0], [160.0, 272.0], [174.0, 273.0], [21.0, 286.0], [34.0, 285.0], [48.0, 283.0], [189.0, 286.0], [202.0, 286.0], [216.0, 286.0], [230.0, 286.0], [244.0, 286.0], [258.0, 287.0], [273.0, 287.0], [287.0, 286.0], [300.0, 287.0], [314.0, 289.0], [315.0, 298.0], [329.0, 300.0], [342.0, 300.0], [356.0, 302.0], [385.0, 302.0], [399.0, 301.0]], "conversations": [{"role": "user", "content": [{"type": "image", "image": "/home/yrquni/Downloads/Unilab/PaDT/dataset/dataset_root/images/0009345.png"}, {"type": "text", "text": "下方蜿蜒着的长裂缝"}]}, {"role": "assistant", "content": [{"type": "text", "text": "<|object_ref_start|><|box_start|><634><2><752><997><|box_end|><|point_start|><684><469><|point_end|>"}]}], "boxes": [{"bbox": [1.0, 264.0, 415.0, 313.0], "point": [195.3881230116649, 284.8532040599909], "phrase": "下方蜿蜒着的长裂缝"}], "caption": "下方蜿蜒着的长裂缝"}
9363101	{"image_id": "refcrack_0009345_0009345_01_2", "width": 416, "height": 416, "vrt_indices": [552, 555, 556, 557, 558, 559, 560, 561, 562, 563, 581, 582, 583, 593, 594, 595, 596, 597, 598, 599, 600, 601, 602, 631, 632, 633, 634, 636, 637], "patch_points": [[20.0, 275.0], [62.0, 272.0], [76.0, 272.0], [90.0, 272.0], [104.0, 273.0], [118.0, 274.0], [133.0, 274.0], [147.0, 273.0], [160.0, 272.0], [174.0, 273.0], [21.0, 286.0], [34.0, 285.0], [48.0, 283.0], [189.0, 286.0], [202.0, 286.0], [216.0, 286.0], [230.0, 286.0], [244.0, 286.0], [258.0, 287.0], [273.0, 287.0], [287.0, 286.0], [300.0, 287.0], [314.0, 289.0], [315.0, 298.0], [329.0, 300.0], [342.0, 300.0], [356.0, 302.0], [385.0, 302.0], [399.0, 301.0]], "conversations": [{"role": "user", "content": [{"type": "image", "image": "/home/yrquni/Downloads/Unilab/PaDT/dataset/dataset_root/images/0009345.png"}, {"type": "text", "text": "从左至右曲线延伸的裂缝"}]}, {"role": "assistant", "content": [{"type": "text", "text": "<|object_ref_start|><|box_start|><634><2><752><997><|box_end|><|point_start|><684><469><|point_end|>"}]}], "boxes": [{"bbox": [1.0, 264.0, 415.0, 313.0], "point": [195.3881230116649, 284.8532040599909], "phrase": "从左至右曲线延伸的裂缝"}], "caption": "从左至右曲线延伸的裂缝"}
9410238	{"image_id": "refcrack_0009345_0009345_01_3", "width": 416, "height": 416, "vrt_indices": [552, 555, 556, 557, 558, 559, 560, 561, 562, 563, 581, 582, 583, 593, 594, 595, 596, 597, 598, 599, 600, 601, 602, 631, 632, 633, 634, 636, 637], "patch_points": [[20.0, 275.0], [62.0, 272.0], [76.0, 272.0], [90.0, 272.0], [104.0, 273.0], [118.0, 274.0], [133.0, 274.0], [147.0, 273.0], [160.0, 272.0], [174.0, 273.0], [21.0, 286.0], [34.0, 285.0], [48.0, 283.0], [189.0, 286.0], [202.0, 286.0], [216.0, 286.0], [230.0, 286.0], [244.0, 286.0], [258.0, 287.0], [273.0, 287.0], [287.0, 286.0], [300.0, 287.0], [314.0, 289.0], [315.0, 298.0], [329.0, 300.0], [342.0, 300.0], [356.0, 302.0], [385.0, 302.0], [399.0, 301.0]], "conversations": [{"role": "user", "content": [{"type": "image", "image": "/home/yrquni/Downloads/Unilab/PaDT/dataset/dataset_root/images/0009345.png"}, {"type": "text", "text": "墙面下半部分曲折连贯的裂缝"}]}, {"role": "assistant", "content": [{"type": "text", "text": "<|object_ref_start|><|box_start|><634><2><752><997><|box_end|><|point_start|><684><469><|point_end|>"}]}], "boxes": [{"bbox": [1.0, 264.0, 415.0, 313.0], "point": [195.3881230116649, 284.8532040599909], "phrase": "墙面下半部分曲折连贯的裂缝"}], "caption": "墙面下半部分曲折连贯的裂缝"}
9457375	{"image_id": "refcrack_0009345_0009345_01_4", "width": 416, "height": 416, "vrt_indices": [552, 555, 556, 557, 558, 559, 560, 561, 562, 563, 581, 582, 583, 593, 594, 595, 596, 597, 598, 599, 600, 601, 602, 631, 632, 633, 634, 636, 637], "patch_points": [[20.0, 275.0], [62.0, 272.0], [76.0, 272.0], [90.0, 272.0], [104.0, 273.0], [118.0, 274.0], [133.0, 274.0], [147.0, 273.0], [160.0, 272.0], [174.0, 273.0], [21.0, 286.0], [34.0, 285.0], [48.0, 283.0], [189.0, 286.0], [202.0, 286.0], [216.0, 286.0], [230.0, 286.0], [244.0, 286.0], [258.0, 287.0], [273.0, 287.0], [287.0, 286.0], [300.0, 287.0], [314.0, 289.0], [315.0, 298.0], [329.0, 300.0], [342.0, 300.0], [356.0, 302.0], [385.0, 302.0], [399.0, 301.0]], "conversations": [{"role": "user", "content": [{"type": "image", "image": "/home/yrquni/Downloads/Unilab/PaDT/dataset/dataset_root/images/0009345.png"}, {"type": "text", "text": "横向分布且形态起伏的长裂缝"}]}, {"role": "assistant", "content": [{"type": "text", "text": "<|object_ref_start|><|box_start|><634><2><752><997><|box_end|><|point_start|><684><469><|point_end|>"}]}], "boxes": [{"bbox": [1.0, 264.0, 415.0, 313.0], "point": [195.3881230116649, 284.8532040599909], "phrase": "横向分布且形态起伏的长裂缝"}], "caption": "横向分布且形态起伏的长裂缝"}
9504512	{"image_id": "refcrack_0009361_0009361_00_0", "width": 416, "height": 416, "vrt_indices": [374, 402, 403, 404, 405, 428, 429, 430, 455, 456, 479, 480, 481, 482], "patch_points": [[371.0, 177.0], [357.0, 189.0], [369.0, 185.0], [385.0, 185.0], [399.0, 186.0], [314.0, 201.0], [328.0, 199.0], [343.0, 198.0], [287.0, 218.0], [299.0, 215.0], [217.0, 233.0], [231.0, 232.0], [244.0, 229.0], [258.0, 228.0]], "conversations": [{"role": "user", "content": [{"type": "image", "image": "/home/yrquni/Downloads/Unilab/PaDT/dataset/dataset_root/images/0009361.png"}, {"type": "text", "text": "右侧偏中的波浪状裂缝"}]}, {"role": "assistant", "content": [{"type": "text", "text": "<|object_ref_start|><|box_start|><377><490><576><997><|box_end|><|point_start|><487><771><|point_end|>"}]}], "boxes": [{"bbox": [204.0, 157.0, 415.0, 240.0], "point": [320.8305084745763, 202.64618644067798], "phrase": "右侧偏中的波浪状裂缝"}], "caption": "右侧偏中的波浪状裂缝"}
9534129	{"image_id": "refcrack_0009361_0009361_00_2", "width": 416, "height": 416, "vrt_indices": [374, 402, 403, 404, 405, 428, 429, 430, 455, 456, 479, 480, 481, 482], "patch_points": [[371.0, 177.0], [357.0, 189.0], [369.0, 185.0], [385.0, 185.0], [399.0, 186.0], [314.0, 201.0], [328.0, 199.0], [343.0, 198.0], [287.0, 218.0], [299.0, 215.0], [217.0, 233.0], [231.0, 232.0], [244.0, 229.0], [258.0, 228.0]], "conversations": [{"role": "user", "content": [{"type": "image", "image": "/home/yrquni/Downloads/Unilab/PaDT/dataset/dataset_root/images/0009361.png"}, {"type": "text", "text": "画面右侧线条起伏的裂缝"}]}, {"role": "assistant", "content": [{"type": "text", "text": "<|object_ref_start|><|box_start|><377><490><576><997><|box_end|><|point_start|><487><771><|point_end|>"}]}], "boxes": [{"bbox": [204.0, 157.0, 415.0, 240.0], "point": [320.8305084745763, 202.64618644067798], "phrase": "画面右侧线条起伏的裂缝"}], "caption": "画面右侧线条起伏的裂缝"}
9563746	{"image_id": "refcrack_0009361_0009361_00_3", "width": 416, "height": 416, "vrt_indices": [374, 402, 403, 404, 405, 428, 429, 430, 455, 456, 479, 480, 481, 482], "patch_points": [[371.0, 177.0], [357.0, 189.0], [369.0, 185.0], [385.0, 185.0], [399.0, 186.0], [314.0, 201.0], [328.0, 199.0], [343.0, 198.0], [287.0, 218.0], [299.0, 215.0], [217.0, 233.0], [231.0, 232.0], [244.0, 229.0], [258.0, 228.0]], "conversations": [{"role": "user", "content": [{"type": "image", "image": "/home/yrquni/Downloads/Unilab/PaDT/dataset/dataset_root/images/0009361.png"}, {"type": "text", "text": "横跨右侧区域的波纹状裂缝"}]}, {"role": "assistant", "content": [{"type": "text", "text": "<|object_ref_start|><|box_start|><377><490><576><997><|box_end|><|point_start|><487><771><|point_end|>"}]}], "boxes": [{"bbox": [204.0, 157.0, 415.0, 240.0], "point": [320.8305084745763, 202.64618644067798], "phrase": "横跨右侧区域的波纹状裂缝"}], "caption": "横跨右侧区域的波纹状裂缝"}
9593363	{"image_id": "refcrack_0009361_0009361_01_1", "width": 416, "height": 416, "vrt_indices": [608, 637, 665, 694, 723], "patch_points": [[403.0, 288.0], [400.0, 301.0], [388.0, 315.0], [388.0, 329.0], [385.0, 342.0]], "conversations": [{"role": "user", "content": [{"type": "image", "image": "/home/yrquni/Downloads/Unilab/PaDT/dataset/dataset_root/images/0009361.png"}, {"type": "text", "text": "底部右侧沿边缘的裂缝"}]}, {"role": "assistant", "content": [{"type": "text", "text": "<|object_ref_start|><|box_start|><615><894><911><997><|box_end|><|point_start|><767><944><|point_end|>"}]}], "boxes": [{"bbox": [372.0, 256.0, 415.0, 379.0], "point": [393.0038498556304, 319.31953801732436], "phrase": "底部右侧沿边缘的裂缝"}], "caption": "底部右侧沿边缘的裂缝"}
9622980	{"image_id": "refcrack_0009361_0009361_01_2", "width": 416, "height": 416, "vrt_indices": [608, 637, 665, 694, 723], "patch_points": [[403.0, 288.0], [400.0, 301.0], [388.0, 315.0], [388.0, 329.0], [385.0, 342.0]], "conversations": [{"role": "user", "content": [{"type": "image", "image": "/home/yrquni/Downloads/Unilab/PaDT/dataset/dataset_root/images/0009361.png"}, {"type": "text", "text": "右下角曲折向上的裂缝"}]}, {"role": "assistant", "content": [{"type": "text", "text": "<|object_ref_start|><|box_start|><615><894><911><997><|box_end|><|point_start|><767><944><|point_end|>"}]}], "boxes": [{"bbox": [372.0, 256.0, 415.0, 379.0], "point": [393.0038498556304, 319.31953801732436], "phrase": "右下角曲折向上的裂缝"}], "caption": "右下角曲折向上的裂缝"}
9652597	{"image_id": "refcrack_0009361_0009361_01_4", "width": 416, "height": 416, "vrt_indices": [608, 637, 665, 694, 723], "patch_points": [[403.0, 288.0], [400.0, 301.0], [388.0, 315.0], [388.0, 329.0], [385.0, 342.0]], "conversations": [{"role": "user", "content": [{"type": "image", "image": "/home/yrquni/Downloads/Unilab/PaDT/dataset/dataset_root/images/0009361.png"}, {"type": "text", "text": "右下角从底部边缘向上的裂缝"}]}, {"role": "assistant", "content": [{"type": "text", "text": "<|object_ref_start|><|box_start|><615><894><911><997><|box_end|><|point_start|><767><944><|point_end|>"}]}], "boxes": [{"bbox": [372.0, 256.0, 415.0, 379.0], "point": [393.0038498556304, 319.31953801732436], "phrase": "右下角从底部边缘向上的裂缝"}], "caption": "右下角从底部边缘向上的裂缝"}
9682214	{"image_id": "refcrack_0009361_0009361_02_0", "width": 416, "height": 416, "vrt_indices": [719, 720, 721, 741, 742, 743, 746, 747, 766, 767, 768, 769, 793, 794, 821], "patch_points": [[330.0, 346.0], [343.0, 344.0], [356.0, 341.0], [232.0, 360.0], [245.0, 359.0], [258.0, 356.0], [300.0, 358.0], [315.0, 358.0], [175.0, 373.0], [189.0, 372.0], [202.0, 370.0], [216.0, 369.0], [148.0, 387.0], [159.0, 383.0], [133.0, 399.0]], "conversations": [{"role": "user", "content": [{"type": "image", "image": "/home/yrquni/Downloads/Unilab/PaDT/dataset/dataset_root/images/0009361.png"}, {"type": "text", "text": "底部横向延伸的裂缝"}]}, {"role": "assistant", "content": [{"type": "text", "text": "<|object_ref_start|><|box_start|><802><110><997><882><|box_end|><|point_start|><896><516><|point_end|>"}]}], "boxes": [{"bbox": [46.0, 334.0, 367.0, 415.0], "point": [214.914609929078, 372.75205673758865], "phrase": "底部横向延伸的裂缝"}], "caption": "底部横向延伸的裂缝"}
9711831	{"image_id": "refcrack_0009361_0009361_02_1", "width": 416, "height": 416, "vrt_indices": [719, 720, 721, 741, 742, 743, 746, 747, 766, 767, 768, 769, 793, 794, 821], "patch_points": [[330.0, 346.0], [343.0, 344.0], [356.0, 341.0], [232.0, 360.0], [245.0, 359.0], [258.0, 356.0], [300.0, 358.0], [315.0, 358.0], [175.0, 373.0], [189.0, 372.0], [202.0, 370.0], [216.0, 369.0], [148.0, 387.0], [159.0, 383.0], [133.0, 399.0]], "conversations": [{"role": "user", "content": [{"type": "image", "image": "/home/yrquni/Downloads/Unilab/PaDT/dataset/dataset_root/images/0009361.png"}, {"type": "text", "text": "底部呈波浪状的横向裂缝"}]}, {"role": "assistant", "content": [{"type": "text", "text": "<|object_ref_start|><|box_start|><802><110><997><882><|box_end|><|point_start|><896><516><|point_end|>"}]}], "boxes": [{"bbox": [46.0, 334.0, 367.0, 415.0], "point": [214.914609929078, 372.75205673758865], "phrase": "底部呈波浪状的横向裂缝"}], "caption": "底部呈波浪状的横向裂缝"}
9741448	{"image_id": "refcrack_0009361_0009361_02_2", "width": 416, "height": 416, "vrt_indices": [719, 720, 721, 741, 742, 743, 746, 747, 766, 767, 768, 769, 793, 794, 821], "patch_points": [[330.0, 346.0], [343.0, 344.0], [356.0, 341.0], [232.0, 360.0], [245.0, 359.0], [258.0, 356.0], [300.0, 358.0], [315.0, 358.0], [175.0, 373.0], [189.0, 372.0], [202.0, 370.0], [216.0, 369.0], [148.0, 387.0], [159.0, 383.0], [133.0, 399.0]], "conversations": [{"role": "user", "content": [{"type": "image", "image": "/home/yrquni/Downloads/Unilab/PaDT/dataset/dataset_root/images/0009361.png"}, {"type": "text", "text": "底部偏下、曲折起伏的裂缝"}]}, {"role": "assistant", "content": [{"type": "text", "text": "<|object_ref_start|><|box_start|><802><110><997><882><|box_end|><|point_start|><896><516><|point_end|>"}]}], "boxes": [{"bbox": [46.0, 334.0, 367.0, 415.0], "point": [214.914609929078, 372.75205673758865], "phrase": "底部偏下、曲折起伏的裂缝"}], "caption": "底部偏下、曲折起伏的裂缝"}
9771065	{"image_id": "refcrack_0009361_0009361_02_3", "width": 416, "height": 416, "vrt_indices": [719, 720, 721, 741, 742, 743, 746, 747, 766, 767, 768, 769, 793, 794, 821], "patch_points": [[330.0, 346.0], [343.0, 344.0], [356.0, 341.0], [232.0, 360.0], [245.0, 359.0], [258.0, 356.0], [300.0, 358.0], [315.0, 358.0], [175.0, 373.0], [189.0, 372.0], [202.0, 370.0], [216.0, 369.0], [148.0, 387.0], [159.0, 383.0], [133.0, 399.0]], "conversations": [{"role": "user", "content": [{"type": "image", "image": "/home/yrquni/Downloads/Unilab/PaDT/dataset/dataset_root/images/0009361.png"}, {"type": "text", "text": "靠近底部边缘的连续弯曲裂缝"}]}, {"role": "assistant", "content": [{"type": "text", "text": "<|object_ref_start|><|box_start|><802><110><997><882><|box_end|><|point_start|><896><516><|point_end|>"}]}], "boxes": [{"bbox": [46.0, 334.0, 367.0, 415.0], "point": [214.914609929078, 372.75205673758865], "phrase": "靠近底部边缘的连续弯曲裂缝"}], "caption": "靠近底部边缘的连续弯曲裂缝"}
9800682	{"image_id": "refcrack_0009361_0009361_02_4", "width": 416, "height": 416, "vrt_indices": [719, 720, 721, 741, 742, 743, 746, 747, 766, 767, 768, 769, 793, 794, 821], "patch_points": [[330.0, 346.0], [343.0, 344.0], [356.0, 341.0], [232.0, 360.0], [245.0, 359.0], [258.0, 356.0], [300.0, 358.0], [315.0, 358.0], [175.0, 373.0], [189.0, 372.0], [202.0, 370.0], [216.0, 369.0], [148.0, 387.0], [159.0, 383.0], [133.0, 399.0]], "conversations": [{"role": "user", "content": [{"type": "image", "image": "/home/yrquni/Downloads/Unilab/PaDT/dataset/dataset_root/images/0009361.png"}, {"type": "text", "text": "底部横贯且呈波浪形态的裂缝"}]}, {"role": "assistant", "content": [{"type": "text", "text": "<|object_ref_start|><|box_start|><802><110><997><882><|box_end|><|point_start|><896><516><|point_end|>"}]}], "boxes": [{"bbox": [46.0, 334.0, 367.0, 415.0], "point": [214.914609929078, 372.75205673758865], "phrase": "底部横贯且呈波浪形态的裂缝"}], "caption": "底部横贯且呈波浪形态的裂缝"}
9830299	{"image_id": "refcrack_0009362_0009362_01_0", "width": 416, "height": 416, "vrt_indices": [51, 82, 112, 142, 172], "patch_points": [[317.0, 16.0], [344.0, 33.0], [357.0, 46.0], [371.0, 62.0], [386.0, 73.0]], "conversations": [{"role": "user", "content": [{"type": "image", "image": "/home/yrquni/Downloads/Unilab/PaDT/dataset/dataset_root/images/0009362.png"}, {"type": "text", "text": "右上角斜着延伸的裂缝"}]}, {"role": "assistant", "content": [{"type": "text", "text": "<|object_ref_start|><|box_start|><7><733><228><997><|box_end|><|point_start|><111><862><|point_end|>"}]}], "boxes": [{"bbox": [305.0, 3.0, 415.0, 95.0], "point": [358.9519306540583, 46.499605988967694], "phrase": "右上角斜着延伸的裂缝"}], "caption": "右上角斜着延伸的裂缝"}
9860592	{"image_id": "refcrack_0009362_0009362_01_1", "width": 416, "height": 416, "vrt_indices": [51, 82, 112, 142, 172], "patch_points": [[317.0, 16.0], [344.0, 33.0], [357.0, 46.0], [371.0, 62.0], [386.0, 73.0]], "conversations": [{"role": "user", "content": [{"type": "image", "image": "/home/yrquni/Downloads/Unilab/PaDT/dataset/dataset_root/images/0009362.png"}, {"type": "text", "text": "右上角从边缘往内拐着弯的裂缝"}]}, {"role": "assistant", "content": [{"type": "text", "text": "<|object_ref_start|><|box_start|><7><733><228><997><|box_end|><|point_start|><111><862><|point_end|>"}]}], "boxes": [{"bbox": [305.0, 3.0, 415.0, 95.0], "point": [358.9519306540583, 46.499605988967694], "phrase": "右上角从边缘往内拐着弯的裂缝"}], "caption": "右上角从边缘往内拐着弯的裂缝"}
9890885	{"image_id": "refcrack_0009362_0009362_01_3", "width": 416, "height": 416, "vrt_indices": [51, 82, 112, 142, 172], "patch_points": [[317.0, 16.0], [344.0, 33.0], [357.0, 46.0], [371.0, 62.0], [386.0, 73.0]], "conversations": [{"role": "user", "content": [{"type": "image", "image": "/home/yrquni/Downloads/Unilab/PaDT/dataset/dataset_root/images/0009362.png"}, {"type": "text", "text": "右上角挨着右上角框、向里弯的裂缝"}]}, {"role": "assistant", "content": [{"type": "text", "text": "<|object_ref_start|><|box_start|><7><733><228><997><|box_end|><|point_start|><111><862><|point_end|>"}]}], "boxes": [{"bbox": [305.0, 3.0, 415.0, 95.0], "point": [358.9519306540583, 46.499605988967694], "phrase": "右上角挨着右上角框、向里弯的裂缝"}], "caption": "右上角挨着右上角框、向里弯的裂缝"}
9921178	{"image_id": "refcrack_0009362_0009362_02_0", "width": 416, "height": 416, "vrt_indices": [230, 259, 288, 347, 375, 432, 461, 490, 519, 548, 577, 606, 635, 664, 693, 752, 838], "patch_points": [[388.0, 105.0], [388.0, 119.0], [388.0, 132.0], [397.0, 161.0], [385.0, 175.0], [374.0, 203.0], [374.0, 216.0], [374.0, 231.0], [374.0, 244.0], [373.0, 259.0], [372.0, 273.0], [371.0, 286.0], [370.0, 300.0], [372.0, 315.0], [374.0, 328.0], [382.0, 357.0], [374.0, 399.0]], "conversations": [{"role": "user", "content": [{"type": "image", "image": "/home/yrquni/Downloads/Unilab/PaDT/dataset/dataset_root/images/0009362.png"}, {"type": "text", "text": "右侧的长裂缝"}]}, {"role": "assistant", "content": [{"type": "text", "text": "<|object_ref_start|><|box_start|><228><877><997><971><|box_end|><|point_start|><592><914><|point_end|>"}]}], "boxes": [{"bbox": [365.0, 95.0, 404.0, 415.0], "point": [380.5585407239819, 246.37132352941177], "phrase": "右侧的长裂缝"}], "caption": "右侧的长裂缝"}
9951471	{"image_id": "refcrack_0009362_0009362_02_1", "width": 416, "height": 416, "vrt_indices": [230, 259, 288, 347, 375, 432, 461, 490, 519, 548, 577, 606, 635, 664, 693, 752, 838], "patch_points": [[388.0, 105.0], [388.0, 119.0], [388.0, 132.0], [397.0, 161.0], [385.0, 175.0], [374.0, 203.0], [374.0, 216.0], [374.0, 231.0], [374.0, 244.0], [373.0, 259.0], [372.0, 273.0], [371.0, 286.0], [370.0, 300.0], [372.0, 315.0], [374.0, 328.0], [382.0, 357.0], [374.0, 399.0]], "conversations": [{"role": "user", "content": [{"type": "image", "image": "/home/yrquni/Downloads/Unilab/PaDT/dataset/dataset_root/images/0009362.png"}, {"type": "text", "text": "右边缘附近曲折的长裂缝"}]}, {"role": "assistant", "content": [{"type": "text", "text": "<|object_ref_start|><|box_start|><228><877><997><971><|box_end|><|point_start|><592><914><|point_end|>"}]}], "boxes": [{"bbox": [365.0, 95.0, 404.0, 415.0], "point": [380.5585407239819, 246.37132352941177], "phrase": "右边缘附近曲折的长裂缝"}], "caption": "右边缘附近曲折的长裂缝"}
9981764	{"image_id": "refcrack_0009362_0009362_02_3", "width": 416, "height": 416, "vrt_indices": [230, 259, 288, 347, 375, 432, 461, 490, 519, 548, 577, 606, 635, 664, 693, 752, 838], "patch_points": [[388.0, 105.0], [388.0, 119.0], [388.0, 132.0], [397.0, 161.0], [385.0, 175.0], [374.0, 203.0], [374.0, 216.0], [374.0, 231.0], [374.0, 244.0], [373.0, 259.0], [372.0, 273.0], [371.0, 286.0], [370.0, 300.0], [372.0, 315.0], [374.0, 328.0], [382.0, 357.0], [374.0, 399.0]], "conversations": [{"role": "user", "content": [{"type": "image", "image": "/home/yrquni/Downloads/Unilab/PaDT/dataset/dataset_root/images/0009362.png"}, {"type": "text", "text": "右侧纵向蜿蜒、上下延伸的裂缝"}]}, {"role": "assistant", "content": [{"type": "text", "text": "<|object_ref_start|><|box_start|><228><877><997><971><|box_end|><|point_start|><592><914><|point_end|>"}]}], "boxes": [{"bbox": [365.0, 95.0, 404.0, 415.0], "point": [380.5585407239819, 246.37132352941177], "phrase": "右侧纵向蜿蜒、上下延伸的裂缝"}], "caption": "右侧纵向蜿蜒、上下延伸的裂缝"}
10012057	{"image_id": "refcrack_0009362_0009362_02_4", "width": 416, "height": 416, "vrt_indices": [230, 259, 288, 347, 375, 432, 461, 490, 519, 548, 577, 606, 635, 664, 693, 752, 838], "patch_points": [[388.0, 105.0], [388.0, 119.0], [388.0, 132.0], [397.0, 161.0], [385.0, 175.0], [374.0, 203.0], [374.0, 216.0], [374.0, 231.0], [374.0, 244.0], [373.0, 259.0], [372.0, 273.0], [371.0, 286.0], [370.0, 300.0], [372.0, 315.0], [374.0, 328.0], [382.0, 357.0], [374.0, 399.0]], "conversations": [{"role": "user", "content": [{"type": "image", "image": "/home/yrquni/Downloads/Unilab/PaDT/dataset/dataset_root/images/0009362.png"}, {"type": "text", "text": "右边缘旁弯曲且比其他裂缝更长的裂缝"}]}, {"role": "assistant", "content": [{"type": "text", "text": "<|object_ref_start|><|box_start|><228><877><997><971><|box_end|><|point_start|><592><914><|point_end|>"}]}], "boxes": [{"bbox": [365.0, 95.0, 404.0, 415.0], "point": [380.5585407239819, 246.37132352941177], "phrase": "右边缘旁弯曲且比其他裂缝更长的裂缝"}], "caption": "右边缘旁弯曲且比其他裂缝更长的裂缝"}
10042351	{"image_id": "refcrack_0009363_0009363_00_0", "width": 416, "height": 416, "vrt_indices": [33, 62, 91, 120, 149, 179, 208, 237, 266, 294, 323, 352, 381, 410, 439, 496, 525, 554, 583, 612], "patch_points": [[60.0, 20.0], [59.0, 34.0], [60.0, 49.0], [61.0, 62.0], [64.0, 76.0], [71.0, 91.0], [72.0, 105.0], [71.0, 118.0], [71.0, 131.0], [61.0, 146.0], [62.0, 161.0], [61.0, 174.0], [61.0, 189.0], [61.0, 202.0], [60.0, 216.0], [43.0, 244.0], [44.0, 260.0], [46.0, 273.0], [46.0, 286.0], [46.0, 300.0]], "conversations": [{"role": "user", "content": [{"type": "image", "image": "/home/yrquni/Downloads/Unilab/PaDT/dataset/dataset_root/images/0009363.png"}, {"type": "text", "text": "左边上下延伸的曲折裂缝"}]}, {"role": "assistant", "content": [{"type": "text", "text": "<|object_ref_start|><|box_start|><0><76><747><177><|box_end|><|point_start|><387><134><|point_end|>"}]}], "boxes": [{"bbox": [32.0, 0.0, 74.0, 311.0], "point": [56.10558319513543, 161.18076285240465], "phrase": "左边上下延伸的曲折裂缝"}], "caption": "左边上下延伸的曲折裂缝"}
10073069	{"image_id": "refcrack_0009363_0009363_00_3", "width": 416, "height": 416, "vrt_indices": [33, 62, 91, 120, 149, 179, 208, 237, 266, 294, 323, 352, 381, 410, 439, 496, 525, 554, 583, 612], "patch_points": [[60.0, 20.0], [59.0, 34.0], [60.0, 49.0], [61.0, 62.0], [64.0, 76.0], [71.0, 91.0], [72.0, 105.0], [71.0, 118.0], [71.0, 131.0], [61.0, 146.0], [62.0, 161.0], [61.0, 174.0], [61.0, 189.0], [61.0, 202.0], [60.0, 216.0], [43.0, 244.0], [44.0, 260.0], [46.0, 273.0], [46.0, 286.0], [46.0, 300.0]], "conversations": [{"role": "user", "content": [{"type": "image", "image": "/home/yrquni/Downloads/Unilab/PaDT/dataset/dataset_root/images/0009363.png"}, {"type": "text", "text": "左侧贯穿上下的弯曲裂缝"}]}, {"role": "assistant", "content": [{"type": "text", "text": "<|object_ref_start|><|box_start|><0><76><747><177><|box_end|><|point_start|><387><134><|point_end|>"}]}], "boxes": [{"bbox": [32.0, 0.0, 74.0, 311.0], "point": [56.10558319513543, 161.18076285240465], "phrase": "左侧贯穿上下的弯曲裂缝"}], "caption": "左侧贯穿上下的弯曲裂缝"}
10103787	{"image_id": "refcrack_0009363_0009363_00_4", "width": 416, "height": 416, "vrt_indices": [33, 62, 91, 120, 149, 179, 208, 237, 266, 294, 323, 352, 381, 410, 439, 496, 525, 554, 583, 612], "patch_points": [[60.0, 20.0], [59.0, 34.0], [60.0, 49.0], [61.0, 62.0], [64.0, 76.0], [71.0, 91.0], [72.0, 105.0], [71.0, 118.0], [71.0, 131.0], [61.0, 146.0], [62.0, 161.0], [61.0, 174.0], [61.0, 189.0], [61.0, 202.0], [60.0, 216.0], [43.0, 244.0], [44.0, 260.0], [46.0, 273.0], [46.0, 286.0], [46.0, 300.0]], "conversations": [{"role": "user", "content": [{"type": "image", "image": "/home/yrquni/Downloads/Unilab/PaDT/dataset/dataset_root/images/0009363.png"}, {"type": "text", "text": "左部垂直方向带弯折的裂缝"}]}, {"role": "assistant", "content": [{"type": "text", "text": "<|object_ref_start|><|box_start|><0><76><747><177><|box_end|><|point_start|><387><134><|point_end|>"}]}], "boxes": [{"bbox": [32.0, 0.0, 74.0, 311.0], "point": [56.10558319513543, 161.18076285240465], "phrase": "左部垂直方向带弯折的裂缝"}], "caption": "左部垂直方向带弯折的裂缝"}
10134505	{"image_id": "refcrack_0009363_0009363_01_0", "width": 416, "height": 416, "vrt_indices": [391, 420, 449, 478, 535, 564, 594, 623, 652, 681, 710, 739, 768, 796, 797, 825], "patch_points": [[201.0, 189.0], [200.0, 202.0], [199.0, 216.0], [199.0, 230.0], [190.0, 258.0], [190.0, 273.0], [199.0, 288.0], [201.0, 301.0], [202.0, 314.0], [201.0, 328.0], [200.0, 343.0], [202.0, 357.0], [202.0, 370.0], [191.0, 385.0], [201.0, 384.0], [188.0, 398.0]], "conversations": [{"role": "user", "content": [{"type": "image", "image": "/home/yrquni/Downloads/Unilab/PaDT/dataset/dataset_root/images/0009363.png"}, {"type": "text", "text": "中下部一道竖长且带曲折的裂缝"}]}, {"role": "assistant", "content": [{"type": "text", "text": "<|object_ref_start|><|box_start|><432><418><997><514><|box_end|><|point_start|><743><471><|point_end|>"}]}], "boxes": [{"bbox": [174.0, 180.0, 214.0, 415.0], "point": [196.0395715560845, 309.40761678072005], "phrase": "中下部一道竖长且带曲折的裂缝"}], "caption": "中下部一道竖长且带曲折的裂缝"}
10165223	{"image_id": "refcrack_0009363_0009363_02_0", "width": 416, "height": 416, "vrt_indices": [639, 669, 700, 730, 760, 790, 820], "patch_points": [[18.0, 317.0], [34.0, 329.0], [62.0, 343.0], [75.0, 360.0], [89.0, 372.0], [103.0, 386.0], [118.0, 399.0]], "conversations": [{"role": "user", "content": [{"type": "image", "image": "/home/yrquni/Downloads/Unilab/PaDT/dataset/dataset_root/images/0009363.png"}, {"type": "text", "text": "左下角斜着的一道裂缝"}]}, {"role": "assistant", "content": [{"type": "text", "text": "<|object_ref_start|><|box_start|><725><0><990><312><|box_end|><|point_start|><859><165><|point_end|>"}]}], "boxes": [{"bbox": [0.0, 302.0, 130.0, 412.0], "point": [68.80849714648066, 357.4166138237159], "phrase": "左下角斜着的一道裂缝"}], "caption": "左下角斜着的一道裂缝"}
10195941	{"image_id": "refcrack_0009363_0009363_02_3", "width": 416, "height": 416, "vrt_indices": [639, 669, 700, 730, 760, 790, 820], "patch_points": [[18.0, 317.0], [34.0, 329.0], [62.0, 343.0], [75.0, 360.0], [89.0, 372.0], [103.0, 386.0], [118.0, 399.0]], "conversations": [{"role": "user", "content": [{"type": "image", "image": "/home/yrquni/Downloads/Unilab/PaDT/dataset/dataset_root/images/0009363.png"}, {"type": "text", "text": "左下角沿底边偏左，斜着展开的裂缝"}]}, {"role": "assistant", "content": [{"type": "text", "text": "<|object_ref_start|><|box_start|><725><0><990><312><|box_end|><|point_start|><859><165><|point_end|>"}]}], "boxes": [{"bbox": [0.0, 302.0, 130.0, 412.0], "point": [68.80849714648066, 357.4166138237159], "phrase": "左下角沿底边偏左，斜着展开的裂缝"}], "caption": "左下角沿底边偏左，斜着展开的裂缝"}
10226659	{"image_id": "refcrack_0009367_0009367_00_0", "width": 416, "height": 416, "vrt_indices": [147, 176, 206, 235, 236, 265, 266, 295, 296, 297, 298, 326, 327, 328, 329, 358, 359, 388, 418, 447, 477, 478, 479], "patch_points": [[32.0, 78.0], [35.0, 90.0], [48.0, 105.0], [50.0, 117.0], [61.0, 120.0], [63.0, 132.0], [75.0, 134.0], [77.0, 146.0], [90.0, 146.0], [104.0, 146.0], [118.0, 147.0], [105.0, 158.0], [119.0, 159.0], [132.0, 160.0], [146.0, 161.0], [147.0, 173.0], [159.0, 175.0], [161.0, 188.0], [172.0, 204.0], [174.0, 216.0], [189.0, 230.0], [202.0, 230.0], [216.0, 231.0]], "conversations": [{"role": "user", "content": [{"type": "image", "image": "/home/yrquni/Downloads/Unilab/PaDT/dataset/dataset_root/images/0009367.png"}, {"type": "text", "text": "左上部弯弯曲曲的裂缝"}]}, {"role": "assistant", "content": [{"type": "text", "text": "<|object_ref_start|><|box_start|><151><50><581><548><|box_end|><|point_start|><391><292><|point_end|>"}]}], "boxes": [{"bbox": [21.0, 63.0, 228.0, 242.0], "point": [121.87241186345831, 163.04458123484426], "phrase": "左上部弯弯曲曲的裂缝"}], "caption": "左上部弯弯曲曲的裂缝"}
10259545	{"image_id": "refcrack_0009367_0009367_00_2", "width": 416, "height": 416, "vrt_indices": [147, 176, 206, 235, 236, 265, 266, 295, 296, 297, 298, 326, 327, 328, 329, 358, 359, 388, 418, 447, 477, 478, 479], "patch_points": [[32.0, 78.0], [35.0, 90.0], [48.0, 105.0], [50.0, 117.0], [61.0, 120.0], [63.0, 132.0], [75.0, 134.0], [77.0, 146.0], [90.0, 146.0], [104.0, 146.0], [118.0, 147.0], [105.0, 158.0], [119.0, 159.0], [132.0, 160.0], [146.0, 161.0], [147.0, 173.0], [159.0, 175.0], [161.0, 188.0], [172.0, 204.0], [174.0, 216.0], [189.0, 230.0], [202.0, 230.0], [216.0, 231.0]], "conversations": [{"role": "user", "content": [{"type": "image", "image": "/home/yrquni/Downloads/Unilab/PaDT/dataset/dataset_root/images/0009367.png"}, {"type": "text", "text": "从左上往中间偏下弯的裂缝"}]}, {"role": "assistant", "content": [{"type": "text", "text": "<|object_ref_start|><|box_start|><151><50><581><548><|box_end|><|point_start|><391><292><|point_end|>"}]}], "boxes": [{"bbox": [21.0, 63.0, 228.0, 242.0], "point": [121.87241186345831, 163.04458123484426], "phrase": "从左上往中间偏下弯的裂缝"}], "caption": "从左上往中间偏下弯的裂缝"}
10292431	{"image_id": "refcrack_0009367_0009367_00_4", "width": 416, "height": 416, "vrt_indices": [147, 176, 206, 235, 236, 265, 266, 295, 296, 297, 298, 326, 327, 328, 329, 358, 359, 388, 418, 447, 477, 478, 479], "patch_points": [[32.0, 78.0], [35.0, 90.0], [48.0, 105.0], [50.0, 117.0], [61.0, 120.0], [63.0, 132.0], [75.0, 134.0], [77.0, 146.0], [90.0, 146.0], [104.0, 146.0], [118.0, 147.0], [105.0, 158.0], [119.0, 159.0], [132.0, 160.0], [146.0, 161.0], [147.0, 173.0], [159.0, 175.0], [161.0, 188.0], [172.0, 204.0], [174.0, 216.0], [189.0, 230.0], [202.0, 230.0], [216.0, 231.0]], "conversations": [{"role": "user", "content": [{"type": "image", "image": "/home/yrquni/Downloads/Unilab/PaDT/dataset/dataset_root/images/0009367.png"}, {"type": "text", "text": "浅灰表面上偏上的弯曲裂缝"}]}, {"role": "assistant", "content": [{"type": "text", "text": "<|object_ref_start|><|box_start|><151><50><581><548><|box_end|><|point_start|><391><292><|point_end|>"}]}], "boxes": [{"bbox": [21.0, 63.0, 228.0, 242.0], "point": [121.87241186345831, 163.04458123484426], "phrase": "浅灰表面上偏上的弯曲裂缝"}], "caption": "浅灰表面上偏上的弯曲裂缝"}
10325317	{"image_id": "refcrack_0009367_0009367_01_0", "width": 416, "height": 416, "vrt_indices": [566, 567, 568, 569, 597, 598, 599, 628, 629, 630, 631, 659, 660, 661, 690, 691, 720, 721, 750, 780], "patch_points": [[217.0, 272.0], [230.0, 272.0], [244.0, 273.0], [258.0, 274.0], [245.0, 285.0], [258.0, 286.0], [272.0, 287.0], [273.0, 300.0], [286.0, 300.0], [300.0, 302.0], [314.0, 303.0], [301.0, 313.0], [315.0, 314.0], [328.0, 315.0], [329.0, 328.0], [342.0, 329.0], [343.0, 342.0], [355.0, 343.0], [357.0, 356.0], [370.0, 370.0]], "conversations": [{"role": "user", "content": [{"type": "image", "image": "/home/yrquni/Downloads/Unilab/PaDT/dataset/dataset_root/images/0009367.png"}, {"type": "text", "text": "右下角弯弯的裂缝"}]}, {"role": "assistant", "content": [{"type": "text", "text": "<|object_ref_start|><|box_start|><629><490><937><920><|box_end|><|point_start|><747><714><|point_end|>"}]}], "boxes": [{"bbox": [204.0, 262.0, 383.0, 390.0], "point": [297.2974301675978, 310.7789944134078], "phrase": "右下角弯弯的裂缝"}], "caption": "右下角弯弯的裂缝"}
10358203	{"image_id": "refcrack_0009367_0009367_01_2", "width": 416, "height": 416, "vrt_indices": [566, 567, 568, 569, 597, 598, 599, 628, 629, 630, 631, 659, 660, 661, 690, 691, 720, 721, 750, 780], "patch_points": [[217.0, 272.0], [230.0, 272.0], [244.0, 273.0], [258.0, 274.0], [245.0, 285.0], [258.0, 286.0], [272.0, 287.0], [273.0, 300.0], [286.0, 300.0], [300.0, 302.0], [314.0, 303.0], [301.0, 313.0], [315.0, 314.0], [328.0, 315.0], [329.0, 328.0], [342.0, 329.0], [343.0, 342.0], [355.0, 343.0], [357.0, 356.0], [370.0, 370.0]], "conversations": [{"role": "user", "content": [{"type": "image", "image": "/home/yrquni/Downloads/Unilab/PaDT/dataset/dataset_root/images/0009367.png"}, {"type": "text", "text": "画面下方弧形朝右下的裂缝"}]}, {"role": "assistant", "content": [{"type": "text", "text": "<|object_ref_start|><|box_start|><629><490><937><920><|box_end|><|point_start|><747><714><|point_end|>"}]}], "boxes": [{"bbox": [204.0, 262.0, 383.0, 390.0], "point": [297.2974301675978, 310.7789944134078], "phrase": "画面下方弧形朝右下的裂缝"}], "caption": "画面下方弧形朝右下的裂缝"}
10391089	{"image_id": "refcrack_0009367_0009367_01_4", "width": 416, "height": 416, "vrt_indices": [566, 567, 568, 569, 597, 598, 599, 628, 629, 630, 631, 659, 660, 661, 690, 691, 720, 721, 750, 780], "patch_points": [[217.0, 272.0], [230.0, 272.0], [244.0, 273.0], [258.0, 274.0], [245.0, 285.0], [258.0, 286.0], [272.0, 287.0], [273.0, 300.0], [286.0, 300.0], [300.0, 302.0], [314.0, 303.0], [301.0, 313.0], [315.0, 314.0], [328.0, 315.0], [329.0, 328.0], [342.0, 329.0], [343.0, 342.0], [355.0, 343.0], [357.0, 356.0], [370.0, 370.0]], "conversations": [{"role": "user", "content": [{"type": "image", "image": "/home/yrquni/Downloads/Unilab/PaDT/dataset/dataset_root/images/0009367.png"}, {"type": "text", "text": "中间偏下开始波浪似的斜到右下角的裂缝"}]}, {"role": "assistant", "content": [{"type": "text", "text": "<|object_ref_start|><|box_start|><629><490><937><920><|box_end|><|point_start|><747><714><|point_end|>"}]}], "boxes": [{"bbox": [204.0, 262.0, 383.0, 390.0], "point": [297.2974301675978, 310.7789944134078], "phrase": "中间偏下开始波浪似的斜到右下角的裂缝"}], "caption": "中间偏下开始波浪似的斜到右下角的裂缝"}
10423975	{"image_id": "refcrack_0009368_0009368_00_1", "width": 416, "height": 416, "vrt_indices": [64, 65, 94, 95, 124, 125, 154, 183, 212, 213, 242, 271, 272, 300, 301, 330, 359], "patch_points": [[91.0, 34.0], [103.0, 36.0], [105.0, 48.0], [117.0, 50.0], [119.0, 62.0], [130.0, 64.0], [132.0, 77.0], [132.0, 91.0], [133.0, 104.0], [145.0, 105.0], [146.0, 118.0], [147.0, 132.0], [159.0, 133.0], [148.0, 146.0], [160.0, 146.0], [159.0, 160.0], [159.0, 172.0]], "conversations": [{"role": "user", "content": [{"type": "image", "image": "/home/yrquni/Downloads/Unilab/PaDT/dataset/dataset_root/images/0009368.png"}, {"type": "text", "text": "靠上偏左、与下方黑缝错落的曲折缝"}]}, {"role": "assistant", "content": [{"type": "text", "text": "<|object_ref_start|><|box_start|><38><163><425><401><|box_end|><|point_start|><223><311><|point_end|>"}]}], "boxes": [{"bbox": [68.0, 16.0, 167.0, 177.0], "point": [129.40865777293766, 92.95534985025864], "phrase": "靠上偏左、与下方黑缝错落的曲折缝"}], "caption": "靠上偏左、与下方黑缝错落的曲折缝"}
10457721	{"image_id": "refcrack_0009368_0009368_01_0", "width": 416, "height": 416, "vrt_indices": [361, 362, 390, 391, 420, 450, 451, 481, 510, 511, 540, 569, 570, 598, 599, 627, 628, 657, 658, 687, 688, 717, 718, 747, 748, 777, 806, 834], "patch_points": [[190.0, 175.0], [200.0, 175.0], [190.0, 188.0], [201.0, 189.0], [202.0, 203.0], [217.0, 216.0], [230.0, 218.0], [245.0, 230.0], [247.0, 244.0], [258.0, 245.0], [258.0, 258.0], [259.0, 272.0], [269.0, 273.0], [259.0, 286.0], [270.0, 287.0], [261.0, 300.0], [271.0, 301.0], [274.0, 313.0], [285.0, 315.0], [288.0, 327.0], [299.0, 330.0], [302.0, 341.0], [314.0, 343.0], [316.0, 355.0], [328.0, 357.0], [328.0, 370.0], [328.0, 384.0], [318.0, 397.0]], "conversations": [{"role": "user", "content": [{"type": "image", "image": "/home/yrquni/Downloads/Unilab/PaDT/dataset/dataset_root/images/0009368.png"}, {"type": "text", "text": "右下角附近，弯弯向下的裂缝"}]}, {"role": "assistant", "content": [{"type": "text", "text": "<|object_ref_start|><|box_start|><377><442><966><822><|box_end|><|point_start|><675><637><|point_end|>"}]}], "boxes": [{"bbox": [184.0, 157.0, 342.0, 402.0], "point": [265.38421894437533, 281.07730584681], "phrase": "右下角附近，弯弯向下的裂缝"}], "caption": "右下角附近，弯弯向下的裂缝"}
10491467	{"image_id": "refcrack_0009368_0009368_01_1", "width": 416, "height": 416, "vrt_indices": [361, 362, 390, 391, 420, 450, 451, 481, 510, 511, 540, 569, 570, 598, 599, 627, 628, 657, 658, 687, 688, 717, 718, 747, 748, 777, 806, 834], "patch_points": [[190.0, 175.0], [200.0, 175.0], [190.0, 188.0], [201.0, 189.0], [202.0, 203.0], [217.0, 216.0], [230.0, 218.0], [245.0, 230.0], [247.0, 244.0], [258.0, 245.0], [258.0, 258.0], [259.0, 272.0], [269.0, 273.0], [259.0, 286.0], [270.0, 287.0], [261.0, 300.0], [271.0, 301.0], [274.0, 313.0], [285.0, 315.0], [288.0, 327.0], [299.0, 330.0], [302.0, 341.0], [314.0, 343.0], [316.0, 355.0], [328.0, 357.0], [328.0, 370.0], [328.0, 384.0], [318.0, 397.0]], "conversations": [{"role": "user", "content": [{"type": "image", "image": "/home/yrquni/Downloads/Unilab/PaDT/dataset/dataset_root/images/0009368.png"}, {"type": "text", "text": "深色裂缝右侧，曲折往下的裂缝"}]}, {"role": "assistant", "content": [{"type": "text", "text": "<|object_ref_start|><|box_start|><377><442><966><822><|box_end|><|point_start|><675><637><|point_end|>"}]}], "boxes": [{"bbox": [184.0, 157.0, 342.0, 402.0], "point": [265.38421894437533, 281.07730584681], "phrase": "深色裂缝右侧，曲折往下的裂缝"}], "caption": "深色裂缝右侧，曲折往下的裂缝"}
10525213	{"image_id": "refcrack_0009368_0009368_01_2", "width": 416, "height": 416, "vrt_indices": [361, 362, 390, 391, 420, 450, 451, 481, 510, 511, 540, 569, 570, 598, 599, 627, 628, 657, 658, 687, 688, 717, 718, 747, 748, 777, 806, 834], "patch_points": [[190.0, 175.0], [200.0, 175.0], [190.0, 188.0], [201.0, 189.0], [202.0, 203.0], [217.0, 216.0], [230.0, 218.0], [245.0, 230.0], [247.0, 244.0], [258.0, 245.0], [258.0, 258.0], [259.0, 272.0], [269.0, 273.0], [259.0, 286.0], [270.0, 287.0], [261.0, 300.0], [271.0, 301.0], [274.0, 313.0], [285.0, 315.0], [288.0, 327.0], [299.0, 330.0], [302.0, 341.0], [314.0, 343.0], [316.0, 355.0], [328.0, 357.0], [328.0, 370.0], [328.0, 384.0], [318.0, 397.0]], "conversations": [{"role": "user", "content": [{"type": "image", "image": "/home/yrquni/Downloads/Unilab/PaDT/dataset/dataset_root/images/0009368.png"}, {"type": "text", "text": "中上部偏右起始，蜿蜒至右下角的裂缝"}]}, {"role": "assistant", "content": [{"type": "text", "text": "<|object_ref_start|><|box_start|><377><442><966><822><|box_end|><|point_start|><675><637><|point_end|>"}]}], "boxes": [{"bbox": [184.0, 157.0, 342.0, 402.0], "point": [265.38421894437533, 281.07730584681], "phrase": "中上部偏右起始，蜿蜒至右下角的裂缝"}], "caption": "中上部偏右起始，蜿蜒至右下角的裂缝"}
10558959	{"image_id": "refcrack_0009368_0009368_01_4", "width": 416, "height": 416, "vrt_indices": [361, 362, 390, 391, 420, 450, 451, 481, 510, 511, 540, 569, 570, 598, 599, 627, 628, 657, 658, 687, 688, 717, 718, 747, 748, 777, 806, 834], "patch_points": [[190.0, 175.0], [200.0, 175.0], [190.0, 188.0], [201.0, 189.0], [202.0, 203.0], [217.0, 216.0], [230.0, 218.0], [245.0, 230.0], [247.0, 244.0], [258.0, 245.0], [258.0, 258.0], [259.0, 272.0], [269.0, 273.0], [259.0, 286.0], [270.0, 287.0], [261.0, 300.0], [271.0, 301.0], [274.0, 313.0], [285.0, 315.0], [288.0, 327.0], [299.0, 330.0], [302.0, 341.0], [314.0, 343.0], [316.0, 355.0], [328.0, 357.0], [328.0, 370.0], [328.0, 384.0], [318.0, 397.0]], "conversations": [{"role": "user", "content": [{"type": "image", "image": "/home/yrquni/Downloads/Unilab/PaDT/dataset/dataset_root/images/0009368.png"}, {"type": "text", "text": "从上方中间偏右，向右下弯折着延伸到右下角的裂缝"}]}, {"role": "assistant", "content": [{"type": "text", "text": "<|object_ref_start|><|box_start|><377><442><966><822><|box_end|><|point_start|><675><637><|point_end|>"}]}], "boxes": [{"bbox": [184.0, 157.0, 342.0, 402.0], "point": [265.38421894437533, 281.07730584681], "phrase": "从上方中间偏右，向右下弯折着延伸到右下角的裂缝"}], "caption": "从上方中间偏右，向右下弯折着延伸到右下角的裂缝"}
10592705	{"image_id": "refcrack_0009369_0009369_01_1", "width": 416, "height": 416, "vrt_indices": [417, 418, 419, 420, 446, 447, 449, 450, 479, 509, 510, 511, 512, 513, 514, 515, 516, 539, 540, 541, 542, 543, 545, 546, 576, 577, 606, 607, 608, 636, 637], "patch_points": [[161.0, 203.0], [174.0, 202.0], [188.0, 203.0], [201.0, 205.0], [161.0, 213.0], [174.0, 213.0], [204.0, 215.0], [215.0, 218.0], [217.0, 230.0], [231.0, 244.0], [244.0, 245.0], [259.0, 245.0], [272.0, 245.0], [287.0, 245.0], [300.0, 244.0], [314.0, 245.0], [327.0, 246.0], [245.0, 255.0], [259.0, 257.0], [272.0, 258.0], [286.0, 257.0], [300.0, 256.0], [329.0, 257.0], [342.0, 259.0], [357.0, 272.0], [370.0, 274.0], [371.0, 285.0], [384.0, 287.0], [398.0, 288.0], [386.0, 298.0], [399.0, 300.0]], "conversations": [{"role": "user", "content": [{"type": "image", "image": "/home/yrquni/Downloads/Unilab/PaDT/dataset/dataset_root/images/0009369.png"}, {"type": "text", "text": "偏右下蜿蜒伸展的裂缝"}]}, {"role": "assistant", "content": [{"type": "text", "text": "<|object_ref_start|><|box_start|><456><341><740><997><|box_end|><|point_start|><594><675><|point_end|>"}]}], "boxes": [{"bbox": [142.0, 190.0, 415.0, 308.0], "point": [280.91602173555077, 247.1743783961798], "phrase": "偏右下蜿蜒伸展的裂缝"}], "caption": "偏右下蜿蜒伸展的裂缝"}
10627167	{"image_id": "refcrack_0009369_0009369_01_4", "width": 416, "height": 416, "vrt_indices": [417, 418, 419, 420, 446, 447, 449, 450, 479, 509, 510, 511, 512, 513, 514, 515, 516, 539, 540, 541, 542, 543, 545, 546, 576, 577, 606, 607, 608, 636, 637], "patch_points": [[161.0, 203.0], [174.0, 202.0], [188.0, 203.0], [201.0, 205.0], [161.0, 213.0], [174.0, 213.0], [204.0, 215.0], [215.0, 218.0], [217.0, 230.0], [231.0, 244.0], [244.0, 245.0], [259.0, 245.0], [272.0, 245.0], [287.0, 245.0], [300.0, 244.0], [314.0, 245.0], [327.0, 246.0], [245.0, 255.0], [259.0, 257.0], [272.0, 258.0], [286.0, 257.0], [300.0, 256.0], [329.0, 257.0], [342.0, 259.0], [357.0, 272.0], [370.0, 274.0], [371.0, 285.0], [384.0, 287.0], [398.0, 288.0], [386.0, 298.0], [399.0, 300.0]], "conversations": [{"role": "user", "content": [{"type": "image", "image": "/home/yrquni/Downloads/Unilab/PaDT/dataset/dataset_root/images/0009369.png"}, {"type": "text", "text": "从中部往右下连续波浪形的裂缝"}]}, {"role": "assistant", "content": [{"type": "text", "text": "<|object_ref_start|><|box_start|><456><341><740><997><|box_end|><|point_start|><594><675><|point_end|>"}]}], "boxes": [{"bbox": [142.0, 190.0, 415.0, 308.0], "point": [280.91602173555077, 247.1743783961798], "phrase": "从中部往右下连续波浪形的裂缝"}], "caption": "从中部往右下连续波浪形的裂缝"}
10661629	{"image_id": "refcrack_0009382_0009382_00_0", "width": 416, "height": 416, "vrt_indices": [78, 107, 136, 224, 339, 368, 396, 397, 425, 426, 454, 455, 483, 484, 512, 513, 541, 542, 569, 570, 571, 595, 596, 597, 598, 599, 600, 617, 618, 619, 620, 621, 622, 623, 645, 674], "patch_points": [[289.0, 34.0], [289.0, 49.0], [289.0, 62.0], [297.0, 104.0], [287.0, 161.0], [286.0, 174.0], [275.0, 189.0], [286.0, 188.0], [274.0, 203.0], [286.0, 202.0], [273.0, 217.0], [286.0, 216.0], [272.0, 230.0], [286.0, 230.0], [272.0, 244.0], [286.0, 244.0], [272.0, 258.0], [286.0, 258.0], [260.0, 274.0], [272.0, 272.0], [286.0, 273.0], [217.0, 287.0], [230.0, 286.0], [244.0, 286.0], [258.0, 286.0], [273.0, 286.0], [286.0, 286.0], [119.0, 302.0], [133.0, 301.0], [146.0, 300.0], [160.0, 299.0], [174.0, 298.0], [189.0, 298.0], [202.0, 298.0], [104.0, 314.0], [104.0, 328.0]], "conversations": [{"role": "user", "content": [{"type": "image", "image": "/home/yrquni/Downloads/Unilab/PaDT/dataset/dataset_root/images/0009382.png"}, {"type": "text", "text": "呈L形，一段水平一段竖直的裂缝"}]}, {"role": "assistant", "content": [{"type": "text", "text": "<|object_ref_start|><|box_start|><0><230><997><725><|box_end|><|point_start|><557><572><|point_end|>"}]}], "boxes": [{"bbox": [96.0, 0.0, 302.0, 415.0], "point": [238.16157068062827, 231.95497382198954], "phrase": "呈L形，一段水平一段竖直的裂缝"}], "caption": "呈L形，一段水平一段竖直的裂缝"}
10706635	{"image_id": "refcrack_0009382_0009382_00_2", "width": 416, "height": 416, "vrt_indices": [78, 107, 136, 224, 339, 368, 396, 397, 425, 426, 454, 455, 483, 484, 512, 513, 541, 542, 569, 570, 571, 595, 596, 597, 598, 599, 600, 617, 618, 619, 620, 621, 622, 623, 645, 674], "patch_points": [[289.0, 34.0], [289.0, 49.0], [289.0, 62.0], [297.0, 104.0], [287.0, 161.0], [286.0, 174.0], [275.0, 189.0], [286.0, 188.0], [274.0, 203.0], [286.0, 202.0], [273.0, 217.0], [286.0, 216.0], [272.0, 230.0], [286.0, 230.0], [272.0, 244.0], [286.0, 244.0], [272.0, 258.0], [286.0, 258.0], [260.0, 274.0], [272.0, 272.0], [286.0, 273.0], [217.0, 287.0], [230.0, 286.0], [244.0, 286.0], [258.0, 286.0], [273.0, 286.0], [286.0, 286.0], [119.0, 302.0], [133.0, 301.0], [146.0, 300.0], [160.0, 299.0], [174.0, 298.0], [189.0, 298.0], [202.0, 298.0], [104.0, 314.0], [104.0, 328.0]], "conversations": [{"role": "user", "content": [{"type": "image", "image": "/home/yrquni/Downloads/Unilab/PaDT/dataset/dataset_root/images/0009382.png"}, {"type": "text", "text": "横向部分短、纵向部分长，直角弯折的裂缝"}]}, {"role": "assistant", "content": [{"type": "text", "text": "<|object_ref_start|><|box_start|><0><230><997><725><|box_end|><|point_start|><557><572><|point_end|>"}]}], "boxes": [{"bbox": [96.0, 0.0, 302.0, 415.0], "point": [238.16157068062827, 231.95497382198954], "phrase": "横向部分短、纵向部分长，直角弯折的裂缝"}], "caption": "横向部分短、纵向部分长，直角弯折的裂缝"}
10751641	{"image_id": "refcrack_0009385_0009385_00_0", "width": 416, "height": 416, "vrt_indices": [3, 33, 35, 36, 37, 47, 69, 75, 100, 101, 102, 103], "patch_points": [[47.0, 8.0], [63.0, 18.0], [90.0, 18.0], [105.0, 17.0], [119.0, 18.0], [255.0, 18.0], [164.0, 31.0], [242.0, 33.0], [190.0, 43.0], [203.0, 45.0], [216.0, 46.0], [231.0, 46.0]], "conversations": [{"role": "user", "content": [{"type": "image", "image": "/home/yrquni/Downloads/Unilab/PaDT/dataset/dataset_root/images/0009385.png"}, {"type": "text", "text": "顶部区域的弯折裂缝"}]}, {"role": "assistant", "content": [{"type": "text", "text": "<|object_ref_start|><|box_start|><0><84><117><641><|box_end|><|point_start|><60><378><|point_end|>"}]}], "boxes": [{"bbox": [35.0, 0.0, 267.0, 49.0], "point": [157.61274509803923, 24.98752228163993], "phrase": "顶部区域的弯折裂缝"}], "caption": "顶部区域的弯折裂缝"}
10793063	{"image_id": "refcrack_0009385_0009385_00_4", "width": 416, "height": 416, "vrt_indices": [3, 33, 35, 36, 37, 47, 69, 75, 100, 101, 102, 103], "patch_points": [[47.0, 8.0], [63.0, 18.0], [90.0, 18.0], [105.0, 17.0], [119.0, 18.0], [255.0, 18.0], [164.0, 31.0], [242.0, 33.0], [190.0, 43.0], [203.0, 45.0], [216.0, 46.0], [231.0, 46.0]], "conversations": [{"role": "user", "content": [{"type": "image", "image": "/home/yrquni/Downloads/Unilab/PaDT/dataset/dataset_root/images/0009385.png"}, {"type": "text", "text": "表层上方折线形的裂缝"}]}, {"role": "assistant", "content": [{"type": "text", "text": "<|object_ref_start|><|box_start|><0><84><117><641><|box_end|><|point_start|><60><378><|point_end|>"}]}], "boxes": [{"bbox": [35.0, 0.0, 267.0, 49.0], "point": [157.61274509803923, 24.98752228163993], "phrase": "表层上方折线形的裂缝"}], "caption": "表层上方折线形的裂缝"}
10834485	{"image_id": "refcrack_0009386_0009386_01_1", "width": 416, "height": 416, "vrt_indices": [349, 350, 380, 409, 438, 467, 524, 610, 639, 668, 697, 726, 755], "patch_points": [[21.0, 173.0], [33.0, 177.0], [45.0, 189.0], [45.0, 202.0], [45.0, 216.0], [43.0, 229.0], [32.0, 255.0], [18.0, 300.0], [17.0, 314.0], [17.0, 329.0], [18.0, 343.0], [17.0, 356.0], [16.0, 370.0]], "conversations": [{"role": "user", "content": [{"type": "image", "image": "/home/yrquni/Downloads/Unilab/PaDT/dataset/dataset_root/images/0009386.png"}, {"type": "text", "text": "从左边缘往内延伸、带转折的裂缝"}]}, {"role": "assistant", "content": [{"type": "text", "text": "<|object_ref_start|><|box_start|><367><0><913><117><|box_end|><|point_start|><622><60><|point_end|>"}]}], "boxes": [{"bbox": [0.0, 153.0, 49.0, 380.0], "point": [25.075987841945288, 258.93009118541033], "phrase": "从左边缘往内延伸、带转折的裂缝"}], "caption": "从左边缘往内延伸、带转折的裂缝"}
10875419	{"image_id": "refcrack_0009386_0009386_01_2", "width": 416, "height": 416, "vrt_indices": [349, 350, 380, 409, 438, 467, 524, 610, 639, 668, 697, 726, 755], "patch_points": [[21.0, 173.0], [33.0, 177.0], [45.0, 189.0], [45.0, 202.0], [45.0, 216.0], [43.0, 229.0], [32.0, 255.0], [18.0, 300.0], [17.0, 314.0], [17.0, 329.0], [18.0, 343.0], [17.0, 356.0], [16.0, 370.0]], "conversations": [{"role": "user", "content": [{"type": "image", "image": "/home/yrquni/Downloads/Unilab/PaDT/dataset/dataset_root/images/0009386.png"}, {"type": "text", "text": "左侧偏下、曲折且较长的裂缝"}]}, {"role": "assistant", "content": [{"type": "text", "text": "<|object_ref_start|><|box_start|><367><0><913><117><|box_end|><|point_start|><622><60><|point_end|>"}]}], "boxes": [{"bbox": [0.0, 153.0, 49.0, 380.0], "point": [25.075987841945288, 258.93009118541033], "phrase": "左侧偏下、曲折且较长的裂缝"}], "caption": "左侧偏下、曲折且较长的裂缝"}
10916353	{"image_id": "refcrack_0009386_0009386_01_3", "width": 416, "height": 416, "vrt_indices": [349, 350, 380, 409, 438, 467, 524, 610, 639, 668, 697, 726, 755], "patch_points": [[21.0, 173.0], [33.0, 177.0], [45.0, 189.0], [45.0, 202.0], [45.0, 216.0], [43.0, 229.0], [32.0, 255.0], [18.0, 300.0], [17.0, 314.0], [17.0, 329.0], [18.0, 343.0], [17.0, 356.0], [16.0, 370.0]], "conversations": [{"role": "user", "content": [{"type": "image", "image": "/home/yrquni/Downloads/Unilab/PaDT/dataset/dataset_root/images/0009386.png"}, {"type": "text", "text": "最左边、有明显拐角的纵向裂缝"}]}, {"role": "assistant", "content": [{"type": "text", "text": "<|object_ref_start|><|box_start|><367><0><913><117><|box_end|><|point_start|><622><60><|point_end|>"}]}], "boxes": [{"bbox": [0.0, 153.0, 49.0, 380.0], "point": [25.075987841945288, 258.93009118541033], "phrase": "最左边、有明显拐角的纵向裂缝"}], "caption": "最左边、有明显拐角的纵向裂缝"}
10957287	{"image_id": "refcrack_0009386_0009386_01_4", "width": 416, "height": 416, "vrt_indices": [349, 350, 380, 409, 438, 467, 524, 610, 639, 668, 697, 726, 755], "patch_points": [[21.0, 173.0], [33.0, 177.0], [45.0, 189.0], [45.0, 202.0], [45.0, 216.0], [43.0, 229.0], [32.0, 255.0], [18.0, 300.0], [17.0, 314.0], [17.0, 329.0], [18.0, 343.0], [17.0, 356.0], [16.0, 370.0]], "conversations": [{"role": "user", "content": [{"type": "image", "image": "/home/yrquni/Downloads/Unilab/PaDT/dataset/dataset_root/images/0009386.png"}, {"type": "text", "text": "左部沿边缘向下又转折的裂缝"}]}, {"role": "assistant", "content": [{"type": "text", "text": "<|object_ref_start|><|box_start|><367><0><913><117><|box_end|><|point_start|><622><60><|point_end|>"}]}], "boxes": [{"bbox": [0.0, 153.0, 49.0, 380.0], "point": [25.075987841945288, 258.93009118541033], "phrase": "左部沿边缘向下又转折的裂缝"}], "caption": "左部沿边缘向下又转折的裂缝"}
10998221	{"image_id": "refcrack_0009387_0009387_01_0", "width": 416, "height": 416, "vrt_indices": [465, 495, 496, 525, 554, 641, 670, 699, 728, 787, 816], "patch_points": [[20.0, 233.0], [36.0, 242.0], [44.0, 246.0], [45.0, 259.0], [47.0, 272.0], [44.0, 313.0], [44.0, 329.0], [45.0, 343.0], [46.0, 357.0], [58.0, 387.0], [60.0, 399.0]], "conversations": [{"role": "user", "content": [{"type": "image", "image": "/home/yrquni/Downloads/Unilab/PaDT/dataset/dataset_root/images/0009387.png"}, {"type": "text", "text": "左侧偏下的弯曲长裂缝"}]}, {"role": "assistant", "content": [{"type": "text", "text": "<|object_ref_start|><|box_start|><533><0><997><158><|box_end|><|point_start|><735><98><|point_end|>"}]}], "boxes": [{"bbox": [0.0, 222.0, 66.0, 415.0], "point": [41.051411290322584, 306.00604838709677], "phrase": "左侧偏下的弯曲长裂缝"}], "caption": "左侧偏下的弯曲长裂缝"}
11038807	{"image_id": "refcrack_0009387_0009387_01_2", "width": 416, "height": 416, "vrt_indices": [465, 495, 496, 525, 554, 641, 670, 699, 728, 787, 816], "patch_points": [[20.0, 233.0], [36.0, 242.0], [44.0, 246.0], [45.0, 259.0], [47.0, 272.0], [44.0, 313.0], [44.0, 329.0], [45.0, 343.0], [46.0, 357.0], [58.0, 387.0], [60.0, 399.0]], "conversations": [{"role": "user", "content": [{"type": "image", "image": "/home/yrquni/Downloads/Unilab/PaDT/dataset/dataset_root/images/0009387.png"}, {"type": "text", "text": "左侧区域唯一呈曲线的纵向裂缝"}]}, {"role": "assistant", "content": [{"type": "text", "text": "<|object_ref_start|><|box_start|><533><0><997><158><|box_end|><|point_start|><735><98><|point_end|>"}]}], "boxes": [{"bbox": [0.0, 222.0, 66.0, 415.0], "point": [41.051411290322584, 306.00604838709677], "phrase": "左侧区域唯一呈曲线的纵向裂缝"}], "caption": "左侧区域唯一呈曲线的纵向裂缝"}
11079393	{"image_id": "refcrack_0009388_0009388_00_0", "width": 416, "height": 416, "vrt_indices": [44, 73, 101, 130, 188, 247, 276, 305, 334, 363, 451, 480], "patch_points": [[214.0, 21.0], [214.0, 34.0], [202.0, 48.0], [199.0, 61.0], [204.0, 89.0], [212.0, 119.0], [213.0, 133.0], [214.0, 146.0], [216.0, 161.0], [217.0, 175.0], [227.0, 217.0], [227.0, 231.0]], "conversations": [{"role": "user", "content": [{"type": "image", "image": "/home/yrquni/Downloads/Unilab/PaDT/dataset/dataset_root/images/0009388.png"}, {"type": "text", "text": "中间竖着的一道带弯的长裂缝"}]}, {"role": "assistant", "content": [{"type": "text", "text": "<|object_ref_start|><|box_start|><0><451><576><555><|box_end|><|point_start|><266><505><|point_end|>"}]}], "boxes": [{"bbox": [188.0, 0.0, 231.0, 240.0], "point": [210.20615034168566, 110.69476082004556], "phrase": "中间竖着的一道带弯的长裂缝"}], "caption": "中间竖着的一道带弯的长裂缝"}
11121103	{"image_id": "refcrack_0009388_0009388_01_0", "width": 416, "height": 416, "vrt_indices": [595, 625, 654, 713, 742], "patch_points": [[218.0, 287.0], [228.0, 300.0], [231.0, 315.0], [241.0, 343.0], [243.0, 357.0]], "conversations": [{"role": "user", "content": [{"type": "image", "image": "/home/yrquni/Downloads/Unilab/PaDT/dataset/dataset_root/images/0009388.png"}, {"type": "text", "text": "底部竖直的一小段裂缝"}]}, {"role": "assistant", "content": [{"type": "text", "text": "<|object_ref_start|><|box_start|><668><512><951><610><|box_end|><|point_start|><807><568><|point_end|>"}]}], "boxes": [{"bbox": [213.0, 278.0, 254.0, 396.0], "point": [236.3015717092338, 335.9076620825147], "phrase": "底部竖直的一小段裂缝"}], "caption": "底部竖直的一小段裂缝"}
11162813	{"image_id": "refcrack_0009390_0009390_00_0", "width": 416, "height": 416, "vrt_indices": [377, 378, 379, 380, 381, 382, 393, 411, 412, 414, 417], "patch_points": [[6.0, 187.0], [21.0, 188.0], [34.0, 186.0], [48.0, 184.0], [63.0, 188.0], [75.0, 191.0], [230.0, 190.0], [77.0, 202.0], [90.0, 204.0], [117.0, 200.0], [161.0, 198.0]], "conversations": [{"role": "user", "content": [{"type": "image", "image": "/home/yrquni/Downloads/Unilab/PaDT/dataset/dataset_root/images/0009390.png"}, {"type": "text", "text": "左半区域呈折线的裂缝"}]}, {"role": "assistant", "content": [{"type": "text", "text": "<|object_ref_start|><|box_start|><425><0><514><641><|box_end|><|point_start|><465><303><|point_end|>"}]}], "boxes": [{"bbox": [0.0, 177.0, 267.0, 214.0], "point": [126.2267966775009, 193.7421451787649], "phrase": "左半区域呈折线的裂缝"}], "caption": "左半区域呈折线的裂缝"}
11205067	{"image_id": "refcrack_0009390_0009390_00_2", "width": 416, "height": 416, "vrt_indices": [377, 378, 379, 380, 381, 382, 393, 411, 412, 414, 417], "patch_points": [[6.0, 187.0], [21.0, 188.0], [34.0, 186.0], [48.0, 184.0], [63.0, 188.0], [75.0, 191.0], [230.0, 190.0], [77.0, 202.0], [90.0, 204.0], [117.0, 200.0], [161.0, 198.0]], "conversations": [{"role": "user", "content": [{"type": "image", "image": "/home/yrquni/Downloads/Unilab/PaDT/dataset/dataset_root/images/0009390.png"}, {"type": "text", "text": "画面左侧走势起伏的裂缝"}]}, {"role": "assistant", "content": [{"type": "text", "text": "<|object_ref_start|><|box_start|><425><0><514><641><|box_end|><|point_start|><465><303><|point_end|>"}]}], "boxes": [{"bbox": [0.0, 177.0, 267.0, 214.0], "point": [126.2267966775009, 193.7421451787649], "phrase": "画面左侧走势起伏的裂缝"}], "caption": "画面左侧走势起伏的裂缝"}
11247321	{"image_id": "refcrack_0009390_0009390_00_4", "width": 416, "height": 416, "vrt_indices": [377, 378, 379, 380, 381, 382, 393, 411, 412, 414, 417], "patch_points": [[6.0, 187.0], [21.0, 188.0], [34.0, 186.0], [48.0, 184.0], [63.0, 188.0], [75.0, 191.0], [230.0, 190.0], [77.0, 202.0], [90.0, 204.0], [117.0, 200.0], [161.0, 198.0]], "conversations": [{"role": "user", "content": [{"type": "image", "image": "/home/yrquni/Downloads/Unilab/PaDT/dataset/dataset_root/images/0009390.png"}, {"type": "text", "text": "灰墙左部带一个弯折的长裂缝"}]}, {"role": "assistant", "content": [{"type": "text", "text": "<|object_ref_start|><|box_start|><425><0><514><641><|box_end|><|point_start|><465><303><|point_end|>"}]}], "boxes": [{"bbox": [0.0, 177.0, 267.0, 214.0], "point": [126.2267966775009, 193.7421451787649], "phrase": "灰墙左部带一个弯折的长裂缝"}], "caption": "灰墙左部带一个弯折的长裂缝"}
11289575	{"image_id": "refcrack_0009406_0009406_00_0", "width": 416, "height": 416, "vrt_indices": [22, 23, 24, 25, 26, 47, 48, 49, 70, 71, 72, 73, 88, 89, 90], "patch_points": [[314.0, 4.0], [328.0, 2.0], [342.0, 2.0], [356.0, 2.0], [368.0, 1.0], [258.0, 19.0], [270.0, 15.0], [284.0, 14.0], [174.0, 31.0], [188.0, 30.0], [202.0, 29.0], [215.0, 29.0], [20.0, 46.0], [34.0, 44.0], [47.0, 43.0]], "conversations": [{"role": "user", "content": [{"type": "image", "image": "/home/yrquni/Downloads/Unilab/PaDT/dataset/dataset_root/images/0009406.png"}, {"type": "text", "text": "顶部横着的一道裂缝"}]}, {"role": "assistant", "content": [{"type": "text", "text": "<|object_ref_start|><|box_start|><0><0><127><896><|box_end|><|point_start|><61><432><|point_end|>"}]}], "boxes": [{"bbox": [0.0, 0.0, 373.0, 53.0], "point": [179.92635024549918, 25.71325695581015], "phrase": "顶部横着的一道裂缝"}], "caption": "顶部横着的一道裂缝"}
11348737	{"image_id": "refcrack_0009406_0009406_00_1", "width": 416, "height": 416, "vrt_indices": [22, 23, 24, 25, 26, 47, 48, 49, 70, 71, 72, 73, 88, 89, 90], "patch_points": [[314.0, 4.0], [328.0, 2.0], [342.0, 2.0], [356.0, 2.0], [368.0, 1.0], [258.0, 19.0], [270.0, 15.0], [284.0, 14.0], [174.0, 31.0], [188.0, 30.0], [202.0, 29.0], [215.0, 29.0], [20.0, 46.0], [34.0, 44.0], [47.0, 43.0]], "conversations": [{"role": "user", "content": [{"type": "image", "image": "/home/yrquni/Downloads/Unilab/PaDT/dataset/dataset_root/images/0009406.png"}, {"type": "text", "text": "最上边沿附近的长裂缝"}]}, {"role": "assistant", "content": [{"type": "text", "text": "<|object_ref_start|><|box_start|><0><0><127><896><|box_end|><|point_start|><61><432><|point_end|>"}]}], "boxes": [{"bbox": [0.0, 0.0, 373.0, 53.0], "point": [179.92635024549918, 25.71325695581015], "phrase": "最上边沿附近的长裂缝"}], "caption": "最上边沿附近的长裂缝"}
11407899	{"image_id": "refcrack_0009406_0009406_00_2", "width": 416, "height": 416, "vrt_indices": [22, 23, 24, 25, 26, 47, 48, 49, 70, 71, 72, 73, 88, 89, 90], "patch_points": [[314.0, 4.0], [328.0, 2.0], [342.0, 2.0], [356.0, 2.0], [368.0, 1.0], [258.0, 19.0], [270.0, 15.0], [284.0, 14.0], [174.0, 31.0], [188.0, 30.0], [202.0, 29.0], [215.0, 29.0], [20.0, 46.0], [34.0, 44.0], [47.0, 43.0]], "conversations": [{"role": "user", "content": [{"type": "image", "image": "/home/yrquni/Downloads/Unilab/PaDT/dataset/dataset_root/images/0009406.png"}, {"type": "text", "text": "上方水平延伸的连续裂缝"}]}, {"role": "assistant", "content": [{"type": "text", "text": "<|object_ref_start|><|box_start|><0><0><127><896><|box_end|><|point_start|><61><432><|point_end|>"}]}], "boxes": [{"bbox": [0.0, 0.0, 373.0, 53.0], "point": [179.92635024549918, 25.71325695581015], "phrase": "上方水平延伸的连续裂缝"}], "caption": "上方水平延伸的连续裂缝"}
11467061	{"image_id": "refcrack_0009406_0009406_01_0", "width": 416, "height": 416, "vrt_indices": [287, 288, 289, 308, 309, 310, 311, 312, 336, 364, 377, 378, 379, 384, 385, 386, 390, 409, 410, 411, 412], "patch_points": [[371.0, 133.0], [384.0, 131.0], [397.0, 130.0], [258.0, 145.0], [272.0, 142.0], [287.0, 143.0], [300.0, 143.0], [314.0, 142.0], [243.0, 158.0], [227.0, 171.0], [7.0, 188.0], [20.0, 189.0], [34.0, 191.0], [104.0, 188.0], [118.0, 186.0], [132.0, 184.0], [189.0, 184.0], [49.0, 200.0], [62.0, 201.0], [77.0, 201.0], [89.0, 199.0]], "conversations": [{"role": "user", "content": [{"type": "image", "image": "/home/yrquni/Downloads/Unilab/PaDT/dataset/dataset_root/images/0009406.png"}, {"type": "text", "text": "中间区域呈波浪状横向的裂缝"}]}, {"role": "assistant", "content": [{"type": "text", "text": "<|object_ref_start|><|box_start|><302><0><495><968><|box_end|><|point_start|><407><450><|point_end|>"}]}], "boxes": [{"bbox": [0.0, 126.0, 403.0, 206.0], "point": [187.53857985132018, 169.35785695975392], "phrase": "中间区域呈波浪状横向的裂缝"}], "caption": "中间区域呈波浪状横向的裂缝"}
11526223	{"image_id": "refcrack_0009406_0009406_01_1", "width": 416, "height": 416, "vrt_indices": [287, 288, 289, 308, 309, 310, 311, 312, 336, 364, 377, 378, 379, 384, 385, 386, 390, 409, 410, 411, 412], "patch_points": [[371.0, 133.0], [384.0, 131.0], [397.0, 130.0], [258.0, 145.0], [272.0, 142.0], [287.0, 143.0], [300.0, 143.0], [314.0, 142.0], [243.0, 158.0], [227.0, 171.0], [7.0, 188.0], [20.0, 189.0], [34.0, 191.0], [104.0, 188.0], [118.0, 186.0], [132.0, 184.0], [189.0, 184.0], [49.0, 200.0], [62.0, 201.0], [77.0, 201.0], [89.0, 199.0]], "conversations": [{"role": "user", "content": [{"type": "image", "image": "/home/yrquni/Downloads/Unilab/PaDT/dataset/dataset_root/images/0009406.png"}, {"type": "text", "text": "上方细裂缝下方，曲折延伸的长裂缝"}]}, {"role": "assistant", "content": [{"type": "text", "text": "<|object_ref_start|><|box_start|><302><0><495><968><|box_end|><|point_start|><407><450><|point_end|>"}]}], "boxes": [{"bbox": [0.0, 126.0, 403.0, 206.0], "point": [187.53857985132018, 169.35785695975392], "phrase": "上方细裂缝下方，曲折延伸的长裂缝"}], "caption": "上方细裂缝下方，曲折延伸的长裂缝"}
11585385	{"image_id": "refcrack_0009407_0009407_00_1", "width": 416, "height": 416, "vrt_indices": [94, 124, 154, 213, 242, 271, 300, 359, 418, 448, 477, 506, 563, 622, 651, 681, 769, 798], "patch_points": [[104.0, 49.0], [118.0, 63.0], [132.0, 77.0], [143.0, 105.0], [143.0, 118.0], [145.0, 133.0], [148.0, 146.0], [160.0, 175.0], [175.0, 202.0], [184.0, 217.0], [185.0, 231.0], [184.0, 244.0], [176.0, 272.0], [185.0, 302.0], [189.0, 314.0], [200.0, 329.0], [215.0, 370.0], [218.0, 385.0]], "conversations": [{"role": "user", "content": [{"type": "image", "image": "/home/yrquni/Downloads/Unilab/PaDT/dataset/dataset_root/images/0009407.png"}, {"type": "text", "text": "左侧直裂缝右侧的蜿蜒裂缝"}]}, {"role": "assistant", "content": [{"type": "text", "text": "<|object_ref_start|><|box_start|><52><204><997><562><|box_end|><|point_start|><484><392><|point_end|>"}]}], "boxes": [{"bbox": [85.0, 22.0, 234.0, 415.0], "point": [163.1063670411985, 201.58951310861423], "phrase": "左侧直裂缝右侧的蜿蜒裂缝"}], "caption": "左侧直裂缝右侧的蜿蜒裂缝"}
11645127	{"image_id": "refcrack_0009407_0009407_00_3", "width": 416, "height": 416, "vrt_indices": [94, 124, 154, 213, 242, 271, 300, 359, 418, 448, 477, 506, 563, 622, 651, 681, 769, 798], "patch_points": [[104.0, 49.0], [118.0, 63.0], [132.0, 77.0], [143.0, 105.0], [143.0, 118.0], [145.0, 133.0], [148.0, 146.0], [160.0, 175.0], [175.0, 202.0], [184.0, 217.0], [185.0, 231.0], [184.0, 244.0], [176.0, 272.0], [185.0, 302.0], [189.0, 314.0], [200.0, 329.0], [215.0, 370.0], [218.0, 385.0]], "conversations": [{"role": "user", "content": [{"type": "image", "image": "/home/yrquni/Downloads/Unilab/PaDT/dataset/dataset_root/images/0009407.png"}, {"type": "text", "text": "水泥墙面上比左侧裂缝更曲折的那条"}]}, {"role": "assistant", "content": [{"type": "text", "text": "<|object_ref_start|><|box_start|><52><204><997><562><|box_end|><|point_start|><484><392><|point_end|>"}]}], "boxes": [{"bbox": [85.0, 22.0, 234.0, 415.0], "point": [163.1063670411985, 201.58951310861423], "phrase": "水泥墙面上比左侧裂缝更曲折的那条"}], "caption": "水泥墙面上比左侧裂缝更曲折的那条"}
11704869	{"image_id": "refcrack_0009407_0009407_01_0", "width": 416, "height": 416, "vrt_indices": [377, 407, 436, 495, 554, 583, 642, 671, 759, 788], "patch_points": [[5.0, 190.0], [16.0, 205.0], [18.0, 217.0], [31.0, 246.0], [43.0, 274.0], [45.0, 288.0], [58.0, 316.0], [62.0, 329.0], [72.0, 372.0], [74.0, 385.0]], "conversations": [{"role": "user", "content": [{"type": "image", "image": "/home/yrquni/Downloads/Unilab/PaDT/dataset/dataset_root/images/0009407.png"}, {"type": "text", "text": "左侧的一道长裂缝"}]}, {"role": "assistant", "content": [{"type": "text", "text": "<|object_ref_start|><|box_start|><420><0><997><211><|box_end|><|point_start|><730><115><|point_end|>"}]}], "boxes": [{"bbox": [0.0, 175.0, 88.0, 415.0], "point": [48.10779220779221, 304.05021645021645], "phrase": "左侧的一道长裂缝"}], "caption": "左侧的一道长裂缝"}
11764611	{"image_id": "refcrack_0009407_0009407_01_1", "width": 416, "height": 416, "vrt_indices": [377, 407, 436, 495, 554, 583, 642, 671, 759, 788], "patch_points": [[5.0, 190.0], [16.0, 205.0], [18.0, 217.0], [31.0, 246.0], [43.0, 274.0], [45.0, 288.0], [58.0, 316.0], [62.0, 329.0], [72.0, 372.0], [74.0, 385.0]], "conversations": [{"role": "user", "content": [{"type": "image", "image": "/home/yrquni/Downloads/Unilab/PaDT/dataset/dataset_root/images/0009407.png"}, {"type": "text", "text": "靠左边呈曲折状的裂缝"}]}, {"role": "assistant", "content": [{"type": "text", "text": "<|object_ref_start|><|box_start|><420><0><997><211><|box_end|><|point_start|><730><115><|point_end|>"}]}], "boxes": [{"bbox": [0.0, 175.0, 88.0, 415.0], "point": [48.10779220779221, 304.05021645021645], "phrase": "靠左边呈曲折状的裂缝"}], "caption": "靠左边呈曲折状的裂缝"}
11824353	{"image_id": "refcrack_0009408_0009408_00_1", "width": 416, "height": 416, "vrt_indices": [408, 409, 440, 441, 471, 472, 475, 476, 477, 478, 508, 509, 540, 541, 574, 604, 634, 635, 665], "patch_points": [[34.0, 201.0], [48.0, 204.0], [77.0, 215.0], [90.0, 219.0], [105.0, 229.0], [117.0, 234.0], [161.0, 233.0], [174.0, 230.0], [189.0, 230.0], [203.0, 232.0], [217.0, 243.0], [230.0, 247.0], [259.0, 258.0], [272.0, 262.0], [329.0, 272.0], [344.0, 285.0], [358.0, 298.0], [369.0, 303.0], [385.0, 313.0]], "conversations": [{"role": "user", "content": [{"type": "image", "image": "/home/yrquni/Downloads/Unilab/PaDT/dataset/dataset_root/images/0009408.png"}, {"type": "text", "text": "石面上方的一道弯曲长裂缝"}]}, {"role": "assistant", "content": [{"type": "text", "text": "<|object_ref_start|><|box_start|><449><0><776><951><|box_end|><|point_start|><600><518><|point_end|>"}]}], "boxes": [{"bbox": [0.0, 187.0, 396.0, 323.0], "point": [215.699593702387, 249.8905535804977], "phrase": "石面上方的一道弯曲长裂缝"}], "caption": "石面上方的一道弯曲长裂缝"}
11883635	{"image_id": "refcrack_0009408_0009408_00_3", "width": 416, "height": 416, "vrt_indices": [408, 409, 440, 441, 471, 472, 475, 476, 477, 478, 508, 509, 540, 541, 574, 604, 634, 635, 665], "patch_points": [[34.0, 201.0], [48.0, 204.0], [77.0, 215.0], [90.0, 219.0], [105.0, 229.0], [117.0, 234.0], [161.0, 233.0], [174.0, 230.0], [189.0, 230.0], [203.0, 232.0], [217.0, 243.0], [230.0, 247.0], [259.0, 258.0], [272.0, 262.0], [329.0, 272.0], [344.0, 285.0], [358.0, 298.0], [369.0, 303.0], [385.0, 313.0]], "conversations": [{"role": "user", "content": [{"type": "image", "image": "/home/yrquni/Downloads/Unilab/PaDT/dataset/dataset_root/images/0009408.png"}, {"type": "text", "text": "苔藓覆盖的石面上蛇形横贯的裂缝"}]}, {"role": "assistant", "content": [{"type": "text", "text": "<|object_ref_start|><|box_start|><449><0><776><951><|box_end|><|point_start|><600><518><|point_end|>"}]}], "boxes": [{"bbox": [0.0, 187.0, 396.0, 323.0], "point": [215.699593702387, 249.8905535804977], "phrase": "苔藓覆盖的石面上蛇形横贯的裂缝"}], "caption": "苔藓覆盖的石面上蛇形横贯的裂缝"}
11942917	{"image_id": "refcrack_0009408_0009408_01_0", "width": 416, "height": 416, "vrt_indices": [667, 698, 699, 732, 733, 764, 765, 796, 797, 827, 828], "patch_points": [[5.0, 333.0], [34.0, 343.0], [48.0, 346.0], [104.0, 358.0], [118.0, 361.0], [147.0, 372.0], [159.0, 374.0], [188.0, 387.0], [202.0, 389.0], [217.0, 398.0], [229.0, 402.0]], "conversations": [{"role": "user", "content": [{"type": "image", "image": "/home/yrquni/Downloads/Unilab/PaDT/dataset/dataset_root/images/0009408.png"}, {"type": "text", "text": "底部区域的一道较长裂缝"}]}, {"role": "assistant", "content": [{"type": "text", "text": "<|object_ref_start|><|box_start|><790><0><997><622><|box_end|><|point_start|><883><290><|point_end|>"}]}], "boxes": [{"bbox": [0.0, 329.0, 259.0, 415.0], "point": [120.97908824759514, 367.3818485989126], "phrase": "底部区域的一道较长裂缝"}], "caption": "底部区域的一道较长裂缝"}
12002199	{"image_id": "refcrack_0009408_0009408_01_4", "width": 416, "height": 416, "vrt_indices": [667, 698, 699, 732, 733, 764, 765, 796, 797, 827, 828], "patch_points": [[5.0, 333.0], [34.0, 343.0], [48.0, 346.0], [104.0, 358.0], [118.0, 361.0], [147.0, 372.0], [159.0, 374.0], [188.0, 387.0], [202.0, 389.0], [217.0, 398.0], [229.0, 402.0]], "conversations": [{"role": "user", "content": [{"type": "image", "image": "/home/yrquni/Downloads/Unilab/PaDT/dataset/dataset_root/images/0009408.png"}, {"type": "text", "text": "左下角起始向右下微斜的顺直裂缝"}]}, {"role": "assistant", "content": [{"type": "text", "text": "<|object_ref_start|><|box_start|><790><0><997><622><|box_end|><|point_start|><883><290><|point_end|>"}]}], "boxes": [{"bbox": [0.0, 329.0, 259.0, 415.0], "point": [120.97908824759514, 367.3818485989126], "phrase": "左下角起始向右下微斜的顺直裂缝"}], "caption": "左下角起始向右下微斜的顺直裂缝"}
12061481	{"image_id": "refcrack_0009409_0009409_00_1", "width": 416, "height": 416, "vrt_indices": [12, 41, 100, 129, 158, 187, 217, 246, 276, 277, 306, 307, 337, 338, 339, 368, 369, 398, 399], "patch_points": [[173.0, 7.0], [175.0, 20.0], [185.0, 49.0], [186.0, 63.0], [188.0, 77.0], [190.0, 90.0], [201.0, 105.0], [204.0, 117.0], [217.0, 131.0], [229.0, 134.0], [232.0, 144.0], [244.0, 147.0], [260.0, 157.0], [273.0, 160.0], [286.0, 162.0], [288.0, 172.0], [299.0, 175.0], [302.0, 186.0], [311.0, 185.0]], "conversations": [{"role": "user", "content": [{"type": "image", "image": "/home/yrquni/Downloads/Unilab/PaDT/dataset/dataset_root/images/0009409.png"}, {"type": "text", "text": "上半部分里，比下面裂缝短、更陡的那条"}]}, {"role": "assistant", "content": [{"type": "text", "text": "<|object_ref_start|><|box_start|><0><379><461><757><|box_end|><|point_start|><258><536><|point_end|>"}]}], "boxes": [{"bbox": [158.0, 0.0, 315.0, 192.0], "point": [223.08240022968704, 107.34596612115992], "phrase": "上半部分里，比下面裂缝短、更陡的那条"}], "caption": "上半部分里，比下面裂缝短、更陡的那条"}
12124179	{"image_id": "refcrack_0009409_0009409_00_2", "width": 416, "height": 416, "vrt_indices": [12, 41, 100, 129, 158, 187, 217, 246, 276, 277, 306, 307, 337, 338, 339, 368, 369, 398, 399], "patch_points": [[173.0, 7.0], [175.0, 20.0], [185.0, 49.0], [186.0, 63.0], [188.0, 77.0], [190.0, 90.0], [201.0, 105.0], [204.0, 117.0], [217.0, 131.0], [229.0, 134.0], [232.0, 144.0], [244.0, 147.0], [260.0, 157.0], [273.0, 160.0], [286.0, 162.0], [288.0, 172.0], [299.0, 175.0], [302.0, 186.0], [311.0, 185.0]], "conversations": [{"role": "user", "content": [{"type": "image", "image": "/home/yrquni/Downloads/Unilab/PaDT/dataset/dataset_root/images/0009409.png"}, {"type": "text", "text": "路面上半部分，弯弯曲曲从左上到中间偏右的"}]}, {"role": "assistant", "content": [{"type": "text", "text": "<|object_ref_start|><|box_start|><0><379><461><757><|box_end|><|point_start|><258><536><|point_end|>"}]}], "boxes": [{"bbox": [158.0, 0.0, 315.0, 192.0], "point": [223.08240022968704, 107.34596612115992], "phrase": "路面上半部分，弯弯曲曲从左上到中间偏右的"}], "caption": "路面上半部分，弯弯曲曲从左上到中间偏右的"}
12186877	{"image_id": "refcrack_0009409_0009409_00_4", "width": 416, "height": 416, "vrt_indices": [12, 41, 100, 129, 158, 187, 217, 246, 276, 277, 306, 307, 337, 338, 339, 368, 369, 398, 399], "patch_points": [[173.0, 7.0], [175.0, 20.0], [185.0, 49.0], [186.0, 63.0], [188.0, 77.0], [190.0, 90.0], [201.0, 105.0], [204.0, 117.0], [217.0, 131.0], [229.0, 134.0], [232.0, 144.0], [244.0, 147.0], [260.0, 157.0], [273.0, 160.0], [286.0, 162.0], [288.0, 172.0], [299.0, 175.0], [302.0, 186.0], [311.0, 185.0]], "conversations": [{"role": "user", "content": [{"type": "image", "image": "/home/yrquni/Downloads/Unilab/PaDT/dataset/dataset_root/images/0009409.png"}, {"type": "text", "text": "从图上边开始，向下拐着弯，末端扎进下面宽裂缝的"}]}, {"role": "assistant", "content": [{"type": "text", "text": "<|object_ref_start|><|box_start|><0><379><461><757><|box_end|><|point_start|><258><536><|point_end|>"}]}], "boxes": [{"bbox": [158.0, 0.0, 315.0, 192.0], "point": [223.08240022968704, 107.34596612115992], "phrase": "从图上边开始，向下拐着弯，末端扎进下面宽裂缝的"}], "caption": "从图上边开始，向下拐着弯，末端扎进下面宽裂缝的"}
12249575	{"image_id": "refcrack_0009409_0009409_01_0", "width": 416, "height": 416, "vrt_indices": [262, 291, 292, 293, 301, 322, 323, 324, 325, 326, 327, 328, 329, 330, 331, 332, 362, 363, 364, 365, 395, 396, 425, 426, 427, 428, 429, 455, 458, 459, 488, 489, 518, 519, 548, 549, 578, 579, 608], "patch_points": [[20.0, 134.0], [22.0, 145.0], [34.0, 147.0], [48.0, 149.0], [160.0, 148.0], [49.0, 159.0], [62.0, 159.0], [76.0, 159.0], [90.0, 158.0], [105.0, 158.0], [119.0, 158.0], [132.0, 158.0], [146.0, 157.0], [162.0, 158.0], [175.0, 160.0], [188.0, 162.0], [204.0, 171.0], [217.0, 174.0], [230.0, 174.0], [244.0, 174.0], [259.0, 188.0], [271.0, 190.0], [273.0, 202.0], [286.0, 202.0], [300.0, 202.0], [314.0, 202.0], [328.0, 203.0], [286.0, 212.0], [330.0, 215.0], [342.0, 217.0], [344.0, 230.0], [356.0, 231.0], [357.0, 244.0], [370.0, 245.0], [372.0, 255.0], [385.0, 258.0], [388.0, 271.0], [398.0, 273.0], [400.0, 285.0]], "conversations": [{"role": "user", "content": [{"type": "image", "image": "/home/yrquni/Downloads/Unilab/PaDT/dataset/dataset_root/images/0009409.png"}, {"type": "text", "text": "从左到右蜿蜒穿过路面的长裂缝"}]}, {"role": "assistant", "content": [{"type": "text", "text": "<|object_ref_start|><|box_start|><286><9><723><985><|box_end|><|point_start|><451><532><|point_end|>"}]}], "boxes": [{"bbox": [4.0, 119.0, 410.0, 301.0], "point": [221.47430596574128, 187.89143532191378], "phrase": "从左到右蜿蜒穿过路面的长裂缝"}], "caption": "从左到右蜿蜒穿过路面的长裂缝"}
12312273	{"image_id": "refcrack_0009409_0009409_01_1", "width": 416, "height": 416, "vrt_indices": [262, 291, 292, 293, 301, 322, 323, 324, 325, 326, 327, 328, 329, 330, 331, 332, 362, 363, 364, 365, 395, 396, 425, 426, 427, 428, 429, 455, 458, 459, 488, 489, 518, 519, 548, 549, 578, 579, 608], "patch_points": [[20.0, 134.0], [22.0, 145.0], [34.0, 147.0], [48.0, 149.0], [160.0, 148.0], [49.0, 159.0], [62.0, 159.0], [76.0, 159.0], [90.0, 158.0], [105.0, 158.0], [119.0, 158.0], [132.0, 158.0], [146.0, 157.0], [162.0, 158.0], [175.0, 160.0], [188.0, 162.0], [204.0, 171.0], [217.0, 174.0], [230.0, 174.0], [244.0, 174.0], [259.0, 188.0], [271.0, 190.0], [273.0, 202.0], [286.0, 202.0], [300.0, 202.0], [314.0, 202.0], [328.0, 203.0], [286.0, 212.0], [330.0, 215.0], [342.0, 217.0], [344.0, 230.0], [356.0, 231.0], [357.0, 244.0], [370.0, 245.0], [372.0, 255.0], [385.0, 258.0], [388.0, 271.0], [398.0, 273.0], [400.0, 285.0]], "conversations": [{"role": "user", "content": [{"type": "image", "image": "/home/yrquni/Downloads/Unilab/PaDT/dataset/dataset_root/images/0009409.png"}, {"type": "text", "text": "灰黑色带碎石的路面上，一道弯曲的长裂缝"}]}, {"role": "assistant", "content": [{"type": "text", "text": "<|object_ref_start|><|box_start|><286><9><723><985><|box_end|><|point_start|><451><532><|point_end|>"}]}], "boxes": [{"bbox": [4.0, 119.0, 410.0, 301.0], "point": [221.47430596574128, 187.89143532191378], "phrase": "灰黑色带碎石的路面上，一道弯曲的长裂缝"}], "caption": "灰黑色带碎石的路面上，一道弯曲的长裂缝"}
12374971	{"image_id": "refcrack_0009409_0009409_01_2", "width": 416, "height": 416, "vrt_indices": [262, 291, 292, 293, 301, 322, 323, 324, 325, 326, 327, 328, 329, 330, 331, 332, 362, 363, 364, 365, 395, 396, 425, 426, 427, 428, 429, 455, 458, 459, 488, 489, 518, 519, 548, 549, 578, 579, 608], "patch_points": [[20.0, 134.0], [22.0, 145.0], [34.0, 147.0], [48.0, 149.0], [160.0, 148.0], [49.0, 159.0], [62.0, 159.0], [76.0, 159.0], [90.0, 158.0], [105.0, 158.0], [119.0, 158.0], [132.0, 158.0], [146.0, 157.0], [162.0, 158.0], [175.0, 160.0], [188.0, 162.0], [204.0, 171.0], [217.0, 174.0], [230.0, 174.0], [244.0, 174.0], [259.0, 188.0], [271.0, 190.0], [273.0, 202.0], [286.0, 202.0], [300.0, 202.0], [314.0, 202.0], [328.0, 203.0], [286.0, 212.0], [330.0, 215.0], [342.0, 217.0], [344.0, 230.0], [356.0, 231.0], [357.0, 244.0], [370.0, 245.0], [372.0, 255.0], [385.0, 258.0], [388.0, 271.0], [398.0, 273.0], [400.0, 285.0]], "conversations": [{"role": "user", "content": [{"type": "image", "image": "/home/yrquni/Downloads/Unilab/PaDT/dataset/dataset_root/images/0009409.png"}, {"type": "text", "text": "横跨画面、轮廓呈波浪状的裂缝"}]}, {"role": "assistant", "content": [{"type": "text", "text": "<|object_ref_start|><|box_start|><286><9><723><985><|box_end|><|point_start|><451><532><|point_end|>"}]}], "boxes": [{"bbox": [4.0, 119.0, 410.0, 301.0], "point": [221.47430596574128, 187.89143532191378], "phrase": "横跨画面、轮廓呈波浪状的裂缝"}], "caption": "横跨画面、轮廓呈波浪状的裂缝"}
12437669	{"image_id": "refcrack_0009409_0009409_01_3", "width": 416, "height": 416, "vrt_indices": [262, 291, 292, 293, 301, 322, 323, 324, 325, 326, 327, 328, 329, 330, 331, 332, 362, 363, 364, 365, 395, 396, 425, 426, 427, 428, 429, 455, 458, 459, 488, 489, 518, 519, 548, 549, 578, 579, 608], "patch_points": [[20.0, 134.0], [22.0, 145.0], [34.0, 147.0], [48.0, 149.0], [160.0, 148.0], [49.0, 159.0], [62.0, 159.0], [76.0, 159.0], [90.0, 158.0], [105.0, 158.0], [119.0, 158.0], [132.0, 158.0], [146.0, 157.0], [162.0, 158.0], [175.0, 160.0], [188.0, 162.0], [204.0, 171.0], [217.0, 174.0], [230.0, 174.0], [244.0, 174.0], [259.0, 188.0], [271.0, 190.0], [273.0, 202.0], [286.0, 202.0], [300.0, 202.0], [314.0, 202.0], [328.0, 203.0], [286.0, 212.0], [330.0, 215.0], [342.0, 217.0], [344.0, 230.0], [356.0, 231.0], [357.0, 244.0], [370.0, 245.0], [372.0, 255.0], [385.0, 258.0], [388.0, 271.0], [398.0, 273.0], [400.0, 285.0]], "conversations": [{"role": "user", "content": [{"type": "image", "image": "/home/yrquni/Downloads/Unilab/PaDT/dataset/dataset_root/images/0009409.png"}, {"type": "text", "text": "从左侧起始，向右下方延伸且边缘不平整的裂缝"}]}, {"role": "assistant", "content": [{"type": "text", "text": "<|object_ref_start|><|box_start|><286><9><723><985><|box_end|><|point_start|><451><532><|point_end|>"}]}], "boxes": [{"bbox": [4.0, 119.0, 410.0, 301.0], "point": [221.47430596574128, 187.89143532191378], "phrase": "从左侧起始，向右下方延伸且边缘不平整的裂缝"}], "caption": "从左侧起始，向右下方延伸且边缘不平整的裂缝"}
12500367	{"image_id": "refcrack_0009409_0009409_01_4", "width": 416, "height": 416, "vrt_indices": [262, 291, 292, 293, 301, 322, 323, 324, 325, 326, 327, 328, 329, 330, 331, 332, 362, 363, 364, 365, 395, 396, 425, 426, 427, 428, 429, 455, 458, 459, 488, 489, 518, 519, 548, 549, 578, 579, 608], "patch_points": [[20.0, 134.0], [22.0, 145.0], [34.0, 147.0], [48.0, 149.0], [160.0, 148.0], [49.0, 159.0], [62.0, 159.0], [76.0, 159.0], [90.0, 158.0], [105.0, 158.0], [119.0, 158.0], [132.0, 158.0], [146.0, 157.0], [162.0, 158.0], [175.0, 160.0], [188.0, 162.0], [204.0, 171.0], [217.0, 174.0], [230.0, 174.0], [244.0, 174.0], [259.0, 188.0], [271.0, 190.0], [273.0, 202.0], [286.0, 202.0], [300.0, 202.0], [314.0, 202.0], [328.0, 203.0], [286.0, 212.0], [330.0, 215.0], [342.0, 217.0], [344.0, 230.0], [356.0, 231.0], [357.0, 244.0], [370.0, 245.0], [372.0, 255.0], [385.0, 258.0], [388.0, 271.0], [398.0, 273.0], [400.0, 285.0]], "conversations": [{"role": "user", "content": [{"type": "image", "image": "/home/yrquni/Downloads/Unilab/PaDT/dataset/dataset_root/images/0009409.png"}, {"type": "text", "text": "与背景中细裂缝交汇、自身呈连续起伏状的裂缝"}]}, {"role": "assistant", "content": [{"type": "text", "text": "<|object_ref_start|><|box_start|><286><9><723><985><|box_end|><|point_start|><451><532><|point_end|>"}]}], "boxes": [{"bbox": [4.0, 119.0, 410.0, 301.0], "point": [221.47430596574128, 187.89143532191378], "phrase": "与背景中细裂缝交汇、自身呈连续起伏状的裂缝"}], "caption": "与背景中细裂缝交汇、自身呈连续起伏状的裂缝"}
12563065	{"image_id": "refcrack_0009410_0009410_00_0", "width": 416, "height": 416, "vrt_indices": [93, 122, 123, 153, 183, 212, 242, 271, 301, 331, 332, 362, 363, 364, 365, 366, 396, 397], "patch_points": [[90.0, 49.0], [93.0, 59.0], [104.0, 62.0], [118.0, 77.0], [130.0, 91.0], [133.0, 104.0], [144.0, 120.0], [147.0, 132.0], [161.0, 146.0], [175.0, 159.0], [188.0, 161.0], [203.0, 171.0], [217.0, 173.0], [231.0, 174.0], [244.0, 174.0], [258.0, 175.0], [274.0, 186.0], [284.0, 186.0]], "conversations": [{"role": "user", "content": [{"type": "image", "image": "/home/yrquni/Downloads/Unilab/PaDT/dataset/dataset_root/images/0009410.png"}, {"type": "text", "text": "左上区域弯弯曲曲的短裂缝"}]}, {"role": "assistant", "content": [{"type": "text", "text": "<|object_ref_start|><|box_start|><86><170><461><697><|box_end|><|point_start|><305><408><|point_end|>"}]}], "boxes": [{"bbox": [71.0, 36.0, 290.0, 192.0], "point": [169.94012296177493, 127.10451750868752], "phrase": "左上区域弯弯曲曲的短裂缝"}], "caption": "左上区域弯弯曲曲的短裂缝"}
12621183	{"image_id": "refcrack_0009410_0009410_00_2", "width": 416, "height": 416, "vrt_indices": [93, 122, 123, 153, 183, 212, 242, 271, 301, 331, 332, 362, 363, 364, 365, 366, 396, 397], "patch_points": [[90.0, 49.0], [93.0, 59.0], [104.0, 62.0], [118.0, 77.0], [130.0, 91.0], [133.0, 104.0], [144.0, 120.0], [147.0, 132.0], [161.0, 146.0], [175.0, 159.0], [188.0, 161.0], [203.0, 171.0], [217.0, 173.0], [231.0, 174.0], [244.0, 174.0], [258.0, 175.0], [274.0, 186.0], [284.0, 186.0]], "conversations": [{"role": "user", "content": [{"type": "image", "image": "/home/yrquni/Downloads/Unilab/PaDT/dataset/dataset_root/images/0009410.png"}, {"type": "text", "text": "搭在横向主裂缝左半段上方的弯曲裂缝"}]}, {"role": "assistant", "content": [{"type": "text", "text": "<|object_ref_start|><|box_start|><86><170><461><697><|box_end|><|point_start|><305><408><|point_end|>"}]}], "boxes": [{"bbox": [71.0, 36.0, 290.0, 192.0], "point": [169.94012296177493, 127.10451750868752], "phrase": "搭在横向主裂缝左半段上方的弯曲裂缝"}], "caption": "搭在横向主裂缝左半段上方的弯曲裂缝"}
12679301	{"image_id": "refcrack_0009410_0009410_01_0", "width": 416, "height": 416, "vrt_indices": [415, 416, 417, 418, 419, 420, 421, 422, 423, 424, 426, 427, 428, 429, 441, 442, 443, 453, 454, 458, 459, 460, 464, 465, 466, 467, 468, 469, 488, 489, 490, 496, 520, 521], "patch_points": [[133.0, 203.0], [147.0, 202.0], [160.0, 203.0], [174.0, 202.0], [189.0, 202.0], [202.0, 202.0], [216.0, 200.0], [231.0, 201.0], [244.0, 203.0], [258.0, 204.0], [287.0, 203.0], [300.0, 202.0], [314.0, 202.0], [328.0, 203.0], [91.0, 217.0], [104.0, 216.0], [118.0, 214.0], [259.0, 214.0], [272.0, 214.0], [329.0, 216.0], [342.0, 217.0], [356.0, 219.0], [7.0, 229.0], [20.0, 231.0], [34.0, 232.0], [49.0, 231.0], [62.0, 230.0], [76.0, 228.0], [343.0, 227.0], [357.0, 229.0], [371.0, 230.0], [48.0, 240.0], [386.0, 243.0], [398.0, 245.0]], "conversations": [{"role": "user", "content": [{"type": "image", "image": "/home/yrquni/Downloads/Unilab/PaDT/dataset/dataset_root/images/0009410.png"}, {"type": "text", "text": "横贯画面中间的弯曲裂缝"}]}, {"role": "assistant", "content": [{"type": "text", "text": "<|object_ref_start|><|box_start|><447><0><639><997><|box_end|><|point_start|><516><515><|point_end|>"}]}], "boxes": [{"bbox": [0.0, 186.0, 415.0, 266.0], "point": [214.36241787122208, 214.9927726675427], "phrase": "横贯画面中间的弯曲裂缝"}], "caption": "横贯画面中间的弯曲裂缝"}
12737419	{"image_id": "refcrack_0009410_0009410_01_2", "width": 416, "height": 416, "vrt_indices": [415, 416, 417, 418, 419, 420, 421, 422, 423, 424, 426, 427, 428, 429, 441, 442, 443, 453, 454, 458, 459, 460, 464, 465, 466, 467, 468, 469, 488, 489, 490, 496, 520, 521], "patch_points": [[133.0, 203.0], [147.0, 202.0], [160.0, 203.0], [174.0, 202.0], [189.0, 202.0], [202.0, 202.0], [216.0, 200.0], [231.0, 201.0], [244.0, 203.0], [258.0, 204.0], [287.0, 203.0], [300.0, 202.0], [314.0, 202.0], [328.0, 203.0], [91.0, 217.0], [104.0, 216.0], [118.0, 214.0], [259.0, 214.0], [272.0, 214.0], [329.0, 216.0], [342.0, 217.0], [356.0, 219.0], [7.0, 229.0], [20.0, 231.0], [34.0, 232.0], [49.0, 231.0], [62.0, 230.0], [76.0, 228.0], [343.0, 227.0], [357.0, 229.0], [371.0, 230.0], [48.0, 240.0], [386.0, 243.0], [398.0, 245.0]], "conversations": [{"role": "user", "content": [{"type": "image", "image": "/home/yrquni/Downloads/Unilab/PaDT/dataset/dataset_root/images/0009410.png"}, {"type": "text", "text": "画面中部偏下、大体水平却带起伏的长裂缝"}]}, {"role": "assistant", "content": [{"type": "text", "text": "<|object_ref_start|><|box_start|><447><0><639><997><|box_end|><|point_start|><516><515><|point_end|>"}]}], "boxes": [{"bbox": [0.0, 186.0, 415.0, 266.0], "point": [214.36241787122208, 214.9927726675427], "phrase": "画面中部偏下、大体水平却带起伏的长裂缝"}], "caption": "画面中部偏下、大体水平却带起伏的长裂缝"}
12795537	{"image_id": "refcrack_0009411_0009411_00_4", "width": 416, "height": 416, "vrt_indices": [47, 75, 76, 104, 133, 162, 191, 220, 249, 278, 307, 336, 337, 365, 394, 423, 451, 452, 480, 509, 537, 538, 565, 566, 594, 623, 652, 681, 709, 710, 737, 738, 765, 766, 793, 794, 821, 822], "patch_points": [[258.0, 20.0], [245.0, 35.0], [255.0, 33.0], [244.0, 48.0], [244.0, 62.0], [244.0, 76.0], [244.0, 90.0], [245.0, 104.0], [245.0, 119.0], [245.0, 132.0], [246.0, 146.0], [246.0, 161.0], [255.0, 160.0], [244.0, 174.0], [242.0, 188.0], [241.0, 202.0], [231.0, 217.0], [240.0, 216.0], [230.0, 230.0], [230.0, 244.0], [217.0, 259.0], [229.0, 257.0], [203.0, 273.0], [215.0, 272.0], [202.0, 286.0], [202.0, 300.0], [202.0, 314.0], [202.0, 328.0], [189.0, 343.0], [201.0, 342.0], [174.0, 356.0], [187.0, 355.0], [161.0, 371.0], [173.0, 369.0], [148.0, 386.0], [160.0, 384.0], [133.0, 399.0], [146.0, 397.0]], "conversations": [{"role": "user", "content": [{"type": "image", "image": "/home/yrquni/Downloads/Unilab/PaDT/dataset/dataset_root/images/0009411.png"}, {"type": "text", "text": "比旁边短裂缝长，从顶到底弯弯曲曲的裂缝"}]}, {"role": "assistant", "content": [{"type": "text", "text": "<|object_ref_start|><|box_start|><2><271><992><673><|box_end|><|point_start|><530><521><|point_end|>"}]}], "boxes": [{"bbox": [113.0, 1.0, 280.0, 413.0], "point": [216.983635507417, 220.8901577584177], "phrase": "比旁边短裂缝长，从顶到底弯弯曲曲的裂缝"}], "caption": "比旁边短裂缝长，从顶到底弯弯曲曲的裂缝"}
12858875	{"image_id": "refcrack_0009417_0009417_00_0", "width": 416, "height": 416, "vrt_indices": [147, 176, 262, 291, 465, 494, 495, 524, 554, 700, 729, 788], "patch_points": [[30.0, 75.0], [28.0, 86.0], [17.0, 132.0], [15.0, 145.0], [17.0, 233.0], [21.0, 244.0], [29.0, 248.0], [33.0, 260.0], [47.0, 273.0], [58.0, 344.0], [60.0, 356.0], [71.0, 389.0]], "conversations": [{"role": "user", "content": [{"type": "image", "image": "/home/yrquni/Downloads/Unilab/PaDT/dataset/dataset_root/images/0009417.png"}, {"type": "text", "text": "左侧边缘呈弯曲状的裂缝"}]}, {"role": "assistant", "content": [{"type": "text", "text": "<|object_ref_start|><|box_start|><74><0><951><187><|box_end|><|point_start|><532><74><|point_end|>"}]}], "boxes": [{"bbox": [0.0, 31.0, 78.0, 396.0], "point": [30.91661594643944, 221.63998782714546], "phrase": "左侧边缘呈弯曲状的裂缝"}], "caption": "左侧边缘呈弯曲状的裂缝"}
12889289	{"image_id": "refcrack_0009417_0009417_00_1", "width": 416, "height": 416, "vrt_indices": [147, 176, 262, 291, 465, 494, 495, 524, 554, 700, 729, 788], "patch_points": [[30.0, 75.0], [28.0, 86.0], [17.0, 132.0], [15.0, 145.0], [17.0, 233.0], [21.0, 244.0], [29.0, 248.0], [33.0, 260.0], [47.0, 273.0], [58.0, 344.0], [60.0, 356.0], [71.0, 389.0]], "conversations": [{"role": "user", "content": [{"type": "image", "image": "/home/yrquni/Downloads/Unilab/PaDT/dataset/dataset_root/images/0009417.png"}, {"type": "text", "text": "左侧区域蜿蜒延伸的裂缝"}]}, {"role": "assistant", "content": [{"type": "text", "text": "<|object_ref_start|><|box_start|><74><0><951><187><|box_end|><|point_start|><532><74><|point_end|>"}]}], "boxes": [{"bbox": [0.0, 31.0, 78.0, 396.0], "point": [30.91661594643944, 221.63998782714546], "phrase": "左侧区域蜿蜒延伸的裂缝"}], "caption": "左侧区域蜿蜒延伸的裂缝"}
12919703	{"image_id": "refcrack_0009417_0009417_00_2", "width": 416, "height": 416, "vrt_indices": [147, 176, 262, 291, 465, 494, 495, 524, 554, 700, 729, 788], "patch_points": [[30.0, 75.0], [28.0, 86.0], [17.0, 132.0], [15.0, 145.0], [17.0, 233.0], [21.0, 244.0], [29.0, 248.0], [33.0, 260.0], [47.0, 273.0], [58.0, 344.0], [60.0, 356.0], [71.0, 389.0]], "conversations": [{"role": "user", "content": [{"type": "image", "image": "/home/yrquni/Downloads/Unilab/PaDT/dataset/dataset_root/images/0009417.png"}, {"type": "text", "text": "靠左侧、走势曲折的裂缝"}]}, {"role": "assistant", "content": [{"type": "text", "text": "<|object_ref_start|><|box_start|><74><0><951><187><|box_end|><|point_start|><532><74><|point_end|>"}]}], "boxes": [{"bbox": [0.0, 31.0, 78.0, 396.0], "point": [30.91661594643944, 221.63998782714546], "phrase": "靠左侧、走势曲折的裂缝"}], "caption": "靠左侧、走势曲折的裂缝"}
12950117	{"image_id": "refcrack_0009417_0009417_00_3", "width": 416, "height": 416, "vrt_indices": [147, 176, 262, 291, 465, 494, 495, 524, 554, 700, 729, 788], "patch_points": [[30.0, 75.0], [28.0, 86.0], [17.0, 132.0], [15.0, 145.0], [17.0, 233.0], [21.0, 244.0], [29.0, 248.0], [33.0, 260.0], [47.0, 273.0], [58.0, 344.0], [60.0, 356.0], [71.0, 389.0]], "conversations": [{"role": "user", "content": [{"type": "image", "image": "/home/yrquni/Downloads/Unilab/PaDT/dataset/dataset_root/images/0009417.png"}, {"type": "text", "text": "左侧呈波浪状延伸的长裂缝"}]}, {"role": "assistant", "content": [{"type": "text", "text": "<|object_ref_start|><|box_start|><74><0><951><187><|box_end|><|point_start|><532><74><|point_end|>"}]}], "boxes": [{"bbox": [0.0, 31.0, 78.0, 396.0], "point": [30.91661594643944, 221.63998782714546], "phrase": "左侧呈波浪状延伸的长裂缝"}], "caption": "左侧呈波浪状延伸的长裂缝"}
12980531	{"image_id": "refcrack_0009417_0009417_00_4", "width": 416, "height": 416, "vrt_indices": [147, 176, 262, 291, 465, 494, 495, 524, 554, 700, 729, 788], "patch_points": [[30.0, 75.0], [28.0, 86.0], [17.0, 132.0], [15.0, 145.0], [17.0, 233.0], [21.0, 244.0], [29.0, 248.0], [33.0, 260.0], [47.0, 273.0], [58.0, 344.0], [60.0, 356.0], [71.0, 389.0]], "conversations": [{"role": "user", "content": [{"type": "image", "image": "/home/yrquni/Downloads/Unilab/PaDT/dataset/dataset_root/images/0009417.png"}, {"type": "text", "text": "左上角附近起始、向下曲折延伸的裂缝"}]}, {"role": "assistant", "content": [{"type": "text", "text": "<|object_ref_start|><|box_start|><74><0><951><187><|box_end|><|point_start|><532><74><|point_end|>"}]}], "boxes": [{"bbox": [0.0, 31.0, 78.0, 396.0], "point": [30.91661594643944, 221.63998782714546], "phrase": "左上角附近起始、向下曲折延伸的裂缝"}], "caption": "左上角附近起始、向下曲折延伸的裂缝"}
13010945	{"image_id": "refcrack_0009417_0009417_01_0", "width": 416, "height": 416, "vrt_indices": [201, 230, 287, 316, 345, 431, 460, 489, 519, 548, 577, 634, 720, 749], "patch_points": [[388.0, 91.0], [384.0, 105.0], [373.0, 133.0], [372.0, 146.0], [369.0, 160.0], [360.0, 203.0], [359.0, 217.0], [359.0, 230.0], [370.0, 244.0], [372.0, 259.0], [368.0, 272.0], [358.0, 301.0], [346.0, 343.0], [342.0, 357.0]], "conversations": [{"role": "user", "content": [{"type": "image", "image": "/home/yrquni/Downloads/Unilab/PaDT/dataset/dataset_root/images/0009417.png"}, {"type": "text", "text": "右侧大体竖直的长裂缝"}]}, {"role": "assistant", "content": [{"type": "text", "text": "<|object_ref_start|><|box_start|><139><798><997><971><|box_end|><|point_start|><553><875><|point_end|>"}]}], "boxes": [{"bbox": [332.0, 58.0, 404.0, 415.0], "point": [364.0438127090301, 230.09632107023413], "phrase": "右侧大体竖直的长裂缝"}], "caption": "右侧大体竖直的长裂缝"}
13041359	{"image_id": "refcrack_0009417_0009417_01_2", "width": 416, "height": 416, "vrt_indices": [201, 230, 287, 316, 345, 431, 460, 489, 519, 548, 577, 634, 720, 749], "patch_points": [[388.0, 91.0], [384.0, 105.0], [373.0, 133.0], [372.0, 146.0], [369.0, 160.0], [360.0, 203.0], [359.0, 217.0], [359.0, 230.0], [370.0, 244.0], [372.0, 259.0], [368.0, 272.0], [358.0, 301.0], [346.0, 343.0], [342.0, 357.0]], "conversations": [{"role": "user", "content": [{"type": "image", "image": "/home/yrquni/Downloads/Unilab/PaDT/dataset/dataset_root/images/0009417.png"}, {"type": "text", "text": "右半部分从上到下、带小曲折的裂缝"}]}, {"role": "assistant", "content": [{"type": "text", "text": "<|object_ref_start|><|box_start|><139><798><997><971><|box_end|><|point_start|><553><875><|point_end|>"}]}], "boxes": [{"bbox": [332.0, 58.0, 404.0, 415.0], "point": [364.0438127090301, 230.09632107023413], "phrase": "右半部分从上到下、带小曲折的裂缝"}], "caption": "右半部分从上到下、带小曲折的裂缝"}
13071773	{"image_id": "refcrack_0009417_0009417_01_3", "width": 416, "height": 416, "vrt_indices": [201, 230, 287, 316, 345, 431, 460, 489, 519, 548, 577, 634, 720, 749], "patch_points": [[388.0, 91.0], [384.0, 105.0], [373.0, 133.0], [372.0, 146.0], [369.0, 160.0], [360.0, 203.0], [359.0, 217.0], [359.0, 230.0], [370.0, 244.0], [372.0, 259.0], [368.0, 272.0], [358.0, 301.0], [346.0, 343.0], [342.0, 357.0]], "conversations": [{"role": "user", "content": [{"type": "image", "image": "/home/yrquni/Downloads/Unilab/PaDT/dataset/dataset_root/images/0009417.png"}, {"type": "text", "text": "图像右侧，沿竖直方向、局部有轻微弯曲的裂缝"}]}, {"role": "assistant", "content": [{"type": "text", "text": "<|object_ref_start|><|box_start|><139><798><997><971><|box_end|><|point_start|><553><875><|point_end|>"}]}], "boxes": [{"bbox": [332.0, 58.0, 404.0, 415.0], "point": [364.0438127090301, 230.09632107023413], "phrase": "图像右侧，沿竖直方向、局部有轻微弯曲的裂缝"}], "caption": "图像右侧，沿竖直方向、局部有轻微弯曲的裂缝"}
13102187	{"image_id": "refcrack_0009417_0009417_01_4", "width": 416, "height": 416, "vrt_indices": [201, 230, 287, 316, 345, 431, 460, 489, 519, 548, 577, 634, 720, 749], "patch_points": [[388.0, 91.0], [384.0, 105.0], [373.0, 133.0], [372.0, 146.0], [369.0, 160.0], [360.0, 203.0], [359.0, 217.0], [359.0, 230.0], [370.0, 244.0], [372.0, 259.0], [368.0, 272.0], [358.0, 301.0], [346.0, 343.0], [342.0, 357.0]], "conversations": [{"role": "user", "content": [{"type": "image", "image": "/home/yrquni/Downloads/Unilab/PaDT/dataset/dataset_root/images/0009417.png"}, {"type": "text", "text": "右边缘旁，从上方一直延伸至下方、中间有些弯折的长裂缝"}]}, {"role": "assistant", "content": [{"type": "text", "text": "<|object_ref_start|><|box_start|><139><798><997><971><|box_end|><|point_start|><553><875><|point_end|>"}]}], "boxes": [{"bbox": [332.0, 58.0, 404.0, 415.0], "point": [364.0438127090301, 230.09632107023413], "phrase": "右边缘旁，从上方一直延伸至下方、中间有些弯折的长裂缝"}], "caption": "右边缘旁，从上方一直延伸至下方、中间有些弯折的长裂缝"}
13132601	{"image_id": "refcrack_0009442_0009442_01_4", "width": 416, "height": 416, "vrt_indices": [165, 192, 221, 250, 307, 336, 365, 394, 423, 482, 541, 570, 599, 628, 657, 686, 773, 802, 831], "patch_points": [[284.0, 74.0], [259.0, 91.0], [256.0, 104.0], [255.0, 118.0], [245.0, 146.0], [242.0, 160.0], [242.0, 175.0], [245.0, 189.0], [247.0, 202.0], [258.0, 231.0], [269.0, 259.0], [272.0, 272.0], [274.0, 287.0], [274.0, 301.0], [272.0, 314.0], [270.0, 328.0], [269.0, 371.0], [271.0, 385.0], [274.0, 398.0]], "conversations": [{"role": "user", "content": [{"type": "image", "image": "/home/yrquni/Downloads/Unilab/PaDT/dataset/dataset_root/images/0009442.png"}, {"type": "text", "text": "草地边缘下地面上，上下贯穿的弯曲裂缝"}]}, {"role": "assistant", "content": [{"type": "text", "text": "<|object_ref_start|><|box_start|><153><569><997><701><|box_end|><|point_start|><562><630><|point_end|>"}]}], "boxes": [{"bbox": [237.0, 64.0, 292.0, 415.0], "point": [262.4029725182277, 234.0877734155917], "phrase": "草地边缘下地面上，上下贯穿的弯曲裂缝"}], "caption": "草地边缘下地面上，上下贯穿的弯曲裂缝"}
13174807	{"image_id": "refcrack_0009442_0009442_02_0", "width": 416, "height": 416, "vrt_indices": [630, 659], "patch_points": [[297.0, 301.0], [297.0, 314.0]], "conversations": [{"role": "user", "content": [{"type": "image", "image": "/home/yrquni/Downloads/Unilab/PaDT/dataset/dataset_root/images/0009442.png"}, {"type": "text", "text": "下方偏右竖直的一道裂缝"}]}, {"role": "assistant", "content": [{"type": "text", "text": "<|object_ref_start|><|box_start|><689><694><997><725><|box_end|><|point_start|><845><710><|point_end|>"}]}], "boxes": [{"bbox": [289.0, 287.0, 302.0, 415.0], "point": [295.70892857142854, 351.64196428571427], "phrase": "下方偏右竖直的一道裂缝"}], "caption": "下方偏右竖直的一道裂缝"}
13217013	{"image_id": "refcrack_0009457_0009457_00_0", "width": 416, "height": 416, "vrt_indices": [64, 93, 123, 153, 183, 212, 241, 242, 270, 272, 299, 301, 328, 360, 386, 390, 415, 419, 444, 448, 473, 477, 536, 565, 624, 653, 654, 684, 714, 715, 744, 745, 775, 776, 806, 835], "patch_points": [[89.0, 35.0], [92.0, 47.0], [105.0, 62.0], [119.0, 76.0], [130.0, 91.0], [132.0, 104.0], [129.0, 117.0], [146.0, 119.0], [128.0, 133.0], [158.0, 133.0], [128.0, 146.0], [162.0, 146.0], [128.0, 160.0], [175.0, 174.0], [127.0, 189.0], [184.0, 190.0], [129.0, 203.0], [186.0, 203.0], [129.0, 217.0], [187.0, 216.0], [129.0, 230.0], [190.0, 231.0], [199.0, 259.0], [201.0, 273.0], [213.0, 302.0], [218.0, 313.0], [230.0, 316.0], [245.0, 328.0], [260.0, 341.0], [270.0, 346.0], [274.0, 355.0], [286.0, 358.0], [301.0, 370.0], [313.0, 373.0], [327.0, 386.0], [331.0, 397.0]], "conversations": [{"role": "user", "content": [{"type": "image", "image": "/home/yrquni/Downloads/Unilab/PaDT/dataset/dataset_root/images/0009457.png"}, {"type": "text", "text": "左上方分叉后斜着往右下延伸的裂缝"}]}, {"role": "assistant", "content": [{"type": "text", "text": "<|object_ref_start|><|box_start|><14><173><983><817><|box_end|><|point_start|><513><447><|point_end|>"}]}], "boxes": [{"bbox": [72.0, 6.0, 340.0, 409.0], "point": [186.36569951163457, 213.5093363975869], "phrase": "左上方分叉后斜着往右下延伸的裂缝"}], "caption": "左上方分叉后斜着往右下延伸的裂缝"}
13269707	{"image_id": "refcrack_0009457_0009457_00_2", "width": 416, "height": 416, "vrt_indices": [64, 93, 123, 153, 183, 212, 241, 242, 270, 272, 299, 301, 328, 360, 386, 390, 415, 419, 444, 448, 473, 477, 536, 565, 624, 653, 654, 684, 714, 715, 744, 745, 775, 776, 806, 835], "patch_points": [[89.0, 35.0], [92.0, 47.0], [105.0, 62.0], [119.0, 76.0], [130.0, 91.0], [132.0, 104.0], [129.0, 117.0], [146.0, 119.0], [128.0, 133.0], [158.0, 133.0], [128.0, 146.0], [162.0, 146.0], [128.0, 160.0], [175.0, 174.0], [127.0, 189.0], [184.0, 190.0], [129.0, 203.0], [186.0, 203.0], [129.0, 217.0], [187.0, 216.0], [129.0, 230.0], [190.0, 231.0], [199.0, 259.0], [201.0, 273.0], [213.0, 302.0], [218.0, 313.0], [230.0, 316.0], [245.0, 328.0], [260.0, 341.0], [270.0, 346.0], [274.0, 355.0], [286.0, 358.0], [301.0, 370.0], [313.0, 373.0], [327.0, 386.0], [331.0, 397.0]], "conversations": [{"role": "user", "content": [{"type": "image", "image": "/home/yrquni/Downloads/Unilab/PaDT/dataset/dataset_root/images/0009457.png"}, {"type": "text", "text": "从左上分叉出短支，主缝斜穿至右下的裂缝"}]}, {"role": "assistant", "content": [{"type": "text", "text": "<|object_ref_start|><|box_start|><14><173><983><817><|box_end|><|point_start|><513><447><|point_end|>"}]}], "boxes": [{"bbox": [72.0, 6.0, 340.0, 409.0], "point": [186.36569951163457, 213.5093363975869], "phrase": "从左上分叉出短支，主缝斜穿至右下的裂缝"}], "caption": "从左上分叉出短支，主缝斜穿至右下的裂缝"}
13322401	{"image_id": "refcrack_0009457_0009457_00_3", "width": 416, "height": 416, "vrt_indices": [64, 93, 123, 153, 183, 212, 241, 242, 270, 272, 299, 301, 328, 360, 386, 390, 415, 419, 444, 448, 473, 477, 536, 565, 624, 653, 654, 684, 714, 715, 744, 745, 775, 776, 806, 835], "patch_points": [[89.0, 35.0], [92.0, 47.0], [105.0, 62.0], [119.0, 76.0], [130.0, 91.0], [132.0, 104.0], [129.0, 117.0], [146.0, 119.0], [128.0, 133.0], [158.0, 133.0], [128.0, 146.0], [162.0, 146.0], [128.0, 160.0], [175.0, 174.0], [127.0, 189.0], [184.0, 190.0], [129.0, 203.0], [186.0, 203.0], [129.0, 217.0], [187.0, 216.0], [129.0, 230.0], [190.0, 231.0], [199.0, 259.0], [201.0, 273.0], [213.0, 302.0], [218.0, 313.0], [230.0, 316.0], [245.0, 328.0], [260.0, 341.0], [270.0, 346.0], [274.0, 355.0], [286.0, 358.0], [301.0, 370.0], [313.0, 373.0], [327.0, 386.0], [331.0, 397.0]], "conversations": [{"role": "user", "content": [{"type": "image", "image": "/home/yrquni/Downloads/Unilab/PaDT/dataset/dataset_root/images/0009457.png"}, {"type": "text", "text": "左上部分叉，主裂缝带弯曲从左上到右下的裂缝"}]}, {"role": "assistant", "content": [{"type": "text", "text": "<|object_ref_start|><|box_start|><14><173><983><817><|box_end|><|point_start|><513><447><|point_end|>"}]}], "boxes": [{"bbox": [72.0, 6.0, 340.0, 409.0], "point": [186.36569951163457, 213.5093363975869], "phrase": "左上部分叉，主裂缝带弯曲从左上到右下的裂缝"}], "caption": "左上部分叉，主裂缝带弯曲从左上到右下的裂缝"}
13375095	{"image_id": "refcrack_0009458_0009458_00_3", "width": 416, "height": 416, "vrt_indices": [229, 230, 256, 273, 274, 275, 276, 277, 283, 284, 311, 312, 338, 339, 364, 365, 389, 390, 391, 392, 414, 415, 441, 470, 498, 526, 554, 583, 611, 638, 639], "patch_points": [[370.0, 103.0], [383.0, 100.0], [342.0, 118.0], [176.0, 130.0], [189.0, 130.0], [203.0, 130.0], [216.0, 130.0], [230.0, 131.0], [315.0, 134.0], [328.0, 131.0], [299.0, 145.0], [313.0, 141.0], [272.0, 160.0], [284.0, 157.0], [231.0, 176.0], [243.0, 171.0], [174.0, 188.0], [188.0, 186.0], [202.0, 185.0], [216.0, 184.0], [118.0, 201.0], [132.0, 198.0], [91.0, 217.0], [88.0, 228.0], [74.0, 242.0], [60.0, 257.0], [48.0, 272.0], [44.0, 282.0], [31.0, 298.0], [7.0, 312.0], [18.0, 311.0]], "conversations": [{"role": "user", "content": [{"type": "image", "image": "/home/yrquni/Downloads/Unilab/PaDT/dataset/dataset_root/images/0009458.png"}, {"type": "text", "text": "比旁边细裂缝长且分叉，左端在左下的弯曲裂缝"}]}, {"role": "assistant", "content": [{"type": "text", "text": "<|object_ref_start|><|box_start|><216><0><759><997><|box_end|><|point_start|><438><472><|point_end|>"}]}], "boxes": [{"bbox": [0.0, 90.0, 415.0, 316.0], "point": [196.55111670336584, 182.3482227115445], "phrase": "比旁边细裂缝长且分叉，左端在左下的弯曲裂缝"}], "caption": "比旁边细裂缝长且分叉，左端在左下的弯曲裂缝"}
13426885	{"image_id": "refcrack_0009458_0009458_01_2", "width": 416, "height": 416, "vrt_indices": [264, 265, 266, 267, 268], "patch_points": [[49.0, 132.0], [62.0, 131.0], [77.0, 130.0], [90.0, 129.0], [103.0, 128.0]], "conversations": [{"role": "user", "content": [{"type": "image", "image": "/home/yrquni/Downloads/Unilab/PaDT/dataset/dataset_root/images/0009458.png"}, {"type": "text", "text": "左上部近似水平的短直缝"}]}, {"role": "assistant", "content": [{"type": "text", "text": "<|object_ref_start|><|box_start|><278><2><338><459><|box_end|><|point_start|><305><226><|point_end|>"}]}], "boxes": [{"bbox": [1.0, 116.0, 191.0, 141.0], "point": [94.22602230483271, 127.13234200743494], "phrase": "左上部近似水平的短直缝"}], "caption": "左上部近似水平的短直缝"}
13478675	{"image_id": "refcrack_0009458_0009458_01_3", "width": 416, "height": 416, "vrt_indices": [264, 265, 266, 267, 268], "patch_points": [[49.0, 132.0], [62.0, 131.0], [77.0, 130.0], [90.0, 129.0], [103.0, 128.0]], "conversations": [{"role": "user", "content": [{"type": "image", "image": "/home/yrquni/Downloads/Unilab/PaDT/dataset/dataset_root/images/0009458.png"}, {"type": "text", "text": "从左边伸到大裂缝开头的细短缝"}]}, {"role": "assistant", "content": [{"type": "text", "text": "<|object_ref_start|><|box_start|><278><2><338><459><|box_end|><|point_start|><305><226><|point_end|>"}]}], "boxes": [{"bbox": [1.0, 116.0, 191.0, 141.0], "point": [94.22602230483271, 127.13234200743494], "phrase": "从左边伸到大裂缝开头的细短缝"}], "caption": "从左边伸到大裂缝开头的细短缝"}
13530465	{"image_id": "refcrack_0009459_0009459_00_0", "width": 416, "height": 416, "vrt_indices": [175, 206, 207, 237, 238, 267, 268, 270, 274, 275, 276, 277, 299, 329, 360, 361, 391, 392, 393, 394, 425, 426, 457, 487, 517, 547, 576, 577, 606, 636, 665, 666], "patch_points": [[21.0, 89.0], [50.0, 101.0], [63.0, 104.0], [78.0, 117.0], [89.0, 120.0], [92.0, 131.0], [104.0, 133.0], [133.0, 133.0], [189.0, 131.0], [203.0, 131.0], [217.0, 132.0], [230.0, 132.0], [132.0, 148.0], [147.0, 160.0], [176.0, 172.0], [187.0, 176.0], [203.0, 186.0], [217.0, 188.0], [230.0, 188.0], [244.0, 190.0], [273.0, 199.0], [287.0, 201.0], [317.0, 215.0], [329.0, 230.0], [342.0, 245.0], [355.0, 260.0], [359.0, 271.0], [369.0, 274.0], [371.0, 286.0], [384.0, 301.0], [388.0, 312.0], [398.0, 315.0]], "conversations": [{"role": "user", "content": [{"type": "image", "image": "/home/yrquni/Downloads/Unilab/PaDT/dataset/dataset_root/images/0009459.png"}, {"type": "text", "text": "左上方分个短岔、主缝斜着往右下延伸的裂缝"}]}, {"role": "assistant", "content": [{"type": "text", "text": "<|object_ref_start|><|box_start|><201><9><783><995><|box_end|><|point_start|><443><527><|point_end|>"}]}], "boxes": [{"bbox": [4.0, 84.0, 414.0, 326.0], "point": [219.63091531755916, 184.32752179327522], "phrase": "左上方分个短岔、主缝斜着往右下延伸的裂缝"}], "caption": "左上方分个短岔、主缝斜着往右下延伸的裂缝"}
13581775	{"image_id": "refcrack_0009459_0009459_00_2", "width": 416, "height": 416, "vrt_indices": [175, 206, 207, 237, 238, 267, 268, 270, 274, 275, 276, 277, 299, 329, 360, 361, 391, 392, 393, 394, 425, 426, 457, 487, 517, 547, 576, 577, 606, 636, 665, 666], "patch_points": [[21.0, 89.0], [50.0, 101.0], [63.0, 104.0], [78.0, 117.0], [89.0, 120.0], [92.0, 131.0], [104.0, 133.0], [133.0, 133.0], [189.0, 131.0], [203.0, 131.0], [217.0, 132.0], [230.0, 132.0], [132.0, 148.0], [147.0, 160.0], [176.0, 172.0], [187.0, 176.0], [203.0, 186.0], [217.0, 188.0], [230.0, 188.0], [244.0, 190.0], [273.0, 199.0], [287.0, 201.0], [317.0, 215.0], [329.0, 230.0], [342.0, 245.0], [355.0, 260.0], [359.0, 271.0], [369.0, 274.0], [371.0, 286.0], [384.0, 301.0], [388.0, 312.0], [398.0, 315.0]], "conversations": [{"role": "user", "content": [{"type": "image", "image": "/home/yrquni/Downloads/Unilab/PaDT/dataset/dataset_root/images/0009459.png"}, {"type": "text", "text": "有个短分支，主缝弯弯曲曲延伸到右下角的裂缝"}]}, {"role": "assistant", "content": [{"type": "text", "text": "<|object_ref_start|><|box_start|><201><9><783><995><|box_end|><|point_start|><443><527><|point_end|>"}]}], "boxes": [{"bbox": [4.0, 84.0, 414.0, 326.0], "point": [219.63091531755916, 184.32752179327522], "phrase": "有个短分支，主缝弯弯曲曲延伸到右下角的裂缝"}], "caption": "有个短分支，主缝弯弯曲曲延伸到右下角的裂缝"}
13633085	{"image_id": "refcrack_0009459_0009459_00_3", "width": 416, "height": 416, "vrt_indices": [175, 206, 207, 237, 238, 267, 268, 270, 274, 275, 276, 277, 299, 329, 360, 361, 391, 392, 393, 394, 425, 426, 457, 487, 517, 547, 576, 577, 606, 636, 665, 666], "patch_points": [[21.0, 89.0], [50.0, 101.0], [63.0, 104.0], [78.0, 117.0], [89.0, 120.0], [92.0, 131.0], [104.0, 133.0], [133.0, 133.0], [189.0, 131.0], [203.0, 131.0], [217.0, 132.0], [230.0, 132.0], [132.0, 148.0], [147.0, 160.0], [176.0, 172.0], [187.0, 176.0], [203.0, 186.0], [217.0, 188.0], [230.0, 188.0], [244.0, 190.0], [273.0, 199.0], [287.0, 201.0], [317.0, 215.0], [329.0, 230.0], [342.0, 245.0], [355.0, 260.0], [359.0, 271.0], [369.0, 274.0], [371.0, 286.0], [384.0, 301.0], [388.0, 312.0], [398.0, 315.0]], "conversations": [{"role": "user", "content": [{"type": "image", "image": "/home/yrquni/Downloads/Unilab/PaDT/dataset/dataset_root/images/0009459.png"}, {"type": "text", "text": "从左上区域分岔，主缝一路斜到右下角的裂缝"}]}, {"role": "assistant", "content": [{"type": "text", "text": "<|object_ref_start|><|box_start|><201><9><783><995><|box_end|><|point_start|><443><527><|point_end|>"}]}], "boxes": [{"bbox": [4.0, 84.0, 414.0, 326.0], "point": [219.63091531755916, 184.32752179327522], "phrase": "从左上区域分岔，主缝一路斜到右下角的裂缝"}], "caption": "从左上区域分岔，主缝一路斜到右下角的裂缝"}
13684395	{"image_id": "refcrack_0009466_0009466_01_0", "width": 416, "height": 416, "vrt_indices": [473, 510, 512, 513, 517, 518, 519, 520, 521], "patch_points": [[132.0, 233.0], [244.0, 240.0], [273.0, 241.0], [286.0, 240.0], [343.0, 240.0], [356.0, 240.0], [371.0, 241.0], [384.0, 241.0], [398.0, 241.0]], "conversations": [{"role": "user", "content": [{"type": "image", "image": "/home/yrquni/Downloads/Unilab/PaDT/dataset/dataset_root/images/0009466.png"}, {"type": "text", "text": "偏下区域水平延伸的长裂缝"}]}, {"role": "assistant", "content": [{"type": "text", "text": "<|object_ref_start|><|box_start|><548><278><588><997><|box_end|><|point_start|><570><633><|point_end|>"}]}], "boxes": [{"bbox": [116.0, 228.0, 415.0, 245.0], "point": [263.5630849868963, 237.45001871958067], "phrase": "偏下区域水平延伸的长裂缝"}], "caption": "偏下区域水平延伸的长裂缝"}
13753309	{"image_id": "refcrack_0009466_0009466_01_2", "width": 416, "height": 416, "vrt_indices": [473, 510, 512, 513, 517, 518, 519, 520, 521], "patch_points": [[132.0, 233.0], [244.0, 240.0], [273.0, 241.0], [286.0, 240.0], [343.0, 240.0], [356.0, 240.0], [371.0, 241.0], [384.0, 241.0], [398.0, 241.0]], "conversations": [{"role": "user", "content": [{"type": "image", "image": "/home/yrquni/Downloads/Unilab/PaDT/dataset/dataset_root/images/0009466.png"}, {"type": "text", "text": "水平走势、线条连贯的一道裂缝"}]}, {"role": "assistant", "content": [{"type": "text", "text": "<|object_ref_start|><|box_start|><548><278><588><997><|box_end|><|point_start|><570><633><|point_end|>"}]}], "boxes": [{"bbox": [116.0, 228.0, 415.0, 245.0], "point": [263.5630849868963, 237.45001871958067], "phrase": "水平走势、线条连贯的一道裂缝"}], "caption": "水平走势、线条连贯的一道裂缝"}
13822223	{"image_id": "refcrack_0009467_0009467_00_0", "width": 416, "height": 416, "vrt_indices": [440, 472, 473, 474, 475, 476, 477, 478, 479, 480, 481, 482, 483, 484], "patch_points": [[76.0, 219.0], [119.0, 228.0], [132.0, 229.0], [147.0, 229.0], [160.0, 230.0], [175.0, 230.0], [188.0, 229.0], [202.0, 229.0], [217.0, 231.0], [230.0, 232.0], [244.0, 233.0], [258.0, 233.0], [272.0, 233.0], [286.0, 231.0]], "conversations": [{"role": "user", "content": [{"type": "image", "image": "/home/yrquni/Downloads/Unilab/PaDT/dataset/dataset_root/images/0009467.png"}, {"type": "text", "text": "左半部分横向延伸的长裂缝"}]}, {"role": "assistant", "content": [{"type": "text", "text": "<|object_ref_start|><|box_start|><514><0><574><716><|box_end|><|point_start|><546><352><|point_end|>"}]}], "boxes": [{"bbox": [0.0, 214.0, 298.0, 239.0], "point": [146.8155609586662, 227.18235498436957], "phrase": "左半部分横向延伸的长裂缝"}], "caption": "左半部分横向延伸的长裂缝"}
13877185	{"image_id": "refcrack_0009467_0009467_00_1", "width": 416, "height": 416, "vrt_indices": [440, 472, 473, 474, 475, 476, 477, 478, 479, 480, 481, 482, 483, 484], "patch_points": [[76.0, 219.0], [119.0, 228.0], [132.0, 229.0], [147.0, 229.0], [160.0, 230.0], [175.0, 230.0], [188.0, 229.0], [202.0, 229.0], [217.0, 231.0], [230.0, 232.0], [244.0, 233.0], [258.0, 233.0], [272.0, 233.0], [286.0, 231.0]], "conversations": [{"role": "user", "content": [{"type": "image", "image": "/home/yrquni/Downloads/Unilab/PaDT/dataset/dataset_root/images/0009467.png"}, {"type": "text", "text": "从左侧一直连到中间的裂缝"}]}, {"role": "assistant", "content": [{"type": "text", "text": "<|object_ref_start|><|box_start|><514><0><574><716><|box_end|><|point_start|><546><352><|point_end|>"}]}], "boxes": [{"bbox": [0.0, 214.0, 298.0, 239.0], "point": [146.8155609586662, 227.18235498436957], "phrase": "从左侧一直连到中间的裂缝"}], "caption": "从左侧一直连到中间的裂缝"}
13932147	{"image_id": "refcrack_0009467_0009467_00_3", "width": 416, "height": 416, "vrt_indices": [440, 472, 473, 474, 475, 476, 477, 478, 479, 480, 481, 482, 483, 484], "patch_points": [[76.0, 219.0], [119.0, 228.0], [132.0, 229.0], [147.0, 229.0], [160.0, 230.0], [175.0, 230.0], [188.0, 229.0], [202.0, 229.0], [217.0, 231.0], [230.0, 232.0], [244.0, 233.0], [258.0, 233.0], [272.0, 233.0], [286.0, 231.0]], "conversations": [{"role": "user", "content": [{"type": "image", "image": "/home/yrquni/Downloads/Unilab/PaDT/dataset/dataset_root/images/0009467.png"}, {"type": "text", "text": "比右边那条裂缝更长、偏左的横向缝"}]}, {"role": "assistant", "content": [{"type": "text", "text": "<|object_ref_start|><|box_start|><514><0><574><716><|box_end|><|point_start|><546><352><|point_end|>"}]}], "boxes": [{"bbox": [0.0, 214.0, 298.0, 239.0], "point": [146.8155609586662, 227.18235498436957], "phrase": "比右边那条裂缝更长、偏左的横向缝"}], "caption": "比右边那条裂缝更长、偏左的横向缝"}
13987109	{"image_id": "refcrack_0009467_0009467_00_4", "width": 416, "height": 416, "vrt_indices": [440, 472, 473, 474, 475, 476, 477, 478, 479, 480, 481, 482, 483, 484], "patch_points": [[76.0, 219.0], [119.0, 228.0], [132.0, 229.0], [147.0, 229.0], [160.0, 230.0], [175.0, 230.0], [188.0, 229.0], [202.0, 229.0], [217.0, 231.0], [230.0, 232.0], [244.0, 233.0], [258.0, 233.0], [272.0, 233.0], [286.0, 231.0]], "conversations": [{"role": "user", "content": [{"type": "image", "image": "/home/yrquni/Downloads/Unilab/PaDT/dataset/dataset_root/images/0009467.png"}, {"type": "text", "text": "在粗糙灰面从左往中平顺展开的裂缝"}]}, {"role": "assistant", "content": [{"type": "text", "text": "<|object_ref_start|><|box_start|><514><0><574><716><|box_end|><|point_start|><546><352><|point_end|>"}]}], "boxes": [{"bbox": [0.0, 214.0, 298.0, 239.0], "point": [146.8155609586662, 227.18235498436957], "phrase": "在粗糙灰面从左往中平顺展开的裂缝"}], "caption": "在粗糙灰面从左往中平顺展开的裂缝"}
14042071	{"image_id": "refcrack_0009467_0009467_01_0", "width": 416, "height": 416, "vrt_indices": [457, 458, 459, 491, 492], "patch_points": [[314.0, 219.0], [329.0, 218.0], [342.0, 218.0], [385.0, 227.0], [398.0, 230.0]], "conversations": [{"role": "user", "content": [{"type": "image", "image": "/home/yrquni/Downloads/Unilab/PaDT/dataset/dataset_root/images/0009467.png"}, {"type": "text", "text": "靠近画面右侧的裂缝"}]}, {"role": "assistant", "content": [{"type": "text", "text": "<|object_ref_start|><|box_start|><514><694><562><995><|box_end|><|point_start|><534><845><|point_end|>"}]}], "boxes": [{"bbox": [289.0, 214.0, 414.0, 234.0], "point": [351.6560900716479, 222.21903787103378], "phrase": "靠近画面右侧的裂缝"}], "caption": "靠近画面右侧的裂缝"}
14097033	{"image_id": "refcrack_0009467_0009467_01_2", "width": 416, "height": 416, "vrt_indices": [457, 458, 459, 491, 492], "patch_points": [[314.0, 219.0], [329.0, 218.0], [342.0, 218.0], [385.0, 227.0], [398.0, 230.0]], "conversations": [{"role": "user", "content": [{"type": "image", "image": "/home/yrquni/Downloads/Unilab/PaDT/dataset/dataset_root/images/0009467.png"}, {"type": "text", "text": "灰白色粗糙墙面右侧的裂缝"}]}, {"role": "assistant", "content": [{"type": "text", "text": "<|object_ref_start|><|box_start|><514><694><562><995><|box_end|><|point_start|><534><845><|point_end|>"}]}], "boxes": [{"bbox": [289.0, 214.0, 414.0, 234.0], "point": [351.6560900716479, 222.21903787103378], "phrase": "灰白色粗糙墙面右侧的裂缝"}], "caption": "灰白色粗糙墙面右侧的裂缝"}
14151995	{"image_id": "refcrack_0009467_0009467_01_3", "width": 416, "height": 416, "vrt_indices": [457, 458, 459, 491, 492], "patch_points": [[314.0, 219.0], [329.0, 218.0], [342.0, 218.0], [385.0, 227.0], [398.0, 230.0]], "conversations": [{"role": "user", "content": [{"type": "image", "image": "/home/yrquni/Downloads/Unilab/PaDT/dataset/dataset_root/images/0009467.png"}, {"type": "text", "text": "右侧稍显弯曲的裂缝"}]}, {"role": "assistant", "content": [{"type": "text", "text": "<|object_ref_start|><|box_start|><514><694><562><995><|box_end|><|point_start|><534><845><|point_end|>"}]}], "boxes": [{"bbox": [289.0, 214.0, 414.0, 234.0], "point": [351.6560900716479, 222.21903787103378], "phrase": "右侧稍显弯曲的裂缝"}], "caption": "右侧稍显弯曲的裂缝"}
14206957	{"image_id": "refcrack_0009467_0009467_01_4", "width": 416, "height": 416, "vrt_indices": [457, 458, 459, 491, 492], "patch_points": [[314.0, 219.0], [329.0, 218.0], [342.0, 218.0], [385.0, 227.0], [398.0, 230.0]], "conversations": [{"role": "user", "content": [{"type": "image", "image": "/home/yrquni/Downloads/Unilab/PaDT/dataset/dataset_root/images/0009467.png"}, {"type": "text", "text": "右半部分水平且末端微弯的裂缝"}]}, {"role": "assistant", "content": [{"type": "text", "text": "<|object_ref_start|><|box_start|><514><694><562><995><|box_end|><|point_start|><534><845><|point_end|>"}]}], "boxes": [{"bbox": [289.0, 214.0, 414.0, 234.0], "point": [351.6560900716479, 222.21903787103378], "phrase": "右半部分水平且末端微弯的裂缝"}], "caption": "右半部分水平且末端微弯的裂缝"}
14261919	{"image_id": "refcrack_0009520_0009520_00_0", "width": 416, "height": 416, "vrt_indices": [378, 410, 442, 443, 444, 445, 446, 477], "patch_points": [[21.0, 189.0], [62.0, 203.0], [105.0, 213.0], [119.0, 214.0], [132.0, 216.0], [146.0, 216.0], [161.0, 219.0], [188.0, 229.0]], "conversations": [{"role": "user", "content": [{"type": "image", "image": "/home/yrquni/Downloads/Unilab/PaDT/dataset/dataset_root/images/0009520.png"}, {"type": "text", "text": "左边的一道长裂缝"}]}, {"role": "assistant", "content": [{"type": "text", "text": "<|object_ref_start|><|box_start|><439><0><572><528><|box_end|><|point_start|><506><256><|point_end|>"}]}], "boxes": [{"bbox": [0.0, 183.0, 220.0, 238.0], "point": [106.82694684796044, 210.67799752781212], "phrase": "左边的一道长裂缝"}], "caption": "左边的一道长裂缝"}
14290633	{"image_id": "refcrack_0009520_0009520_01_2", "width": 416, "height": 416, "vrt_indices": [506, 537, 550, 567, 568, 577, 578, 603, 604, 628, 629, 630], "patch_points": [[189.0, 242.0], [215.0, 260.0], [399.0, 262.0], [232.0, 269.0], [244.0, 272.0], [371.0, 274.0], [384.0, 270.0], [329.0, 287.0], [342.0, 284.0], [272.0, 301.0], [287.0, 302.0], [300.0, 298.0]], "conversations": [{"role": "user", "content": [{"type": "image", "image": "/home/yrquni/Downloads/Unilab/PaDT/dataset/dataset_root/images/0009520.png"}, {"type": "text", "text": "右半部分带折角的裂缝"}]}, {"role": "assistant", "content": [{"type": "text", "text": "<|object_ref_start|><|box_start|><552><362><740><985><|box_end|><|point_start|><659><691><|point_end|>"}]}], "boxes": [{"bbox": [151.0, 230.0, 410.0, 308.0], "point": [287.52019630049074, 274.32314080785204], "phrase": "右半部分带折角的裂缝"}], "caption": "右半部分带折角的裂缝"}
14319347	{"image_id": "refcrack_0009520_0009520_01_4", "width": 416, "height": 416, "vrt_indices": [506, 537, 550, 567, 568, 577, 578, 603, 604, 628, 629, 630], "patch_points": [[189.0, 242.0], [215.0, 260.0], [399.0, 262.0], [232.0, 269.0], [244.0, 272.0], [371.0, 274.0], [384.0, 270.0], [329.0, 287.0], [342.0, 284.0], [272.0, 301.0], [287.0, 302.0], [300.0, 298.0]], "conversations": [{"role": "user", "content": [{"type": "image", "image": "/home/yrquni/Downloads/Unilab/PaDT/dataset/dataset_root/images/0009520.png"}, {"type": "text", "text": "靠近右下角、呈V字折角的裂缝"}]}, {"role": "assistant", "content": [{"type": "text", "text": "<|object_ref_start|><|box_start|><552><362><740><985><|box_end|><|point_start|><659><691><|point_end|>"}]}], "boxes": [{"bbox": [151.0, 230.0, 410.0, 308.0], "point": [287.52019630049074, 274.32314080785204], "phrase": "靠近右下角、呈V字折角的裂缝"}], "caption": "靠近右下角、呈V字折角的裂缝"}
14348061	{"image_id": "refcrack_0009521_0009521_00_0", "width": 416, "height": 416, "vrt_indices": [269, 270, 295, 296, 302, 321, 322, 332, 333, 363, 394, 425], "patch_points": [[118.0, 130.0], [132.0, 129.0], [76.0, 145.0], [90.0, 143.0], [173.0, 148.0], [34.0, 158.0], [47.0, 156.0], [189.0, 157.0], [202.0, 161.0], [219.0, 172.0], [244.0, 190.0], [272.0, 200.0]], "conversations": [{"role": "user", "content": [{"type": "image", "image": "/home/yrquni/Downloads/Unilab/PaDT/dataset/dataset_root/images/0009521.png"}, {"type": "text", "text": "上方偏左带弯折的裂缝"}]}, {"role": "assistant", "content": [{"type": "text", "text": "<|object_ref_start|><|box_start|><278><7><492><689><|box_end|><|point_start|><367><331><|point_end|>"}]}], "boxes": [{"bbox": [3.0, 116.0, 287.0, 205.0], "point": [138.05404530744337, 152.81877022653723], "phrase": "上方偏左带弯折的裂缝"}], "caption": "上方偏左带弯折的裂缝"}
14377183	{"image_id": "refcrack_0009521_0009521_00_2", "width": 416, "height": 416, "vrt_indices": [269, 270, 295, 296, 302, 321, 322, 332, 333, 363, 394, 425], "patch_points": [[118.0, 130.0], [132.0, 129.0], [76.0, 145.0], [90.0, 143.0], [173.0, 148.0], [34.0, 158.0], [47.0, 156.0], [189.0, 157.0], [202.0, 161.0], [219.0, 172.0], [244.0, 190.0], [272.0, 200.0]], "conversations": [{"role": "user", "content": [{"type": "image", "image": "/home/yrquni/Downloads/Unilab/PaDT/dataset/dataset_root/images/0009521.png"}, {"type": "text", "text": "水平细缝上方的折线状裂缝"}]}, {"role": "assistant", "content": [{"type": "text", "text": "<|object_ref_start|><|box_start|><278><7><492><689><|box_end|><|point_start|><367><331><|point_end|>"}]}], "boxes": [{"bbox": [3.0, 116.0, 287.0, 205.0], "point": [138.05404530744337, 152.81877022653723], "phrase": "水平细缝上方的折线状裂缝"}], "caption": "水平细缝上方的折线状裂缝"}
14406305	{"image_id": "refcrack_0009521_0009521_00_3", "width": 416, "height": 416, "vrt_indices": [269, 270, 295, 296, 302, 321, 322, 332, 333, 363, 394, 425], "patch_points": [[118.0, 130.0], [132.0, 129.0], [76.0, 145.0], [90.0, 143.0], [173.0, 148.0], [34.0, 158.0], [47.0, 156.0], [189.0, 157.0], [202.0, 161.0], [219.0, 172.0], [244.0, 190.0], [272.0, 200.0]], "conversations": [{"role": "user", "content": [{"type": "image", "image": "/home/yrquni/Downloads/Unilab/PaDT/dataset/dataset_root/images/0009521.png"}, {"type": "text", "text": "从左先上拱再右下斜伸的裂缝"}]}, {"role": "assistant", "content": [{"type": "text", "text": "<|object_ref_start|><|box_start|><278><7><492><689><|box_end|><|point_start|><367><331><|point_end|>"}]}], "boxes": [{"bbox": [3.0, 116.0, 287.0, 205.0], "point": [138.05404530744337, 152.81877022653723], "phrase": "从左先上拱再右下斜伸的裂缝"}], "caption": "从左先上拱再右下斜伸的裂缝"}
14435427	{"image_id": "refcrack_0009521_0009521_00_4", "width": 416, "height": 416, "vrt_indices": [269, 270, 295, 296, 302, 321, 322, 332, 333, 363, 394, 425], "patch_points": [[118.0, 130.0], [132.0, 129.0], [76.0, 145.0], [90.0, 143.0], [173.0, 148.0], [34.0, 158.0], [47.0, 156.0], [189.0, 157.0], [202.0, 161.0], [219.0, 172.0], [244.0, 190.0], [272.0, 200.0]], "conversations": [{"role": "user", "content": [{"type": "image", "image": "/home/yrquni/Downloads/Unilab/PaDT/dataset/dataset_root/images/0009521.png"}, {"type": "text", "text": "形似小山轮廓、有弯折的裂缝"}]}, {"role": "assistant", "content": [{"type": "text", "text": "<|object_ref_start|><|box_start|><278><7><492><689><|box_end|><|point_start|><367><331><|point_end|>"}]}], "boxes": [{"bbox": [3.0, 116.0, 287.0, 205.0], "point": [138.05404530744337, 152.81877022653723], "phrase": "形似小山轮廓、有弯折的裂缝"}], "caption": "形似小山轮廓、有弯折的裂缝"}
14464549	{"image_id": "refcrack_0009521_0009521_01_2", "width": 416, "height": 416, "vrt_indices": [422, 423, 454, 488, 489, 520, 521], "patch_points": [[231.0, 200.0], [244.0, 204.0], [272.0, 215.0], [343.0, 228.0], [356.0, 231.0], [386.0, 241.0], [398.0, 244.0]], "conversations": [{"role": "user", "content": [{"type": "image", "image": "/home/yrquni/Downloads/Unilab/PaDT/dataset/dataset_root/images/0009521.png"}, {"type": "text", "text": "中间偏右开始水平向右，比下方白缝短的裂缝"}]}, {"role": "assistant", "content": [{"type": "text", "text": "<|object_ref_start|><|box_start|><466><514><605><987><|box_end|><|point_start|><536><764><|point_end|>"}]}], "boxes": [{"bbox": [214.0, 194.0, 411.0, 252.0], "point": [317.83122629582806, 223.20670037926675], "phrase": "中间偏右开始水平向右，比下方白缝短的裂缝"}], "caption": "中间偏右开始水平向右，比下方白缝短的裂缝"}
14493671	{"image_id": "refcrack_0009522_0009522_00_0", "width": 416, "height": 416, "vrt_indices": [434, 461, 478, 479, 488, 510, 511, 512, 516, 541, 543], "patch_points": [[398.0, 201.0], [371.0, 217.0], [203.0, 227.0], [216.0, 232.0], [343.0, 232.0], [245.0, 241.0], [259.0, 243.0], [271.0, 247.0], [328.0, 243.0], [275.0, 258.0], [300.0, 259.0]], "conversations": [{"role": "user", "content": [{"type": "image", "image": "/home/yrquni/Downloads/Unilab/PaDT/dataset/dataset_root/images/0009522.png"}, {"type": "text", "text": "下方带弯折的裂缝"}]}, {"role": "assistant", "content": [{"type": "text", "text": "<|object_ref_start|><|box_start|><451><375><644><997><|box_end|><|point_start|><560><714><|point_end|>"}]}], "boxes": [{"bbox": [156.0, 188.0, 415.0, 268.0], "point": [297.2089789431863, 233.0599920540326], "phrase": "下方带弯折的裂缝"}], "caption": "下方带弯折的裂缝"}
14523049	{"image_id": "refcrack_0009522_0009522_00_2", "width": 416, "height": 416, "vrt_indices": [434, 461, 478, 479, 488, 510, 511, 512, 516, 541, 543], "patch_points": [[398.0, 201.0], [371.0, 217.0], [203.0, 227.0], [216.0, 232.0], [343.0, 232.0], [245.0, 241.0], [259.0, 243.0], [271.0, 247.0], [328.0, 243.0], [275.0, 258.0], [300.0, 259.0]], "conversations": [{"role": "user", "content": [{"type": "image", "image": "/home/yrquni/Downloads/Unilab/PaDT/dataset/dataset_root/images/0009522.png"}, {"type": "text", "text": "从左到右、中间下弯的裂缝"}]}, {"role": "assistant", "content": [{"type": "text", "text": "<|object_ref_start|><|box_start|><451><375><644><997><|box_end|><|point_start|><560><714><|point_end|>"}]}], "boxes": [{"bbox": [156.0, 188.0, 415.0, 268.0], "point": [297.2089789431863, 233.0599920540326], "phrase": "从左到右、中间下弯的裂缝"}], "caption": "从左到右、中间下弯的裂缝"}
14552427	{"image_id": "refcrack_0009522_0009522_00_4", "width": 416, "height": 416, "vrt_indices": [434, 461, 478, 479, 488, 510, 511, 512, 516, 541, 543], "patch_points": [[398.0, 201.0], [371.0, 217.0], [203.0, 227.0], [216.0, 232.0], [343.0, 232.0], [245.0, 241.0], [259.0, 243.0], [271.0, 247.0], [328.0, 243.0], [275.0, 258.0], [300.0, 259.0]], "conversations": [{"role": "user", "content": [{"type": "image", "image": "/home/yrquni/Downloads/Unilab/PaDT/dataset/dataset_root/images/0009522.png"}, {"type": "text", "text": "底部表面中间下凹转折的裂缝"}]}, {"role": "assistant", "content": [{"type": "text", "text": "<|object_ref_start|><|box_start|><451><375><644><997><|box_end|><|point_start|><560><714><|point_end|>"}]}], "boxes": [{"bbox": [156.0, 188.0, 415.0, 268.0], "point": [297.2089789431863, 233.0599920540326], "phrase": "底部表面中间下凹转折的裂缝"}], "caption": "底部表面中间下凹转折的裂缝"}
14581805	{"image_id": "refcrack_0009522_0009522_01_1", "width": 416, "height": 416, "vrt_indices": [439, 440, 441, 442, 443, 444, 448, 449, 450], "patch_points": [[63.0, 213.0], [76.0, 213.0], [90.0, 213.0], [104.0, 213.0], [118.0, 213.0], [132.0, 213.0], [189.0, 212.0], [202.0, 213.0], [214.0, 214.0]], "conversations": [{"role": "user", "content": [{"type": "image", "image": "/home/yrquni/Downloads/Unilab/PaDT/dataset/dataset_root/images/0009522.png"}, {"type": "text", "text": "上方白色痕迹下方，一道近乎水平的长裂缝"}]}, {"role": "assistant", "content": [{"type": "text", "text": "<|object_ref_start|><|box_start|><492><0><521><531><|box_end|><|point_start|><507><258><|point_end|>"}]}], "boxes": [{"bbox": [0.0, 205.0, 221.0, 217.0], "point": [107.51072124756335, 211.28330084470434], "phrase": "上方白色痕迹下方，一道近乎水平的长裂缝"}], "caption": "上方白色痕迹下方，一道近乎水平的长裂缝"}
14611183	{"image_id": "refcrack_0009522_0009522_01_2", "width": 416, "height": 416, "vrt_indices": [439, 440, 441, 442, 443, 444, 448, 449, 450], "patch_points": [[63.0, 213.0], [76.0, 213.0], [90.0, 213.0], [104.0, 213.0], [118.0, 213.0], [132.0, 213.0], [189.0, 212.0], [202.0, 213.0], [214.0, 214.0]], "conversations": [{"role": "user", "content": [{"type": "image", "image": "/home/yrquni/Downloads/Unilab/PaDT/dataset/dataset_root/images/0009522.png"}, {"type": "text", "text": "从左侧延伸至中间，略带弯曲的水平裂缝"}]}, {"role": "assistant", "content": [{"type": "text", "text": "<|object_ref_start|><|box_start|><492><0><521><531><|box_end|><|point_start|><507><258><|point_end|>"}]}], "boxes": [{"bbox": [0.0, 205.0, 221.0, 217.0], "point": [107.51072124756335, 211.28330084470434], "phrase": "从左侧延伸至中间，略带弯曲的水平裂缝"}], "caption": "从左侧延伸至中间，略带弯曲的水平裂缝"}
14640561	{"image_id": "refcrack_0009538_0009538_01_0", "width": 416, "height": 416, "vrt_indices": [187, 216, 246, 276, 306, 336, 366, 396, 397, 426, 456, 486, 516, 546, 576, 606, 636, 665], "patch_points": [[188.0, 91.0], [192.0, 103.0], [204.0, 117.0], [217.0, 132.0], [231.0, 146.0], [244.0, 161.0], [259.0, 174.0], [274.0, 187.0], [285.0, 190.0], [287.0, 202.0], [301.0, 216.0], [316.0, 229.0], [329.0, 244.0], [343.0, 257.0], [358.0, 272.0], [370.0, 287.0], [383.0, 301.0], [386.0, 312.0]], "conversations": [{"role": "user", "content": [{"type": "image", "image": "/home/yrquni/Downloads/Unilab/PaDT/dataset/dataset_root/images/0009538.png"}, {"type": "text", "text": "从画面上边偏左斜到右下角的长裂缝"}]}, {"role": "assistant", "content": [{"type": "text", "text": "<|object_ref_start|><|box_start|><204><432><829><961><|box_end|><|point_start|><511><716><|point_end|>"}]}], "boxes": [{"bbox": [180.0, 85.0, 400.0, 345.0], "point": [298.1087728194726, 212.70715010141987], "phrase": "从画面上边偏左斜到右下角的长裂缝"}], "caption": "从画面上边偏左斜到右下角的长裂缝"}
14663711	{"image_id": "refcrack_0009538_0009538_01_2", "width": 416, "height": 416, "vrt_indices": [187, 216, 246, 276, 306, 336, 366, 396, 397, 426, 456, 486, 516, 546, 576, 606, 636, 665], "patch_points": [[188.0, 91.0], [192.0, 103.0], [204.0, 117.0], [217.0, 132.0], [231.0, 146.0], [244.0, 161.0], [259.0, 174.0], [274.0, 187.0], [285.0, 190.0], [287.0, 202.0], [301.0, 216.0], [316.0, 229.0], [329.0, 244.0], [343.0, 257.0], [358.0, 272.0], [370.0, 287.0], [383.0, 301.0], [386.0, 312.0]], "conversations": [{"role": "user", "content": [{"type": "image", "image": "/home/yrquni/Downloads/Unilab/PaDT/dataset/dataset_root/images/0009538.png"}, {"type": "text", "text": "波浪状、从左上斜到右下的裂缝"}]}, {"role": "assistant", "content": [{"type": "text", "text": "<|object_ref_start|><|box_start|><204><432><829><961><|box_end|><|point_start|><511><716><|point_end|>"}]}], "boxes": [{"bbox": [180.0, 85.0, 400.0, 345.0], "point": [298.1087728194726, 212.70715010141987], "phrase": "波浪状、从左上斜到右下的裂缝"}], "caption": "波浪状、从左上斜到右下的裂缝"}
14686861	{"image_id": "refcrack_0009539_0009539_00_1", "width": 416, "height": 416, "vrt_indices": [12, 13, 42, 70, 71, 99, 100, 129, 159, 189, 219, 249, 250, 280, 310], "patch_points": [[176.0, 5.0], [186.0, 7.0], [186.0, 20.0], [176.0, 35.0], [184.0, 34.0], [176.0, 47.0], [186.0, 49.0], [189.0, 62.0], [203.0, 76.0], [218.0, 90.0], [231.0, 102.0], [247.0, 115.0], [258.0, 119.0], [273.0, 131.0], [287.0, 143.0]], "conversations": [{"role": "user", "content": [{"type": "image", "image": "/home/yrquni/Downloads/Unilab/PaDT/dataset/dataset_root/images/0009539.png"}, {"type": "text", "text": "小三角形左上方、从左上斜向右下的裂缝"}]}, {"role": "assistant", "content": [{"type": "text", "text": "<|object_ref_start|><|box_start|><0><403><353><713><|box_end|><|point_start|><171><511><|point_end|>"}]}], "boxes": [{"bbox": [168.0, 0.0, 297.0, 147.0], "point": [212.65602432535158, 71.38806537438236], "phrase": "小三角形左上方、从左上斜向右下的裂缝"}], "caption": "小三角形左上方、从左上斜向右下的裂缝"}
14711527	{"image_id": "refcrack_0009539_0009539_00_3", "width": 416, "height": 416, "vrt_indices": [12, 13, 42, 70, 71, 99, 100, 129, 159, 189, 219, 249, 250, 280, 310], "patch_points": [[176.0, 5.0], [186.0, 7.0], [186.0, 20.0], [176.0, 35.0], [184.0, 34.0], [176.0, 47.0], [186.0, 49.0], [189.0, 62.0], [203.0, 76.0], [218.0, 90.0], [231.0, 102.0], [247.0, 115.0], [258.0, 119.0], [273.0, 131.0], [287.0, 143.0]], "conversations": [{"role": "user", "content": [{"type": "image", "image": "/home/yrquni/Downloads/Unilab/PaDT/dataset/dataset_root/images/0009539.png"}, {"type": "text", "text": "从杂色石质边缘出发，斜抵小三角形旁的裂缝"}]}, {"role": "assistant", "content": [{"type": "text", "text": "<|object_ref_start|><|box_start|><0><403><353><713><|box_end|><|point_start|><171><511><|point_end|>"}]}], "boxes": [{"bbox": [168.0, 0.0, 297.0, 147.0], "point": [212.65602432535158, 71.38806537438236], "phrase": "从杂色石质边缘出发，斜抵小三角形旁的裂缝"}], "caption": "从杂色石质边缘出发，斜抵小三角形旁的裂缝"}
14736193	{"image_id": "refcrack_0009539_0009539_00_4", "width": 416, "height": 416, "vrt_indices": [12, 13, 42, 70, 71, 99, 100, 129, 159, 189, 219, 249, 250, 280, 310], "patch_points": [[176.0, 5.0], [186.0, 7.0], [186.0, 20.0], [176.0, 35.0], [184.0, 34.0], [176.0, 47.0], [186.0, 49.0], [189.0, 62.0], [203.0, 76.0], [218.0, 90.0], [231.0, 102.0], [247.0, 115.0], [258.0, 119.0], [273.0, 131.0], [287.0, 143.0]], "conversations": [{"role": "user", "content": [{"type": "image", "image": "/home/yrquni/Downloads/Unilab/PaDT/dataset/dataset_root/images/0009539.png"}, {"type": "text", "text": "画面上部，连接左上纹理石区与黑色裂缝中上部、小三角左侧的斜裂缝"}]}, {"role": "assistant", "content": [{"type": "text", "text": "<|object_ref_start|><|box_start|><0><403><353><713><|box_end|><|point_start|><171><511><|point_end|>"}]}], "boxes": [{"bbox": [168.0, 0.0, 297.0, 147.0], "point": [212.65602432535158, 71.38806537438236], "phrase": "画面上部，连接左上纹理石区与黑色裂缝中上部、小三角左侧的斜裂缝"}], "caption": "画面上部，连接左上纹理石区与黑色裂缝中上部、小三角左侧的斜裂缝"}
14760859	{"image_id": "refcrack_0009539_0009539_02_2", "width": 416, "height": 416, "vrt_indices": [628, 629, 659, 690, 720, 749, 779, 809, 839], "patch_points": [[275.0, 299.0], [284.0, 303.0], [300.0, 317.0], [327.0, 330.0], [340.0, 344.0], [344.0, 356.0], [356.0, 371.0], [372.0, 383.0], [385.0, 398.0]], "conversations": [{"role": "user", "content": [{"type": "image", "image": "/home/yrquni/Downloads/Unilab/PaDT/dataset/dataset_root/images/0009539.png"}, {"type": "text", "text": "从黑色裂缝附近起，朝右下角延伸的裂缝"}]}, {"role": "assistant", "content": [{"type": "text", "text": "<|object_ref_start|><|box_start|><709><639><997><997><|box_end|><|point_start|><856><826><|point_end|>"}]}], "boxes": [{"bbox": [266.0, 295.0, 415.0, 415.0], "point": [343.89673140691616, 356.1084793936523], "phrase": "从黑色裂缝附近起，朝右下角延伸的裂缝"}], "caption": "从黑色裂缝附近起，朝右下角延伸的裂缝"}
14785525	{"image_id": "refcrack_0009540_0009540_02_0", "width": 416, "height": 416, "vrt_indices": [309, 368, 398, 427, 457, 487, 517, 546, 547, 548, 549, 550, 577, 578, 579], "patch_points": [[273.0, 148.0], [289.0, 174.0], [299.0, 189.0], [304.0, 201.0], [315.0, 216.0], [329.0, 230.0], [342.0, 245.0], [344.0, 255.0], [357.0, 258.0], [370.0, 261.0], [385.0, 259.0], [398.0, 259.0], [370.0, 269.0], [384.0, 269.0], [400.0, 269.0]], "conversations": [{"role": "user", "content": [{"type": "image", "image": "/home/yrquni/Downloads/Unilab/PaDT/dataset/dataset_root/images/0009540.png"}, {"type": "text", "text": "右下角带色彩的墙面上方的裂缝"}]}, {"role": "assistant", "content": [{"type": "text", "text": "<|object_ref_start|><|box_start|><334><644><670><990><|box_end|><|point_start|><550><817><|point_end|>"}]}], "boxes": [{"bbox": [268.0, 139.0, 412.0, 279.0], "point": [340.21677041376785, 229.0175759794947], "phrase": "右下角带色彩的墙面上方的裂缝"}], "caption": "右下角带色彩的墙面上方的裂缝"}
14809683	{"image_id": "refcrack_0009540_0009540_02_4", "width": 416, "height": 416, "vrt_indices": [309, 368, 398, 427, 457, 487, 517, 546, 547, 548, 549, 550, 577, 578, 579], "patch_points": [[273.0, 148.0], [289.0, 174.0], [299.0, 189.0], [304.0, 201.0], [315.0, 216.0], [329.0, 230.0], [342.0, 245.0], [344.0, 255.0], [357.0, 258.0], [370.0, 261.0], [385.0, 259.0], [398.0, 259.0], [370.0, 269.0], [384.0, 269.0], [400.0, 269.0]], "conversations": [{"role": "user", "content": [{"type": "image", "image": "/home/yrquni/Downloads/Unilab/PaDT/dataset/dataset_root/images/0009540.png"}, {"type": "text", "text": "灰色小三角下方，从黑色裂缝旁拐向彩色区域的裂缝"}]}, {"role": "assistant", "content": [{"type": "text", "text": "<|object_ref_start|><|box_start|><334><644><670><990><|box_end|><|point_start|><550><817><|point_end|>"}]}], "boxes": [{"bbox": [268.0, 139.0, 412.0, 279.0], "point": [340.21677041376785, 229.0175759794947], "phrase": "灰色小三角下方，从黑色裂缝旁拐向彩色区域的裂缝"}], "caption": "灰色小三角下方，从黑色裂缝旁拐向彩色区域的裂缝"}
14833841	{"image_id": "refcrack_0009556_0009556_00_0", "width": 416, "height": 416, "vrt_indices": [80, 109, 138, 166, 195, 224, 253, 282, 311, 398, 457, 514, 542, 571, 657, 686, 715, 744, 773, 830], "patch_points": [[313.0, 34.0], [313.0, 49.0], [311.0, 62.0], [303.0, 77.0], [301.0, 91.0], [300.0, 105.0], [300.0, 118.0], [301.0, 133.0], [303.0, 146.0], [302.0, 188.0], [311.0, 216.0], [300.0, 244.0], [287.0, 259.0], [284.0, 272.0], [275.0, 315.0], [273.0, 329.0], [273.0, 343.0], [274.0, 357.0], [271.0, 370.0], [261.0, 399.0]], "conversations": [{"role": "user", "content": [{"type": "image", "image": "/home/yrquni/Downloads/Unilab/PaDT/dataset/dataset_root/images/0009556.png"}, {"type": "text", "text": "右边一条弯弯曲曲的长裂缝"}]}, {"role": "assistant", "content": [{"type": "text", "text": "<|object_ref_start|><|box_start|><38><603><997><762><|box_end|><|point_start|><514><704><|point_end|>"}]}], "boxes": [{"bbox": [251.0, 16.0, 317.0, 415.0], "point": [293.0812894183602, 214.04578369539828], "phrase": "右边一条弯弯曲曲的长裂缝"}], "caption": "右边一条弯弯曲曲的长裂缝"}
14871019	{"image_id": "refcrack_0009556_0009556_00_1", "width": 416, "height": 416, "vrt_indices": [80, 109, 138, 166, 195, 224, 253, 282, 311, 398, 457, 514, 542, 571, 657, 686, 715, 744, 773, 830], "patch_points": [[313.0, 34.0], [313.0, 49.0], [311.0, 62.0], [303.0, 77.0], [301.0, 91.0], [300.0, 105.0], [300.0, 118.0], [301.0, 133.0], [303.0, 146.0], [302.0, 188.0], [311.0, 216.0], [300.0, 244.0], [287.0, 259.0], [284.0, 272.0], [275.0, 315.0], [273.0, 329.0], [273.0, 343.0], [274.0, 357.0], [271.0, 370.0], [261.0, 399.0]], "conversations": [{"role": "user", "content": [{"type": "image", "image": "/home/yrquni/Downloads/Unilab/PaDT/dataset/dataset_root/images/0009556.png"}, {"type": "text", "text": "靠近右边、走势起伏的裂缝"}]}, {"role": "assistant", "content": [{"type": "text", "text": "<|object_ref_start|><|box_start|><38><603><997><762><|box_end|><|point_start|><514><704><|point_end|>"}]}], "boxes": [{"bbox": [251.0, 16.0, 317.0, 415.0], "point": [293.0812894183602, 214.04578369539828], "phrase": "靠近右边、走势起伏的裂缝"}], "caption": "靠近右边、走势起伏的裂缝"}
14908197	{"image_id": "refcrack_0009556_0009556_00_4", "width": 416, "height": 416, "vrt_indices": [80, 109, 138, 166, 195, 224, 253, 282, 311, 398, 457, 514, 542, 571, 657, 686, 715, 744, 773, 830], "patch_points": [[313.0, 34.0], [313.0, 49.0], [311.0, 62.0], [303.0, 77.0], [301.0, 91.0], [300.0, 105.0], [300.0, 118.0], [301.0, 133.0], [303.0, 146.0], [302.0, 188.0], [311.0, 216.0], [300.0, 244.0], [287.0, 259.0], [284.0, 272.0], [275.0, 315.0], [273.0, 329.0], [273.0, 343.0], [274.0, 357.0], [271.0, 370.0], [261.0, 399.0]], "conversations": [{"role": "user", "content": [{"type": "image", "image": "/home/yrquni/Downloads/Unilab/PaDT/dataset/dataset_root/images/0009556.png"}, {"type": "text", "text": "画面右边竖直但有好多弯、几乎从上到下的裂缝"}]}, {"role": "assistant", "content": [{"type": "text", "text": "<|object_ref_start|><|box_start|><38><603><997><762><|box_end|><|point_start|><514><704><|point_end|>"}]}], "boxes": [{"bbox": [251.0, 16.0, 317.0, 415.0], "point": [293.0812894183602, 214.04578369539828], "phrase": "画面右边竖直但有好多弯、几乎从上到下的裂缝"}], "caption": "画面右边竖直但有好多弯、几乎从上到下的裂缝"}
14945375	{"image_id": "refcrack_0009556_0009556_01_0", "width": 416, "height": 416, "vrt_indices": [356, 385, 471, 500, 615, 644, 730, 759], "patch_points": [[116.0, 174.0], [114.0, 188.0], [102.0, 230.0], [100.0, 244.0], [87.0, 300.0], [86.0, 314.0], [75.0, 357.0], [74.0, 369.0]], "conversations": [{"role": "user", "content": [{"type": "image", "image": "/home/yrquni/Downloads/Unilab/PaDT/dataset/dataset_root/images/0009556.png"}, {"type": "text", "text": "左侧竖直的一条细裂缝"}]}, {"role": "assistant", "content": [{"type": "text", "text": "<|object_ref_start|><|box_start|><326><161><901><310><|box_end|><|point_start|><628><230><|point_end|>"}]}], "boxes": [{"bbox": [67.0, 136.0, 129.0, 375.0], "point": [96.0335429769392, 261.2667714884696], "phrase": "左侧竖直的一条细裂缝"}], "caption": "左侧竖直的一条细裂缝"}
14982553	{"image_id": "refcrack_0009556_0009556_01_1", "width": 416, "height": 416, "vrt_indices": [356, 385, 471, 500, 615, 644, 730, 759], "patch_points": [[116.0, 174.0], [114.0, 188.0], [102.0, 230.0], [100.0, 244.0], [87.0, 300.0], [86.0, 314.0], [75.0, 357.0], [74.0, 369.0]], "conversations": [{"role": "user", "content": [{"type": "image", "image": "/home/yrquni/Downloads/Unilab/PaDT/dataset/dataset_root/images/0009556.png"}, {"type": "text", "text": "靠左与横向暗纹相交的竖直裂缝"}]}, {"role": "assistant", "content": [{"type": "text", "text": "<|object_ref_start|><|box_start|><326><161><901><310><|box_end|><|point_start|><628><230><|point_end|>"}]}], "boxes": [{"bbox": [67.0, 136.0, 129.0, 375.0], "point": [96.0335429769392, 261.2667714884696], "phrase": "靠左与横向暗纹相交的竖直裂缝"}], "caption": "靠左与横向暗纹相交的竖直裂缝"}
15019731	{"image_id": "refcrack_0009557_0009557_00_0", "width": 416, "height": 416, "vrt_indices": [230, 231, 250, 251, 252, 253, 254], "patch_points": [[384.0, 103.0], [398.0, 101.0], [259.0, 117.0], [273.0, 117.0], [286.0, 115.0], [300.0, 114.0], [314.0, 113.0]], "conversations": [{"role": "user", "content": [{"type": "image", "image": "/home/yrquni/Downloads/Unilab/PaDT/dataset/dataset_root/images/0009557.png"}, {"type": "text", "text": "中上部横向的一道裂缝"}]}, {"role": "assistant", "content": [{"type": "text", "text": "<|object_ref_start|><|box_start|><233><475><310><975><|box_end|><|point_start|><271><727><|point_end|>"}]}], "boxes": [{"bbox": [198.0, 97.0, 406.0, 129.0], "point": [302.4634146341463, 112.84865540963102], "phrase": "中上部横向的一道裂缝"}], "caption": "中上部横向的一道裂缝"}
15055981	{"image_id": "refcrack_0009557_0009557_00_1", "width": 416, "height": 416, "vrt_indices": [230, 231, 250, 251, 252, 253, 254], "patch_points": [[384.0, 103.0], [398.0, 101.0], [259.0, 117.0], [273.0, 117.0], [286.0, 115.0], [300.0, 114.0], [314.0, 113.0]], "conversations": [{"role": "user", "content": [{"type": "image", "image": "/home/yrquni/Downloads/Unilab/PaDT/dataset/dataset_root/images/0009557.png"}, {"type": "text", "text": "波浪形裂缝上方的水平裂缝"}]}, {"role": "assistant", "content": [{"type": "text", "text": "<|object_ref_start|><|box_start|><233><475><310><975><|box_end|><|point_start|><271><727><|point_end|>"}]}], "boxes": [{"bbox": [198.0, 97.0, 406.0, 129.0], "point": [302.4634146341463, 112.84865540963102], "phrase": "波浪形裂缝上方的水平裂缝"}], "caption": "波浪形裂缝上方的水平裂缝"}
15092231	{"image_id": "refcrack_0009557_0009557_00_2", "width": 416, "height": 416, "vrt_indices": [230, 231, 250, 251, 252, 253, 254], "patch_points": [[384.0, 103.0], [398.0, 101.0], [259.0, 117.0], [273.0, 117.0], [286.0, 115.0], [300.0, 114.0], [314.0, 113.0]], "conversations": [{"role": "user", "content": [{"type": "image", "image": "/home/yrquni/Downloads/Unilab/PaDT/dataset/dataset_root/images/0009557.png"}, {"type": "text", "text": "横贯上半墙、线条笔直的裂缝"}]}, {"role": "assistant", "content": [{"type": "text", "text": "<|object_ref_start|><|box_start|><233><475><310><975><|box_end|><|point_start|><271><727><|point_end|>"}]}], "boxes": [{"bbox": [198.0, 97.0, 406.0, 129.0], "point": [302.4634146341463, 112.84865540963102], "phrase": "横贯上半墙、线条笔直的裂缝"}], "caption": "横贯上半墙、线条笔直的裂缝"}
15128481	{"image_id": "refcrack_0009557_0009557_00_3", "width": 416, "height": 416, "vrt_indices": [230, 231, 250, 251, 252, 253, 254], "patch_points": [[384.0, 103.0], [398.0, 101.0], [259.0, 117.0], [273.0, 117.0], [286.0, 115.0], [300.0, 114.0], [314.0, 113.0]], "conversations": [{"role": "user", "content": [{"type": "image", "image": "/home/yrquni/Downloads/Unilab/PaDT/dataset/dataset_root/images/0009557.png"}, {"type": "text", "text": "有些斑驳的墙面上，偏上的水平裂缝"}]}, {"role": "assistant", "content": [{"type": "text", "text": "<|object_ref_start|><|box_start|><233><475><310><975><|box_end|><|point_start|><271><727><|point_end|>"}]}], "boxes": [{"bbox": [198.0, 97.0, 406.0, 129.0], "point": [302.4634146341463, 112.84865540963102], "phrase": "有些斑驳的墙面上，偏上的水平裂缝"}], "caption": "有些斑驳的墙面上，偏上的水平裂缝"}
15164731	{"image_id": "refcrack_0009557_0009557_00_4", "width": 416, "height": 416, "vrt_indices": [230, 231, 250, 251, 252, 253, 254], "patch_points": [[384.0, 103.0], [398.0, 101.0], [259.0, 117.0], [273.0, 117.0], [286.0, 115.0], [300.0, 114.0], [314.0, 113.0]], "conversations": [{"role": "user", "content": [{"type": "image", "image": "/home/yrquni/Downloads/Unilab/PaDT/dataset/dataset_root/images/0009557.png"}, {"type": "text", "text": "中上部平行于墙面纹路、相对整齐的水平裂缝"}]}, {"role": "assistant", "content": [{"type": "text", "text": "<|object_ref_start|><|box_start|><233><475><310><975><|box_end|><|point_start|><271><727><|point_end|>"}]}], "boxes": [{"bbox": [198.0, 97.0, 406.0, 129.0], "point": [302.4634146341463, 112.84865540963102], "phrase": "中上部平行于墙面纹路、相对整齐的水平裂缝"}], "caption": "中上部平行于墙面纹路、相对整齐的水平裂缝"}
15200981	{"image_id": "refcrack_0009557_0009557_01_0", "width": 416, "height": 416, "vrt_indices": [610, 611, 614, 615, 616, 617, 618, 620, 621, 622, 630, 631, 637, 655, 656, 657, 658], "patch_points": [[20.0, 299.0], [34.0, 297.0], [76.0, 301.0], [91.0, 303.0], [105.0, 300.0], [118.0, 299.0], [132.0, 298.0], [160.0, 298.0], [175.0, 300.0], [188.0, 303.0], [300.0, 300.0], [314.0, 298.0], [399.0, 298.0], [244.0, 314.0], [258.0, 317.0], [273.0, 315.0], [285.0, 312.0]], "conversations": [{"role": "user", "content": [{"type": "image", "image": "/home/yrquni/Downloads/Unilab/PaDT/dataset/dataset_root/images/0009557.png"}, {"type": "text", "text": "横贯墙面的波浪状裂缝"}]}, {"role": "assistant", "content": [{"type": "text", "text": "<|object_ref_start|><|box_start|><689><19><774><997><|box_end|><|point_start|><723><517><|point_end|>"}]}], "boxes": [{"bbox": [8.0, 287.0, 415.0, 322.0], "point": [215.37814357567444, 300.9732510288066], "phrase": "横贯墙面的波浪状裂缝"}], "caption": "横贯墙面的波浪状裂缝"}
15237231	{"image_id": "refcrack_0009557_0009557_01_1", "width": 416, "height": 416, "vrt_indices": [610, 611, 614, 615, 616, 617, 618, 620, 621, 622, 630, 631, 637, 655, 656, 657, 658], "patch_points": [[20.0, 299.0], [34.0, 297.0], [76.0, 301.0], [91.0, 303.0], [105.0, 300.0], [118.0, 299.0], [132.0, 298.0], [160.0, 298.0], [175.0, 300.0], [188.0, 303.0], [300.0, 300.0], [314.0, 298.0], [399.0, 298.0], [244.0, 314.0], [258.0, 317.0], [273.0, 315.0], [285.0, 312.0]], "conversations": [{"role": "user", "content": [{"type": "image", "image": "/home/yrquni/Downloads/Unilab/PaDT/dataset/dataset_root/images/0009557.png"}, {"type": "text", "text": "图像下半部分的起伏弯曲裂缝"}]}, {"role": "assistant", "content": [{"type": "text", "text": "<|object_ref_start|><|box_start|><689><19><774><997><|box_end|><|point_start|><723><517><|point_end|>"}]}], "boxes": [{"bbox": [8.0, 287.0, 415.0, 322.0], "point": [215.37814357567444, 300.9732510288066], "phrase": "图像下半部分的起伏弯曲裂缝"}], "caption": "图像下半部分的起伏弯曲裂缝"}
15273481	{"image_id": "refcrack_0009557_0009557_01_2", "width": 416, "height": 416, "vrt_indices": [610, 611, 614, 615, 616, 617, 618, 620, 621, 622, 630, 631, 637, 655, 656, 657, 658], "patch_points": [[20.0, 299.0], [34.0, 297.0], [76.0, 301.0], [91.0, 303.0], [105.0, 300.0], [118.0, 299.0], [132.0, 298.0], [160.0, 298.0], [175.0, 300.0], [188.0, 303.0], [300.0, 300.0], [314.0, 298.0], [399.0, 298.0], [244.0, 314.0], [258.0, 317.0], [273.0, 315.0], [285.0, 312.0]], "conversations": [{"role": "user", "content": [{"type": "image", "image": "/home/yrquni/Downloads/Unilab/PaDT/dataset/dataset_root/images/0009557.png"}, {"type": "text", "text": "横向纹理下方的连续波浪裂缝"}]}, {"role": "assistant", "content": [{"type": "text", "text": "<|object_ref_start|><|box_start|><689><19><774><997><|box_end|><|point_start|><723><517><|point_end|>"}]}], "boxes": [{"bbox": [8.0, 287.0, 415.0, 322.0], "point": [215.37814357567444, 300.9732510288066], "phrase": "横向纹理下方的连续波浪裂缝"}], "caption": "横向纹理下方的连续波浪裂缝"}
15309731	{"image_id": "refcrack_0009557_0009557_01_3", "width": 416, "height": 416, "vrt_indices": [610, 611, 614, 615, 616, 617, 618, 620, 621, 622, 630, 631, 637, 655, 656, 657, 658], "patch_points": [[20.0, 299.0], [34.0, 297.0], [76.0, 301.0], [91.0, 303.0], [105.0, 300.0], [118.0, 299.0], [132.0, 298.0], [160.0, 298.0], [175.0, 300.0], [188.0, 303.0], [300.0, 300.0], [314.0, 298.0], [399.0, 298.0], [244.0, 314.0], [258.0, 317.0], [273.0, 315.0], [285.0, 312.0]], "conversations": [{"role": "user", "content": [{"type": "image", "image": "/home/yrquni/Downloads/Unilab/PaDT/dataset/dataset_root/images/0009557.png"}, {"type": "text", "text": "从左到右呈波浪形的墙面裂缝"}]}, {"role": "assistant", "content": [{"type": "text", "text": "<|object_ref_start|><|box_start|><689><19><774><997><|box_end|><|point_start|><723><517><|point_end|>"}]}], "boxes": [{"bbox": [8.0, 287.0, 415.0, 322.0], "point": [215.37814357567444, 300.9732510288066], "phrase": "从左到右呈波浪形的墙面裂缝"}], "caption": "从左到右呈波浪形的墙面裂缝"}
15345981	{"image_id": "refcrack_0009557_0009557_01_4", "width": 416, "height": 416, "vrt_indices": [610, 611, 614, 615, 616, 617, 618, 620, 621, 622, 630, 631, 637, 655, 656, 657, 658], "patch_points": [[20.0, 299.0], [34.0, 297.0], [76.0, 301.0], [91.0, 303.0], [105.0, 300.0], [118.0, 299.0], [132.0, 298.0], [160.0, 298.0], [175.0, 300.0], [188.0, 303.0], [300.0, 300.0], [314.0, 298.0], [399.0, 298.0], [244.0, 314.0], [258.0, 317.0], [273.0, 315.0], [285.0, 312.0]], "conversations": [{"role": "user", "content": [{"type": "image", "image": "/home/yrquni/Downloads/Unilab/PaDT/dataset/dataset_root/images/0009557.png"}, {"type": "text", "text": "墙面偏下区域水平曲折的裂缝"}]}, {"role": "assistant", "content": [{"type": "text", "text": "<|object_ref_start|><|box_start|><689><19><774><997><|box_end|><|point_start|><723><517><|point_end|>"}]}], "boxes": [{"bbox": [8.0, 287.0, 415.0, 322.0], "point": [215.37814357567444, 300.9732510288066], "phrase": "墙面偏下区域水平曲折的裂缝"}], "caption": "墙面偏下区域水平曲折的裂缝"}
15382231	{"image_id": "refcrack_0009558_0009558_00_1", "width": 416, "height": 416, "vrt_indices": [36, 65, 151, 180, 209, 295, 324, 353], "patch_points": [[101.0, 20.0], [100.0, 34.0], [87.0, 76.0], [86.0, 90.0], [85.0, 103.0], [73.0, 146.0], [72.0, 160.0], [71.0, 173.0]], "conversations": [{"role": "user", "content": [{"type": "image", "image": "/home/yrquni/Downloads/Unilab/PaDT/dataset/dataset_root/images/0009558.png"}, {"type": "text", "text": "横向灰线左边起点的竖直裂缝"}]}, {"role": "assistant", "content": [{"type": "text", "text": "<|object_ref_start|><|box_start|><0><153><432><259><|box_end|><|point_start|><214><204><|point_end|>"}]}], "boxes": [{"bbox": [64.0, 0.0, 108.0, 180.0], "point": [85.17614804660727, 89.16997943797121], "phrase": "横向灰线左边起点的竖直裂缝"}], "caption": "横向灰线左边起点的竖直裂缝"}
15415857	{"image_id": "refcrack_0009558_0009558_00_2", "width": 416, "height": 416, "vrt_indices": [36, 65, 151, 180, 209, 295, 324, 353], "patch_points": [[101.0, 20.0], [100.0, 34.0], [87.0, 76.0], [86.0, 90.0], [85.0, 103.0], [73.0, 146.0], [72.0, 160.0], [71.0, 173.0]], "conversations": [{"role": "user", "content": [{"type": "image", "image": "/home/yrquni/Downloads/Unilab/PaDT/dataset/dataset_root/images/0009558.png"}, {"type": "text", "text": "带细微划痕的墙面上，靠左笔直的裂缝"}]}, {"role": "assistant", "content": [{"type": "text", "text": "<|object_ref_start|><|box_start|><0><153><432><259><|box_end|><|point_start|><214><204><|point_end|>"}]}], "boxes": [{"bbox": [64.0, 0.0, 108.0, 180.0], "point": [85.17614804660727, 89.16997943797121], "phrase": "带细微划痕的墙面上，靠左笔直的裂缝"}], "caption": "带细微划痕的墙面上，靠左笔直的裂缝"}
15449483	{"image_id": "refcrack_0009558_0009558_01_1", "width": 416, "height": 416, "vrt_indices": [79, 108, 136, 165, 222, 251, 280, 309, 338, 367, 396, 424, 481, 510, 538, 566, 595, 652, 681, 710, 767, 824], "patch_points": [[299.0, 34.0], [298.0, 47.0], [287.0, 63.0], [284.0, 76.0], [274.0, 105.0], [271.0, 118.0], [269.0, 132.0], [270.0, 147.0], [273.0, 161.0], [274.0, 174.0], [271.0, 188.0], [259.0, 203.0], [246.0, 231.0], [242.0, 244.0], [230.0, 258.0], [218.0, 273.0], [215.0, 286.0], [205.0, 315.0], [203.0, 328.0], [201.0, 342.0], [187.0, 369.0], [176.0, 399.0]], "conversations": [{"role": "user", "content": [{"type": "image", "image": "/home/yrquni/Downloads/Unilab/PaDT/dataset/dataset_root/images/0009558.png"}, {"type": "text", "text": "墙面右侧上下贯通的曲折裂缝"}]}, {"role": "assistant", "content": [{"type": "text", "text": "<|object_ref_start|><|box_start|><33><406><995><733><|box_end|><|point_start|><509><586><|point_end|>"}]}], "boxes": [{"bbox": [169.0, 14.0, 305.0, 414.0], "point": [243.96172140430352, 211.91845979614948], "phrase": "墙面右侧上下贯通的曲折裂缝"}], "caption": "墙面右侧上下贯通的曲折裂缝"}
15483109	{"image_id": "refcrack_0009558_0009558_01_3", "width": 416, "height": 416, "vrt_indices": [79, 108, 136, 165, 222, 251, 280, 309, 338, 367, 396, 424, 481, 510, 538, 566, 595, 652, 681, 710, 767, 824], "patch_points": [[299.0, 34.0], [298.0, 47.0], [287.0, 63.0], [284.0, 76.0], [274.0, 105.0], [271.0, 118.0], [269.0, 132.0], [270.0, 147.0], [273.0, 161.0], [274.0, 174.0], [271.0, 188.0], [259.0, 203.0], [246.0, 231.0], [242.0, 244.0], [230.0, 258.0], [218.0, 273.0], [215.0, 286.0], [205.0, 315.0], [203.0, 328.0], [201.0, 342.0], [187.0, 369.0], [176.0, 399.0]], "conversations": [{"role": "user", "content": [{"type": "image", "image": "/home/yrquni/Downloads/Unilab/PaDT/dataset/dataset_root/images/0009558.png"}, {"type": "text", "text": "几乎从墙底到墙顶、线条起伏的裂缝"}]}, {"role": "assistant", "content": [{"type": "text", "text": "<|object_ref_start|><|box_start|><33><406><995><733><|box_end|><|point_start|><509><586><|point_end|>"}]}], "boxes": [{"bbox": [169.0, 14.0, 305.0, 414.0], "point": [243.96172140430352, 211.91845979614948], "phrase": "几乎从墙底到墙顶、线条起伏的裂缝"}], "caption": "几乎从墙底到墙顶、线条起伏的裂缝"}
15516735	{"image_id": "refcrack_0009568_0009568_00_0", "width": 416, "height": 416, "vrt_indices": [557, 586, 616, 646, 675, 676, 677, 703, 708, 732, 789, 817], "patch_points": [[86.0, 274.0], [90.0, 287.0], [101.0, 303.0], [117.0, 318.0], [118.0, 326.0], [132.0, 327.0], [146.0, 331.0], [103.0, 342.0], [172.0, 342.0], [101.0, 356.0], [88.0, 382.0], [75.0, 398.0]], "conversations": [{"role": "user", "content": [{"type": "image", "image": "/home/yrquni/Downloads/Unilab/PaDT/dataset/dataset_root/images/0009568.png"}, {"type": "text", "text": "左下角呈Y状分叉的裂缝"}]}, {"role": "assistant", "content": [{"type": "text", "text": "<|object_ref_start|><|box_start|><588><156><997><425><|box_end|><|point_start|><795><258><|point_end|>"}]}], "boxes": [{"bbox": [65.0, 245.0, 177.0, 415.0], "point": [107.62366092221704, 330.8812296227294], "phrase": "左下角呈Y状分叉的裂缝"}], "caption": "左下角呈Y状分叉的裂缝"}
15550805	{"image_id": "refcrack_0009568_0009568_00_1", "width": 416, "height": 416, "vrt_indices": [557, 586, 616, 646, 675, 676, 677, 703, 708, 732, 789, 817], "patch_points": [[86.0, 274.0], [90.0, 287.0], [101.0, 303.0], [117.0, 318.0], [118.0, 326.0], [132.0, 327.0], [146.0, 331.0], [103.0, 342.0], [172.0, 342.0], [101.0, 356.0], [88.0, 382.0], [75.0, 398.0]], "conversations": [{"role": "user", "content": [{"type": "image", "image": "/home/yrquni/Downloads/Unilab/PaDT/dataset/dataset_root/images/0009568.png"}, {"type": "text", "text": "左下部的三叉形短裂缝"}]}, {"role": "assistant", "content": [{"type": "text", "text": "<|object_ref_start|><|box_start|><588><156><997><425><|box_end|><|point_start|><795><258><|point_end|>"}]}], "boxes": [{"bbox": [65.0, 245.0, 177.0, 415.0], "point": [107.62366092221704, 330.8812296227294], "phrase": "左下部的三叉形短裂缝"}], "caption": "左下部的三叉形短裂缝"}
15584875	{"image_id": "refcrack_0009568_0009568_00_2", "width": 416, "height": 416, "vrt_indices": [557, 586, 616, 646, 675, 676, 677, 703, 708, 732, 789, 817], "patch_points": [[86.0, 274.0], [90.0, 287.0], [101.0, 303.0], [117.0, 318.0], [118.0, 326.0], [132.0, 327.0], [146.0, 331.0], [103.0, 342.0], [172.0, 342.0], [101.0, 356.0], [88.0, 382.0], [75.0, 398.0]], "conversations": [{"role": "user", "content": [{"type": "image", "image": "/home/yrquni/Downloads/Unilab/PaDT/dataset/dataset_root/images/0009568.png"}, {"type": "text", "text": "左下方从一个端点向三个方向延伸的裂缝"}]}, {"role": "assistant", "content": [{"type": "text", "text": "<|object_ref_start|><|box_start|><588><156><997><425><|box_end|><|point_start|><795><258><|point_end|>"}]}], "boxes": [{"bbox": [65.0, 245.0, 177.0, 415.0], "point": [107.62366092221704, 330.8812296227294], "phrase": "左下方从一个端点向三个方向延伸的裂缝"}], "caption": "左下方从一个端点向三个方向延伸的裂缝"}
15618945	{"image_id": "refcrack_0009568_0009568_01_2", "width": 416, "height": 416, "vrt_indices": [606, 635, 663, 720, 721, 722, 753, 777], "patch_points": [[374.0, 287.0], [370.0, 300.0], [357.0, 315.0], [343.0, 343.0], [356.0, 343.0], [370.0, 346.0], [399.0, 356.0], [329.0, 371.0]], "conversations": [{"role": "user", "content": [{"type": "image", "image": "/home/yrquni/Downloads/Unilab/PaDT/dataset/dataset_root/images/0009568.png"}, {"type": "text", "text": "右下角挺短还分叉的裂缝"}]}, {"role": "assistant", "content": [{"type": "text", "text": "<|object_ref_start|><|box_start|><644><762><963><997><|box_end|><|point_start|><821><865><|point_end|>"}]}], "boxes": [{"bbox": [317.0, 268.0, 415.0, 401.0], "point": [359.9860297431275, 341.7557458314556], "phrase": "右下角挺短还分叉的裂缝"}], "caption": "右下角挺短还分叉的裂缝"}
15653015	{"image_id": "refcrack_0009569_0009569_01_0", "width": 416, "height": 416, "vrt_indices": [586, 616, 645, 646, 673, 676, 677, 678, 679, 700, 756], "patch_points": [[90.0, 287.0], [102.0, 302.0], [104.0, 314.0], [118.0, 317.0], [90.0, 327.0], [133.0, 326.0], [146.0, 329.0], [160.0, 331.0], [174.0, 331.0], [62.0, 342.0], [35.0, 371.0]], "conversations": [{"role": "user", "content": [{"type": "image", "image": "/home/yrquni/Downloads/Unilab/PaDT/dataset/dataset_root/images/0009569.png"}, {"type": "text", "text": "左下方呈人字形的裂缝"}]}, {"role": "assistant", "content": [{"type": "text", "text": "<|object_ref_start|><|box_start|><620><43><913><447><|box_end|><|point_start|><777><230><|point_end|>"}]}], "boxes": [{"bbox": [18.0, 258.0, 186.0, 380.0], "point": [96.02175925925926, 323.49861111111113], "phrase": "左下方呈人字形的裂缝"}], "caption": "左下方呈人字形的裂缝"}
15687313	{"image_id": "refcrack_0009569_0009569_01_1", "width": 416, "height": 416, "vrt_indices": [586, 616, 645, 646, 673, 676, 677, 678, 679, 700, 756], "patch_points": [[90.0, 287.0], [102.0, 302.0], [104.0, 314.0], [118.0, 317.0], [90.0, 327.0], [133.0, 326.0], [146.0, 329.0], [160.0, 331.0], [174.0, 331.0], [62.0, 342.0], [35.0, 371.0]], "conversations": [{"role": "user", "content": [{"type": "image", "image": "/home/yrquni/Downloads/Unilab/PaDT/dataset/dataset_root/images/0009569.png"}, {"type": "text", "text": "左下角向三个方向延伸的裂缝"}]}, {"role": "assistant", "content": [{"type": "text", "text": "<|object_ref_start|><|box_start|><620><43><913><447><|box_end|><|point_start|><777><230><|point_end|>"}]}], "boxes": [{"bbox": [18.0, 258.0, 186.0, 380.0], "point": [96.02175925925926, 323.49861111111113], "phrase": "左下角向三个方向延伸的裂缝"}], "caption": "左下角向三个方向延伸的裂缝"}
15721611	{"image_id": "refcrack_0009569_0009569_01_4", "width": 416, "height": 416, "vrt_indices": [586, 616, 645, 646, 673, 676, 677, 678, 679, 700, 756], "patch_points": [[90.0, 287.0], [102.0, 302.0], [104.0, 314.0], [118.0, 317.0], [90.0, 327.0], [133.0, 326.0], [146.0, 329.0], [160.0, 331.0], [174.0, 331.0], [62.0, 342.0], [35.0, 371.0]], "conversations": [{"role": "user", "content": [{"type": "image", "image": "/home/yrquni/Downloads/Unilab/PaDT/dataset/dataset_root/images/0009569.png"}, {"type": "text", "text": "左下角附近形似分叉树枝的裂缝"}]}, {"role": "assistant", "content": [{"type": "text", "text": "<|object_ref_start|><|box_start|><620><43><913><447><|box_end|><|point_start|><777><230><|point_end|>"}]}], "boxes": [{"bbox": [18.0, 258.0, 186.0, 380.0], "point": [96.02175925925926, 323.49861111111113], "phrase": "左下角附近形似分叉树枝的裂缝"}], "caption": "左下角附近形似分叉树枝的裂缝"}
15755909	{"image_id": "refcrack_0009570_0009570_01_0", "width": 416, "height": 416, "vrt_indices": [499, 528, 557, 583, 584, 585, 611, 618, 638, 649], "patch_points": [[87.0, 246.0], [89.0, 259.0], [91.0, 273.0], [48.0, 286.0], [62.0, 285.0], [76.0, 283.0], [31.0, 297.0], [131.0, 302.0], [6.0, 312.0], [161.0, 313.0]], "conversations": [{"role": "user", "content": [{"type": "image", "image": "/home/yrquni/Downloads/Unilab/PaDT/dataset/dataset_root/images/0009570.png"}, {"type": "text", "text": "左下方呈三叉状的裂缝"}]}, {"role": "assistant", "content": [{"type": "text", "text": "<|object_ref_start|><|box_start|><500><0><769><406><|box_end|><|point_start|><671><204><|point_end|>"}]}], "boxes": [{"bbox": [0.0, 208.0, 169.0, 320.0], "point": [84.91422018348624, 279.4275229357798], "phrase": "左下方呈三叉状的裂缝"}], "caption": "左下方呈三叉状的裂缝"}
15789751	{"image_id": "refcrack_0009570_0009570_01_1", "width": 416, "height": 416, "vrt_indices": [499, 528, 557, 583, 584, 585, 611, 618, 638, 649], "patch_points": [[87.0, 246.0], [89.0, 259.0], [91.0, 273.0], [48.0, 286.0], [62.0, 285.0], [76.0, 283.0], [31.0, 297.0], [131.0, 302.0], [6.0, 312.0], [161.0, 313.0]], "conversations": [{"role": "user", "content": [{"type": "image", "image": "/home/yrquni/Downloads/Unilab/PaDT/dataset/dataset_root/images/0009570.png"}, {"type": "text", "text": "左下角主缝分出两条斜支的裂缝"}]}, {"role": "assistant", "content": [{"type": "text", "text": "<|object_ref_start|><|box_start|><500><0><769><406><|box_end|><|point_start|><671><204><|point_end|>"}]}], "boxes": [{"bbox": [0.0, 208.0, 169.0, 320.0], "point": [84.91422018348624, 279.4275229357798], "phrase": "左下角主缝分出两条斜支的裂缝"}], "caption": "左下角主缝分出两条斜支的裂缝"}
15823593	{"image_id": "refcrack_0009570_0009570_01_2", "width": 416, "height": 416, "vrt_indices": [499, 528, 557, 583, 584, 585, 611, 618, 638, 649], "patch_points": [[87.0, 246.0], [89.0, 259.0], [91.0, 273.0], [48.0, 286.0], [62.0, 285.0], [76.0, 283.0], [31.0, 297.0], [131.0, 302.0], [6.0, 312.0], [161.0, 313.0]], "conversations": [{"role": "user", "content": [{"type": "image", "image": "/home/yrquni/Downloads/Unilab/PaDT/dataset/dataset_root/images/0009570.png"}, {"type": "text", "text": "左半区域的Y形裂缝"}]}, {"role": "assistant", "content": [{"type": "text", "text": "<|object_ref_start|><|box_start|><500><0><769><406><|box_end|><|point_start|><671><204><|point_end|>"}]}], "boxes": [{"bbox": [0.0, 208.0, 169.0, 320.0], "point": [84.91422018348624, 279.4275229357798], "phrase": "左半区域的Y形裂缝"}], "caption": "左半区域的Y形裂缝"}
15857435	{"image_id": "refcrack_0009586_0009586_00_0", "width": 416, "height": 416, "vrt_indices": [15, 44, 72, 155, 214, 273, 302, 331, 360, 448, 508, 536, 566, 625, 655, 684, 743, 772, 773, 802], "patch_points": [[216.0, 7.0], [212.0, 16.0], [197.0, 29.0], [148.0, 76.0], [161.0, 104.0], [172.0, 133.0], [175.0, 147.0], [173.0, 161.0], [176.0, 175.0], [188.0, 216.0], [213.0, 243.0], [200.0, 257.0], [214.0, 275.0], [230.0, 301.0], [244.0, 315.0], [247.0, 329.0], [259.0, 356.0], [261.0, 370.0], [272.0, 370.0], [270.0, 384.0]], "conversations": [{"role": "user", "content": [{"type": "image", "image": "/home/yrquni/Downloads/Unilab/PaDT/dataset/dataset_root/images/0009586.png"}, {"type": "text", "text": "中间偏右上下贯通的长裂缝"}]}, {"role": "assistant", "content": [{"type": "text", "text": "<|object_ref_start|><|box_start|><0><343><983><689><|box_end|><|point_start|><520><503><|point_end|>"}]}], "boxes": [{"bbox": [143.0, 0.0, 287.0, 409.0], "point": [209.63727618014107, 216.70048833423766], "phrase": "中间偏右上下贯通的长裂缝"}], "caption": "中间偏右上下贯通的长裂缝"}
15899345	{"image_id": "refcrack_0009586_0009586_01_0", "width": 416, "height": 416, "vrt_indices": [183, 211, 239, 268, 326, 354, 383, 469, 525, 611, 640, 670, 700, 730, 818], "patch_points": [[128.0, 86.0], [115.0, 100.0], [101.0, 119.0], [105.0, 132.0], [102.0, 158.0], [89.0, 174.0], [85.0, 185.0], [72.0, 229.0], [45.0, 257.0], [31.0, 300.0], [32.0, 315.0], [48.0, 330.0], [62.0, 343.0], [74.0, 356.0], [86.0, 400.0]], "conversations": [{"role": "user", "content": [{"type": "image", "image": "/home/yrquni/Downloads/Unilab/PaDT/dataset/dataset_root/images/0009586.png"}, {"type": "text", "text": "左边那条弯弯绕绕的裂缝"}]}, {"role": "assistant", "content": [{"type": "text", "text": "<|object_ref_start|><|box_start|><165><62><997><338><|box_end|><|point_start|><591><183><|point_end|>"}]}], "boxes": [{"bbox": [26.0, 69.0, 141.0, 415.0], "point": [76.13253768844221, 246.0891959798995], "phrase": "左边那条弯弯绕绕的裂缝"}], "caption": "左边那条弯弯绕绕的裂缝"}
15941255	{"image_id": "refcrack_0009587_0009587_00_4", "width": 416, "height": 416, "vrt_indices": [5, 34, 63, 120, 176, 234, 263, 322, 353, 382, 470, 500, 587, 647, 677], "patch_points": [[73.0, 5.0], [70.0, 19.0], [70.0, 34.0], [57.0, 57.0], [28.0, 85.0], [30.0, 120.0], [33.0, 133.0], [48.0, 161.0], [72.0, 176.0], [76.0, 188.0], [90.0, 231.0], [102.0, 246.0], [102.0, 286.0], [129.0, 318.0], [143.0, 330.0]], "conversations": [{"role": "user", "content": [{"type": "image", "image": "/home/yrquni/Downloads/Unilab/PaDT/dataset/dataset_root/images/0009587.png"}, {"type": "text", "text": "靠近左边缘、呈波浪形向下延伸的裂缝"}]}, {"role": "assistant", "content": [{"type": "text", "text": "<|object_ref_start|><|box_start|><0><45><810><350><|box_end|><|point_start|><405><171><|point_end|>"}]}], "boxes": [{"bbox": [19.0, 0.0, 146.0, 337.0], "point": [71.51646985705408, 168.8819142324425], "phrase": "靠近左边缘、呈波浪形向下延伸的裂缝"}], "caption": "靠近左边缘、呈波浪形向下延伸的裂缝"}
15985133	{"image_id": "refcrack_0009588_0009588_00_0", "width": 416, "height": 416, "vrt_indices": [404, 459, 465, 466, 484, 485, 487, 496, 512, 515, 526, 540, 556, 563, 564, 565, 566, 567, 590, 616, 617], "patch_points": [[384.0, 185.0], [342.0, 217.0], [21.0, 227.0], [34.0, 232.0], [286.0, 228.0], [301.0, 230.0], [328.0, 230.0], [46.0, 246.0], [270.0, 245.0], [315.0, 244.0], [62.0, 263.0], [258.0, 259.0], [75.0, 273.0], [174.0, 273.0], [189.0, 271.0], [203.0, 273.0], [216.0, 270.0], [230.0, 269.0], [146.0, 284.0], [105.0, 302.0], [118.0, 298.0]], "conversations": [{"role": "user", "content": [{"type": "image", "image": "/home/yrquni/Downloads/Unilab/PaDT/dataset/dataset_root/images/0009588.png"}, {"type": "text", "text": "从左边一直延伸到右边的曲折裂缝"}]}, {"role": "assistant", "content": [{"type": "text", "text": "<|object_ref_start|><|box_start|><415><0><740><995><|box_end|><|point_start|><597><499><|point_end|>"}]}], "boxes": [{"bbox": [0.0, 173.0, 414.0, 308.0], "point": [207.78338974225463, 248.73991148138506], "phrase": "从左边一直延伸到右边的曲折裂缝"}], "caption": "从左边一直延伸到右边的曲折裂缝"}
16024723	{"image_id": "refcrack_0009588_0009588_00_4", "width": 416, "height": 416, "vrt_indices": [404, 459, 465, 466, 484, 485, 487, 496, 512, 515, 526, 540, 556, 563, 564, 565, 566, 567, 590, 616, 617], "patch_points": [[384.0, 185.0], [342.0, 217.0], [21.0, 227.0], [34.0, 232.0], [286.0, 228.0], [301.0, 230.0], [328.0, 230.0], [46.0, 246.0], [270.0, 245.0], [315.0, 244.0], [62.0, 263.0], [258.0, 259.0], [75.0, 273.0], [174.0, 273.0], [189.0, 271.0], [203.0, 273.0], [216.0, 270.0], [230.0, 269.0], [146.0, 284.0], [105.0, 302.0], [118.0, 298.0]], "conversations": [{"role": "user", "content": [{"type": "image", "image": "/home/yrquni/Downloads/Unilab/PaDT/dataset/dataset_root/images/0009588.png"}, {"type": "text", "text": "墙面上方那条连贯且带起伏的长裂缝"}]}, {"role": "assistant", "content": [{"type": "text", "text": "<|object_ref_start|><|box_start|><415><0><740><995><|box_end|><|point_start|><597><499><|point_end|>"}]}], "boxes": [{"bbox": [0.0, 173.0, 414.0, 308.0], "point": [207.78338974225463, 248.73991148138506], "phrase": "墙面上方那条连贯且带起伏的长裂缝"}], "caption": "墙面上方那条连贯且带起伏的长裂缝"}
16064313	{"image_id": "refcrack_0009589_0009589_00_0", "width": 416, "height": 416, "vrt_indices": [320, 321, 326, 356, 386, 387, 417, 418, 419, 424, 451, 454, 455, 456], "patch_points": [[21.0, 157.0], [34.0, 156.0], [104.0, 161.0], [118.0, 175.0], [133.0, 187.0], [145.0, 190.0], [161.0, 202.0], [174.0, 201.0], [189.0, 202.0], [259.0, 204.0], [230.0, 212.0], [274.0, 213.0], [286.0, 213.0], [299.0, 213.0]], "conversations": [{"role": "user", "content": [{"type": "image", "image": "/home/yrquni/Downloads/Unilab/PaDT/dataset/dataset_root/images/0009589.png"}, {"type": "text", "text": "上半区域横向弯弯曲曲的长裂缝"}]}, {"role": "assistant", "content": [{"type": "text", "text": "<|object_ref_start|><|box_start|><319><14><521><737><|box_end|><|point_start|><441><361><|point_end|>"}]}], "boxes": [{"bbox": [6.0, 133.0, 307.0, 217.0], "point": [150.26343949044585, 183.4644585987261], "phrase": "上半区域横向弯弯曲曲的长裂缝"}], "caption": "上半区域横向弯弯曲曲的长裂缝"}
16083939	{"image_id": "refcrack_0009589_0009589_00_4", "width": 416, "height": 416, "vrt_indices": [320, 321, 326, 356, 386, 387, 417, 418, 419, 424, 451, 454, 455, 456], "patch_points": [[21.0, 157.0], [34.0, 156.0], [104.0, 161.0], [118.0, 175.0], [133.0, 187.0], [145.0, 190.0], [161.0, 202.0], [174.0, 201.0], [189.0, 202.0], [259.0, 204.0], [230.0, 212.0], [274.0, 213.0], [286.0, 213.0], [299.0, 213.0]], "conversations": [{"role": "user", "content": [{"type": "image", "image": "/home/yrquni/Downloads/Unilab/PaDT/dataset/dataset_root/images/0009589.png"}, {"type": "text", "text": "画面上半、走势平缓但边缘凹凸的裂缝"}]}, {"role": "assistant", "content": [{"type": "text", "text": "<|object_ref_start|><|box_start|><319><14><521><737><|box_end|><|point_start|><441><361><|point_end|>"}]}], "boxes": [{"bbox": [6.0, 133.0, 307.0, 217.0], "point": [150.26343949044585, 183.4644585987261], "phrase": "画面上半、走势平缓但边缘凹凸的裂缝"}], "caption": "画面上半、走势平缓但边缘凹凸的裂缝"}
16103565	{"image_id": "refcrack_0009590_0009590_00_1", "width": 416, "height": 416, "vrt_indices": [17, 45, 74, 133, 220, 248, 277, 306, 364, 393, 422, 451, 481, 510, 539, 568, 598], "patch_points": [[243.0, 3.0], [230.0, 21.0], [232.0, 34.0], [245.0, 62.0], [243.0, 104.0], [231.0, 119.0], [230.0, 132.0], [228.0, 146.0], [230.0, 175.0], [230.0, 188.0], [230.0, 203.0], [232.0, 216.0], [242.0, 232.0], [247.0, 244.0], [246.0, 259.0], [247.0, 272.0], [255.0, 287.0]], "conversations": [{"role": "user", "content": [{"type": "image", "image": "/home/yrquni/Downloads/Unilab/PaDT/dataset/dataset_root/images/0009590.png"}, {"type": "text", "text": "中上部带曲折的竖直长缝"}]}, {"role": "assistant", "content": [{"type": "text", "text": "<|object_ref_start|><|box_start|><0><519><704><622><|box_end|><|point_start|><334><568><|point_end|>"}]}], "boxes": [{"bbox": [216.0, 0.0, 259.0, 293.0], "point": [236.53202507495232, 139.0013627691469], "phrase": "中上部带曲折的竖直长缝"}], "caption": "中上部带曲折的竖直长缝"}
16124623	{"image_id": "refcrack_0009590_0009590_00_4", "width": 416, "height": 416, "vrt_indices": [17, 45, 74, 133, 220, 248, 277, 306, 364, 393, 422, 451, 481, 510, 539, 568, 598], "patch_points": [[243.0, 3.0], [230.0, 21.0], [232.0, 34.0], [245.0, 62.0], [243.0, 104.0], [231.0, 119.0], [230.0, 132.0], [228.0, 146.0], [230.0, 175.0], [230.0, 188.0], [230.0, 203.0], [232.0, 216.0], [242.0, 232.0], [247.0, 244.0], [246.0, 259.0], [247.0, 272.0], [255.0, 287.0]], "conversations": [{"role": "user", "content": [{"type": "image", "image": "/home/yrquni/Downloads/Unilab/PaDT/dataset/dataset_root/images/0009590.png"}, {"type": "text", "text": "比下方细缝长且曲折更明显的裂缝"}]}, {"role": "assistant", "content": [{"type": "text", "text": "<|object_ref_start|><|box_start|><0><519><704><622><|box_end|><|point_start|><334><568><|point_end|>"}]}], "boxes": [{"bbox": [216.0, 0.0, 259.0, 293.0], "point": [236.53202507495232, 139.0013627691469], "phrase": "比下方细缝长且曲折更明显的裂缝"}], "caption": "比下方细缝长且曲折更明显的裂缝"}
16145681	{"image_id": "refcrack_0009591_0009591_00_0", "width": 416, "height": 416, "vrt_indices": [74, 75, 131, 160, 188, 217, 245, 274, 303], "patch_points": [[230.0, 33.0], [241.0, 31.0], [215.0, 62.0], [214.0, 76.0], [201.0, 90.0], [197.0, 103.0], [190.0, 118.0], [186.0, 132.0], [185.0, 146.0]], "conversations": [{"role": "user", "content": [{"type": "image", "image": "/home/yrquni/Downloads/Unilab/PaDT/dataset/dataset_root/images/0009591.png"}, {"type": "text", "text": "上方的短曲折裂缝"}]}, {"role": "assistant", "content": [{"type": "text", "text": "<|object_ref_start|><|box_start|><9><430><365><622><|box_end|><|point_start|><177><508><|point_end|>"}]}], "boxes": [{"bbox": [179.0, 4.0, 259.0, 152.0], "point": [211.4064417177914, 73.79141104294479], "phrase": "上方的短曲折裂缝"}], "caption": "上方的短曲折裂缝"}
16166623	{"image_id": "refcrack_0009591_0009591_00_4", "width": 416, "height": 416, "vrt_indices": [74, 75, 131, 160, 188, 217, 245, 274, 303], "patch_points": [[230.0, 33.0], [241.0, 31.0], [215.0, 62.0], [214.0, 76.0], [201.0, 90.0], [197.0, 103.0], [190.0, 118.0], [186.0, 132.0], [185.0, 146.0]], "conversations": [{"role": "user", "content": [{"type": "image", "image": "/home/yrquni/Downloads/Unilab/PaDT/dataset/dataset_root/images/0009591.png"}, {"type": "text", "text": "画面上部、线条弯弯的短裂缝"}]}, {"role": "assistant", "content": [{"type": "text", "text": "<|object_ref_start|><|box_start|><9><430><365><622><|box_end|><|point_start|><177><508><|point_end|>"}]}], "boxes": [{"bbox": [179.0, 4.0, 259.0, 152.0], "point": [211.4064417177914, 73.79141104294479], "phrase": "画面上部、线条弯弯的短裂缝"}], "caption": "画面上部、线条弯弯的短裂缝"}
16187565	{"image_id": "refcrack_0009591_0009591_01_0", "width": 416, "height": 416, "vrt_indices": [336, 364, 393, 422, 450, 507, 536, 565, 593, 622, 652, 681, 710, 797, 825], "patch_points": [[241.0, 159.0], [231.0, 174.0], [230.0, 188.0], [227.0, 200.0], [214.0, 215.0], [202.0, 245.0], [202.0, 258.0], [200.0, 272.0], [189.0, 286.0], [191.0, 300.0], [198.0, 315.0], [199.0, 329.0], [202.0, 343.0], [202.0, 384.0], [191.0, 399.0]], "conversations": [{"role": "user", "content": [{"type": "image", "image": "/home/yrquni/Downloads/Unilab/PaDT/dataset/dataset_root/images/0009591.png"}, {"type": "text", "text": "中间偏下的一道弯曲长裂缝"}]}, {"role": "assistant", "content": [{"type": "text", "text": "<|object_ref_start|><|box_start|><353><425><997><593><|box_end|><|point_start|><677><494><|point_end|>"}]}], "boxes": [{"bbox": [177.0, 147.0, 247.0, 415.0], "point": [205.60344827586206, 281.83505747126435], "phrase": "中间偏下的一道弯曲长裂缝"}], "caption": "中间偏下的一道弯曲长裂缝"}
16208507	{"image_id": "refcrack_0009591_0009591_01_3", "width": 416, "height": 416, "vrt_indices": [336, 364, 393, 422, 450, 507, 536, 565, 593, 622, 652, 681, 710, 797, 825], "patch_points": [[241.0, 159.0], [231.0, 174.0], [230.0, 188.0], [227.0, 200.0], [214.0, 215.0], [202.0, 245.0], [202.0, 258.0], [200.0, 272.0], [189.0, 286.0], [191.0, 300.0], [198.0, 315.0], [199.0, 329.0], [202.0, 343.0], [202.0, 384.0], [191.0, 399.0]], "conversations": [{"role": "user", "content": [{"type": "image", "image": "/home/yrquni/Downloads/Unilab/PaDT/dataset/dataset_root/images/0009591.png"}, {"type": "text", "text": "从底部一直弯到中上部的裂缝"}]}, {"role": "assistant", "content": [{"type": "text", "text": "<|object_ref_start|><|box_start|><353><425><997><593><|box_end|><|point_start|><677><494><|point_end|>"}]}], "boxes": [{"bbox": [177.0, 147.0, 247.0, 415.0], "point": [205.60344827586206, 281.83505747126435], "phrase": "从底部一直弯到中上部的裂缝"}], "caption": "从底部一直弯到中上部的裂缝"}
16229449	{"image_id": "refcrack_0009591_0009591_01_4", "width": 416, "height": 416, "vrt_indices": [336, 364, 393, 422, 450, 507, 536, 565, 593, 622, 652, 681, 710, 797, 825], "patch_points": [[241.0, 159.0], [231.0, 174.0], [230.0, 188.0], [227.0, 200.0], [214.0, 215.0], [202.0, 245.0], [202.0, 258.0], [200.0, 272.0], [189.0, 286.0], [191.0, 300.0], [198.0, 315.0], [199.0, 329.0], [202.0, 343.0], [202.0, 384.0], [191.0, 399.0]], "conversations": [{"role": "user", "content": [{"type": "image", "image": "/home/yrquni/Downloads/Unilab/PaDT/dataset/dataset_root/images/0009591.png"}, {"type": "text", "text": "中下部，线条连续波浪状的裂缝"}]}, {"role": "assistant", "content": [{"type": "text", "text": "<|object_ref_start|><|box_start|><353><425><997><593><|box_end|><|point_start|><677><494><|point_end|>"}]}], "boxes": [{"bbox": [177.0, 147.0, 247.0, 415.0], "point": [205.60344827586206, 281.83505747126435], "phrase": "中下部，线条连续波浪状的裂缝"}], "caption": "中下部，线条连续波浪状的裂缝"}
16250391	{"image_id": "refcrack_0009595_0009595_00_0", "width": 416, "height": 416, "vrt_indices": [205, 206, 207, 208, 240, 241, 272, 303, 304, 305, 335, 336, 370, 371, 403, 404], "patch_points": [[35.0, 100.0], [49.0, 100.0], [63.0, 102.0], [76.0, 105.0], [119.0, 115.0], [133.0, 119.0], [161.0, 131.0], [189.0, 144.0], [203.0, 145.0], [216.0, 147.0], [232.0, 157.0], [244.0, 161.0], [315.0, 172.0], [329.0, 174.0], [371.0, 185.0], [385.0, 188.0]], "conversations": [{"role": "user", "content": [{"type": "image", "image": "/home/yrquni/Downloads/Unilab/PaDT/dataset/dataset_root/images/0009595.png"}, {"type": "text", "text": "上半部分横向拉通的一条裂缝"}]}, {"role": "assistant", "content": [{"type": "text", "text": "<|object_ref_start|><|box_start|><216><48><483><997><|box_end|><|point_start|><345><503><|point_end|>"}]}], "boxes": [{"bbox": [20.0, 90.0, 415.0, 201.0], "point": [209.5330490405117, 143.68534876637221], "phrase": "上半部分横向拉通的一条裂缝"}], "caption": "上半部分横向拉通的一条裂缝"}
16281437	{"image_id": "refcrack_0009595_0009595_00_4", "width": 416, "height": 416, "vrt_indices": [205, 206, 207, 208, 240, 241, 272, 303, 304, 305, 335, 336, 370, 371, 403, 404], "patch_points": [[35.0, 100.0], [49.0, 100.0], [63.0, 102.0], [76.0, 105.0], [119.0, 115.0], [133.0, 119.0], [161.0, 131.0], [189.0, 144.0], [203.0, 145.0], [216.0, 147.0], [232.0, 157.0], [244.0, 161.0], [315.0, 172.0], [329.0, 174.0], [371.0, 185.0], [385.0, 188.0]], "conversations": [{"role": "user", "content": [{"type": "image", "image": "/home/yrquni/Downloads/Unilab/PaDT/dataset/dataset_root/images/0009595.png"}, {"type": "text", "text": "横向穿过画面上方、和下部裂缝上下对齐的裂缝"}]}, {"role": "assistant", "content": [{"type": "text", "text": "<|object_ref_start|><|box_start|><216><48><483><997><|box_end|><|point_start|><345><503><|point_end|>"}]}], "boxes": [{"bbox": [20.0, 90.0, 415.0, 201.0], "point": [209.5330490405117, 143.68534876637221], "phrase": "横向穿过画面上方、和下部裂缝上下对齐的裂缝"}], "caption": "横向穿过画面上方、和下部裂缝上下对齐的裂缝"}
16312483	{"image_id": "refcrack_0009595_0009595_01_3", "width": 416, "height": 416, "vrt_indices": [350, 381, 382, 415, 416, 417, 418, 419, 420, 421, 422, 424, 425, 426, 427, 428, 429, 463], "patch_points": [[35.0, 173.0], [64.0, 186.0], [76.0, 189.0], [132.0, 199.0], [146.0, 199.0], [160.0, 199.0], [174.0, 199.0], [189.0, 200.0], [203.0, 201.0], [216.0, 203.0], [230.0, 204.0], [259.0, 203.0], [272.0, 202.0], [287.0, 201.0], [300.0, 200.0], [314.0, 200.0], [329.0, 201.0], [399.0, 214.0]], "conversations": [{"role": "user", "content": [{"type": "image", "image": "/home/yrquni/Downloads/Unilab/PaDT/dataset/dataset_root/images/0009595.png"}, {"type": "text", "text": "比上方细裂缝更宽且连续的横向裂缝"}]}, {"role": "assistant", "content": [{"type": "text", "text": "<|object_ref_start|><|box_start|><382><9><533><997><|box_end|><|point_start|><473><489><|point_end|>"}]}], "boxes": [{"bbox": [4.0, 159.0, 415.0, 222.0], "point": [203.46115654205607, 196.9783878504673], "phrase": "比上方细裂缝更宽且连续的横向裂缝"}], "caption": "比上方细裂缝更宽且连续的横向裂缝"}
16343529	{"image_id": "refcrack_0009595_0009595_01_4", "width": 416, "height": 416, "vrt_indices": [350, 381, 382, 415, 416, 417, 418, 419, 420, 421, 422, 424, 425, 426, 427, 428, 429, 463], "patch_points": [[35.0, 173.0], [64.0, 186.0], [76.0, 189.0], [132.0, 199.0], [146.0, 199.0], [160.0, 199.0], [174.0, 199.0], [189.0, 200.0], [203.0, 201.0], [216.0, 203.0], [230.0, 204.0], [259.0, 203.0], [272.0, 202.0], [287.0, 201.0], [300.0, 200.0], [314.0, 200.0], [329.0, 201.0], [399.0, 214.0]], "conversations": [{"role": "user", "content": [{"type": "image", "image": "/home/yrquni/Downloads/Unilab/PaDT/dataset/dataset_root/images/0009595.png"}, {"type": "text", "text": "沿着棕色纹理层上沿延伸的裂缝"}]}, {"role": "assistant", "content": [{"type": "text", "text": "<|object_ref_start|><|box_start|><382><9><533><997><|box_end|><|point_start|><473><489><|point_end|>"}]}], "boxes": [{"bbox": [4.0, 159.0, 415.0, 222.0], "point": [203.46115654205607, 196.9783878504673], "phrase": "沿着棕色纹理层上沿延伸的裂缝"}], "caption": "沿着棕色纹理层上沿延伸的裂缝"}
16374575	{"image_id": "refcrack_0009596_0009596_00_0", "width": 416, "height": 416, "vrt_indices": [17, 76, 105, 134, 222, 251, 280, 309, 367, 426, 455, 484, 543, 572, 631, 660, 777, 806], "patch_points": [[248.0, 6.0], [256.0, 34.0], [257.0, 48.0], [261.0, 63.0], [269.0, 104.0], [271.0, 119.0], [273.0, 132.0], [274.0, 146.0], [275.0, 175.0], [286.0, 202.0], [289.0, 216.0], [290.0, 230.0], [300.0, 259.0], [304.0, 272.0], [314.0, 300.0], [317.0, 314.0], [327.0, 371.0], [328.0, 385.0]], "conversations": [{"role": "user", "content": [{"type": "image", "image": "/home/yrquni/Downloads/Unilab/PaDT/dataset/dataset_root/images/0009596.png"}, {"type": "text", "text": "右侧竖直的一道长裂缝"}]}, {"role": "assistant", "content": [{"type": "text", "text": "<|object_ref_start|><|box_start|><0><584><951><802><|box_end|><|point_start|><490><694><|point_end|>"}]}], "boxes": [{"bbox": [243.0, 0.0, 334.0, 396.0], "point": [289.1033728919425, 204.10493441599002], "phrase": "右侧竖直的一道长裂缝"}], "caption": "右侧竖直的一道长裂缝"}
16404761	{"image_id": "refcrack_0009596_0009596_01_0", "width": 416, "height": 416, "vrt_indices": [45, 74, 220, 249, 278, 393, 422, 451, 596, 742, 830], "patch_points": [[230.0, 20.0], [232.0, 35.0], [241.0, 104.0], [241.0, 119.0], [240.0, 132.0], [232.0, 189.0], [232.0, 202.0], [233.0, 216.0], [232.0, 287.0], [243.0, 357.0], [256.0, 399.0]], "conversations": [{"role": "user", "content": [{"type": "image", "image": "/home/yrquni/Downloads/Unilab/PaDT/dataset/dataset_root/images/0009596.png"}, {"type": "text", "text": "挨着中间深色条纹的长曲折裂缝"}]}, {"role": "assistant", "content": [{"type": "text", "text": "<|object_ref_start|><|box_start|><0><536><985><629><|box_end|><|point_start|><507><569><|point_end|>"}]}], "boxes": [{"bbox": [223.0, 0.0, 262.0, 410.0], "point": [237.0674089678002, 211.0207643695456], "phrase": "挨着中间深色条纹的长曲折裂缝"}], "caption": "挨着中间深色条纹的长曲折裂缝"}
16434947	{"image_id": "refcrack_0009596_0009596_01_1", "width": 416, "height": 416, "vrt_indices": [45, 74, 220, 249, 278, 393, 422, 451, 596, 742, 830], "patch_points": [[230.0, 20.0], [232.0, 35.0], [241.0, 104.0], [241.0, 119.0], [240.0, 132.0], [232.0, 189.0], [232.0, 202.0], [233.0, 216.0], [232.0, 287.0], [243.0, 357.0], [256.0, 399.0]], "conversations": [{"role": "user", "content": [{"type": "image", "image": "/home/yrquni/Downloads/Unilab/PaDT/dataset/dataset_root/images/0009596.png"}, {"type": "text", "text": "从图顶延伸到底、靠深色带的裂缝"}]}, {"role": "assistant", "content": [{"type": "text", "text": "<|object_ref_start|><|box_start|><0><536><985><629><|box_end|><|point_start|><507><569><|point_end|>"}]}], "boxes": [{"bbox": [223.0, 0.0, 262.0, 410.0], "point": [237.0674089678002, 211.0207643695456], "phrase": "从图顶延伸到底、靠深色带的裂缝"}], "caption": "从图顶延伸到底、靠深色带的裂缝"}
16465133	{"image_id": "refcrack_0009596_0009596_01_2", "width": 416, "height": 416, "vrt_indices": [45, 74, 220, 249, 278, 393, 422, 451, 596, 742, 830], "patch_points": [[230.0, 20.0], [232.0, 35.0], [241.0, 104.0], [241.0, 119.0], [240.0, 132.0], [232.0, 189.0], [232.0, 202.0], [233.0, 216.0], [232.0, 287.0], [243.0, 357.0], [256.0, 399.0]], "conversations": [{"role": "user", "content": [{"type": "image", "image": "/home/yrquni/Downloads/Unilab/PaDT/dataset/dataset_root/images/0009596.png"}, {"type": "text", "text": "比右侧细缝更曲折、紧邻深色区域的裂缝"}]}, {"role": "assistant", "content": [{"type": "text", "text": "<|object_ref_start|><|box_start|><0><536><985><629><|box_end|><|point_start|><507><569><|point_end|>"}]}], "boxes": [{"bbox": [223.0, 0.0, 262.0, 410.0], "point": [237.0674089678002, 211.0207643695456], "phrase": "比右侧细缝更曲折、紧邻深色区域的裂缝"}], "caption": "比右侧细缝更曲折、紧邻深色区域的裂缝"}
16495319	{"image_id": "refcrack_0009596_0009596_01_3", "width": 416, "height": 416, "vrt_indices": [45, 74, 220, 249, 278, 393, 422, 451, 596, 742, 830], "patch_points": [[230.0, 20.0], [232.0, 35.0], [241.0, 104.0], [241.0, 119.0], [240.0, 132.0], [232.0, 189.0], [232.0, 202.0], [233.0, 216.0], [232.0, 287.0], [243.0, 357.0], [256.0, 399.0]], "conversations": [{"role": "user", "content": [{"type": "image", "image": "/home/yrquni/Downloads/Unilab/PaDT/dataset/dataset_root/images/0009596.png"}, {"type": "text", "text": "左侧深色纹理旁上下贯穿的蜿蜒裂缝"}]}, {"role": "assistant", "content": [{"type": "text", "text": "<|object_ref_start|><|box_start|><0><536><985><629><|box_end|><|point_start|><507><569><|point_end|>"}]}], "boxes": [{"bbox": [223.0, 0.0, 262.0, 410.0], "point": [237.0674089678002, 211.0207643695456], "phrase": "左侧深色纹理旁上下贯穿的蜿蜒裂缝"}], "caption": "左侧深色纹理旁上下贯穿的蜿蜒裂缝"}
16525505	{"image_id": "refcrack_0009596_0009596_01_4", "width": 416, "height": 416, "vrt_indices": [45, 74, 220, 249, 278, 393, 422, 451, 596, 742, 830], "patch_points": [[230.0, 20.0], [232.0, 35.0], [241.0, 104.0], [241.0, 119.0], [240.0, 132.0], [232.0, 189.0], [232.0, 202.0], [233.0, 216.0], [232.0, 287.0], [243.0, 357.0], [256.0, 399.0]], "conversations": [{"role": "user", "content": [{"type": "image", "image": "/home/yrquni/Downloads/Unilab/PaDT/dataset/dataset_root/images/0009596.png"}, {"type": "text", "text": "中间夹在深色带与细缝间的曲折长缝"}]}, {"role": "assistant", "content": [{"type": "text", "text": "<|object_ref_start|><|box_start|><0><536><985><629><|box_end|><|point_start|><507><569><|point_end|>"}]}], "boxes": [{"bbox": [223.0, 0.0, 262.0, 410.0], "point": [237.0674089678002, 211.0207643695456], "phrase": "中间夹在深色带与细缝间的曲折长缝"}], "caption": "中间夹在深色带与细缝间的曲折长缝"}
16555691	{"image_id": "refcrack_0009597_0009597_00_0", "width": 416, "height": 416, "vrt_indices": [13, 42, 71, 303, 332, 361, 390, 419, 448, 534, 563, 707, 736, 765], "patch_points": [[185.0, 7.0], [187.0, 21.0], [190.0, 34.0], [187.0, 146.0], [186.0, 160.0], [185.0, 174.0], [184.0, 188.0], [185.0, 202.0], [184.0, 216.0], [172.0, 258.0], [171.0, 272.0], [160.0, 343.0], [160.0, 356.0], [160.0, 370.0]], "conversations": [{"role": "user", "content": [{"type": "image", "image": "/home/yrquni/Downloads/Unilab/PaDT/dataset/dataset_root/images/0009597.png"}, {"type": "text", "text": "中间偏左竖直的长裂缝"}]}, {"role": "assistant", "content": [{"type": "text", "text": "<|object_ref_start|><|box_start|><0><375><997><475><|box_end|><|point_start|><486><428><|point_end|>"}]}], "boxes": [{"bbox": [156.0, 0.0, 198.0, 415.0], "point": [178.19880375961264, 202.34377670179435], "phrase": "中间偏左竖直的长裂缝"}], "caption": "中间偏左竖直的长裂缝"}
16586773	{"image_id": "refcrack_0009597_0009597_00_4", "width": 416, "height": 416, "vrt_indices": [13, 42, 71, 303, 332, 361, 390, 419, 448, 534, 563, 707, 736, 765], "patch_points": [[185.0, 7.0], [187.0, 21.0], [190.0, 34.0], [187.0, 146.0], [186.0, 160.0], [185.0, 174.0], [184.0, 188.0], [185.0, 202.0], [184.0, 216.0], [172.0, 258.0], [171.0, 272.0], [160.0, 343.0], [160.0, 356.0], [160.0, 370.0]], "conversations": [{"role": "user", "content": [{"type": "image", "image": "/home/yrquni/Downloads/Unilab/PaDT/dataset/dataset_root/images/0009597.png"}, {"type": "text", "text": "斑驳墙面上紧邻深灰条纹、竖直且局部带小弯折的长裂缝"}]}, {"role": "assistant", "content": [{"type": "text", "text": "<|object_ref_start|><|box_start|><0><375><997><475><|box_end|><|point_start|><486><428><|point_end|>"}]}], "boxes": [{"bbox": [156.0, 0.0, 198.0, 415.0], "point": [178.19880375961264, 202.34377670179435], "phrase": "斑驳墙面上紧邻深灰条纹、竖直且局部带小弯折的长裂缝"}], "caption": "斑驳墙面上紧邻深灰条纹、竖直且局部带小弯折的长裂缝"}
16617855	{"image_id": "refcrack_0009601_0009601_00_0", "width": 416, "height": 416, "vrt_indices": [39, 329, 358], "patch_points": [[142.0, 19.0], [143.0, 161.0], [143.0, 171.0]], "conversations": [{"role": "user", "content": [{"type": "image", "image": "/home/yrquni/Downloads/Unilab/PaDT/dataset/dataset_root/images/0009601.png"}, {"type": "text", "text": "上方近似竖直的一道裂缝"}]}, {"role": "assistant", "content": [{"type": "text", "text": "<|object_ref_start|><|box_start|><16><310><425><350><|box_end|><|point_start|><216><332><|point_end|>"}]}], "boxes": [{"bbox": [129.0, 7.0, 146.0, 177.0], "point": [138.29377104377105, 89.87710437710437], "phrase": "上方近似竖直的一道裂缝"}], "caption": "上方近似竖直的一道裂缝"}
16637113	{"image_id": "refcrack_0009601_0009601_00_1", "width": 416, "height": 416, "vrt_indices": [39, 329, 358], "patch_points": [[142.0, 19.0], [143.0, 161.0], [143.0, 171.0]], "conversations": [{"role": "user", "content": [{"type": "image", "image": "/home/yrquni/Downloads/Unilab/PaDT/dataset/dataset_root/images/0009601.png"}, {"type": "text", "text": "在分叉裂缝的上方，笔直延伸的裂缝"}]}, {"role": "assistant", "content": [{"type": "text", "text": "<|object_ref_start|><|box_start|><16><310><425><350><|box_end|><|point_start|><216><332><|point_end|>"}]}], "boxes": [{"bbox": [129.0, 7.0, 146.0, 177.0], "point": [138.29377104377105, 89.87710437710437], "phrase": "在分叉裂缝的上方，笔直延伸的裂缝"}], "caption": "在分叉裂缝的上方，笔直延伸的裂缝"}
16656371	{"image_id": "refcrack_0009601_0009601_00_2", "width": 416, "height": 416, "vrt_indices": [39, 329, 358], "patch_points": [[142.0, 19.0], [143.0, 161.0], [143.0, 171.0]], "conversations": [{"role": "user", "content": [{"type": "image", "image": "/home/yrquni/Downloads/Unilab/PaDT/dataset/dataset_root/images/0009601.png"}, {"type": "text", "text": "上半部分笔直，没和下方裂缝连在一起的裂缝"}]}, {"role": "assistant", "content": [{"type": "text", "text": "<|object_ref_start|><|box_start|><16><310><425><350><|box_end|><|point_start|><216><332><|point_end|>"}]}], "boxes": [{"bbox": [129.0, 7.0, 146.0, 177.0], "point": [138.29377104377105, 89.87710437710437], "phrase": "上半部分笔直，没和下方裂缝连在一起的裂缝"}], "caption": "上半部分笔直，没和下方裂缝连在一起的裂缝"}
16675629	{"image_id": "refcrack_0009602_0009602_00_0", "width": 416, "height": 416, "vrt_indices": [147, 148, 209, 239, 359], "patch_points": [[34.0, 74.0], [48.0, 75.0], [91.0, 105.0], [103.0, 119.0], [160.0, 175.0]], "conversations": [{"role": "user", "content": [{"type": "image", "image": "/home/yrquni/Downloads/Unilab/PaDT/dataset/dataset_root/images/0009602.png"}, {"type": "text", "text": "左上方起始的一段弯曲裂缝"}]}, {"role": "assistant", "content": [{"type": "text", "text": "<|object_ref_start|><|box_start|><161><60><483><449><|box_end|><|point_start|><306><258><|point_end|>"}]}], "boxes": [{"bbox": [25.0, 67.0, 187.0, 201.0], "point": [107.67661691542288, 127.54868514570008], "phrase": "左上方起始的一段弯曲裂缝"}], "caption": "左上方起始的一段弯曲裂缝"}
16693607	{"image_id": "refcrack_0009602_0009602_00_1", "width": 416, "height": 416, "vrt_indices": [147, 148, 209, 239, 359], "patch_points": [[34.0, 74.0], [48.0, 75.0], [91.0, 105.0], [103.0, 119.0], [160.0, 175.0]], "conversations": [{"role": "user", "content": [{"type": "image", "image": "/home/yrquni/Downloads/Unilab/PaDT/dataset/dataset_root/images/0009602.png"}, {"type": "text", "text": "从左侧边缘向中间偏下延伸的弯曲裂缝"}]}, {"role": "assistant", "content": [{"type": "text", "text": "<|object_ref_start|><|box_start|><161><60><483><449><|box_end|><|point_start|><306><258><|point_end|>"}]}], "boxes": [{"bbox": [25.0, 67.0, 187.0, 201.0], "point": [107.67661691542288, 127.54868514570008], "phrase": "从左侧边缘向中间偏下延伸的弯曲裂缝"}], "caption": "从左侧边缘向中间偏下延伸的弯曲裂缝"}
16711585	{"image_id": "refcrack_0009603_0009603_00_4", "width": 416, "height": 416, "vrt_indices": [177, 208, 297, 327, 358, 388], "patch_points": [[49.0, 87.0], [73.0, 107.0], [103.0, 147.0], [120.0, 159.0], [146.0, 177.0], [159.0, 189.0]], "conversations": [{"role": "user", "content": [{"type": "image", "image": "/home/yrquni/Downloads/Unilab/PaDT/dataset/dataset_root/images/0009603.png"}, {"type": "text", "text": "左上方呈波浪纹、斜向下走的裂缝"}]}, {"role": "assistant", "content": [{"type": "text", "text": "<|object_ref_start|><|box_start|><182><36><512><449><|box_end|><|point_start|><336><244><|point_end|>"}]}], "boxes": [{"bbox": [15.0, 76.0, 187.0, 213.0], "point": [101.81592356687898, 139.99426751592355], "phrase": "左上方呈波浪纹、斜向下走的裂缝"}], "caption": "左上方呈波浪纹、斜向下走的裂缝"}
16730051	{"image_id": "refcrack_0009617_0009617_00_3", "width": 416, "height": 416, "vrt_indices": [307, 333, 334, 335, 359, 360, 361, 387], "patch_points": [[244.0, 146.0], [202.0, 159.0], [216.0, 158.0], [229.0, 156.0], [161.0, 175.0], [174.0, 174.0], [186.0, 171.0], [145.0, 186.0]], "conversations": [{"role": "user", "content": [{"type": "image", "image": "/home/yrquni/Downloads/Unilab/PaDT/dataset/dataset_root/images/0009617.png"}, {"type": "text", "text": "长度中等、微微弯曲的中间偏上裂缝"}]}, {"role": "assistant", "content": [{"type": "text", "text": "<|object_ref_start|><|box_start|><322><329><463><617><|box_end|><|point_start|><391><470><|point_end|>"}]}], "boxes": [{"bbox": [137.0, 134.0, 257.0, 193.0], "point": [195.79627539503386, 162.882618510158], "phrase": "长度中等、微微弯曲的中间偏上裂缝"}], "caption": "长度中等、微微弯曲的中间偏上裂缝"}
16751277	{"image_id": "refcrack_0009617_0009617_01_0", "width": 416, "height": 416, "vrt_indices": [377, 407, 438, 439, 440, 444, 470, 471, 472], "patch_points": [[6.0, 189.0], [21.0, 202.0], [49.0, 215.0], [62.0, 215.0], [77.0, 216.0], [128.0, 212.0], [90.0, 231.0], [104.0, 232.0], [116.0, 229.0]], "conversations": [{"role": "user", "content": [{"type": "image", "image": "/home/yrquni/Downloads/Unilab/PaDT/dataset/dataset_root/images/0009617.png"}, {"type": "text", "text": "左侧偏下呈弧形的裂缝"}]}, {"role": "assistant", "content": [{"type": "text", "text": "<|object_ref_start|><|box_start|><427><0><572><312><|box_end|><|point_start|><515><154><|point_end|>"}]}], "boxes": [{"bbox": [0.0, 178.0, 130.0, 238.0], "point": [64.08266818700115, 214.38996579247436], "phrase": "左侧偏下呈弧形的裂缝"}], "caption": "左侧偏下呈弧形的裂缝"}
16772503	{"image_id": "refcrack_0009617_0009617_01_1", "width": 416, "height": 416, "vrt_indices": [377, 407, 438, 439, 440, 444, 470, 471, 472], "patch_points": [[6.0, 189.0], [21.0, 202.0], [49.0, 215.0], [62.0, 215.0], [77.0, 216.0], [128.0, 212.0], [90.0, 231.0], [104.0, 232.0], [116.0, 229.0]], "conversations": [{"role": "user", "content": [{"type": "image", "image": "/home/yrquni/Downloads/Unilab/PaDT/dataset/dataset_root/images/0009617.png"}, {"type": "text", "text": "几条裂缝里最靠左、带弯曲的那条"}]}, {"role": "assistant", "content": [{"type": "text", "text": "<|object_ref_start|><|box_start|><427><0><572><312><|box_end|><|point_start|><515><154><|point_end|>"}]}], "boxes": [{"bbox": [0.0, 178.0, 130.0, 238.0], "point": [64.08266818700115, 214.38996579247436], "phrase": "几条裂缝里最靠左、带弯曲的那条"}], "caption": "几条裂缝里最靠左、带弯曲的那条"}
16793729	{"image_id": "refcrack_0009617_0009617_01_3", "width": 416, "height": 416, "vrt_indices": [377, 407, 438, 439, 440, 444, 470, 471, 472], "patch_points": [[6.0, 189.0], [21.0, 202.0], [49.0, 215.0], [62.0, 215.0], [77.0, 216.0], [128.0, 212.0], [90.0, 231.0], [104.0, 232.0], [116.0, 229.0]], "conversations": [{"role": "user", "content": [{"type": "image", "image": "/home/yrquni/Downloads/Unilab/PaDT/dataset/dataset_root/images/0009617.png"}, {"type": "text", "text": "左侧区域中，走势先平后凹再上扬的裂缝"}]}, {"role": "assistant", "content": [{"type": "text", "text": "<|object_ref_start|><|box_start|><427><0><572><312><|box_end|><|point_start|><515><154><|point_end|>"}]}], "boxes": [{"bbox": [0.0, 178.0, 130.0, 238.0], "point": [64.08266818700115, 214.38996579247436], "phrase": "左侧区域中，走势先平后凹再上扬的裂缝"}], "caption": "左侧区域中，走势先平后凹再上扬的裂缝"}
16814955	{"image_id": "refcrack_0009628_0009628_01_0", "width": 416, "height": 416, "vrt_indices": [195, 254, 283, 312, 341], "patch_points": [[301.0, 91.0], [316.0, 118.0], [317.0, 133.0], [315.0, 146.0], [312.0, 160.0]], "conversations": [{"role": "user", "content": [{"type": "image", "image": "/home/yrquni/Downloads/Unilab/PaDT/dataset/dataset_root/images/0009628.png"}, {"type": "text", "text": "右侧偏上竖直的裂缝"}]}, {"role": "assistant", "content": [{"type": "text", "text": "<|object_ref_start|><|box_start|><0><697><401><771><|box_end|><|point_start|><193><728><|point_end|>"}]}], "boxes": [{"bbox": [290.0, 0.0, 321.0, 167.0], "point": [302.8630862329803, 80.33888048411498], "phrase": "右侧偏上竖直的裂缝"}], "caption": "右侧偏上竖直的裂缝"}
16897321	{"image_id": "refcrack_0009628_0009628_01_1", "width": 416, "height": 416, "vrt_indices": [195, 254, 283, 312, 341], "patch_points": [[301.0, 91.0], [316.0, 118.0], [317.0, 133.0], [315.0, 146.0], [312.0, 160.0]], "conversations": [{"role": "user", "content": [{"type": "image", "image": "/home/yrquni/Downloads/Unilab/PaDT/dataset/dataset_root/images/0009628.png"}, {"type": "text", "text": "右侧从上往下，中途与另一条裂缝相交的裂缝"}]}, {"role": "assistant", "content": [{"type": "text", "text": "<|object_ref_start|><|box_start|><0><697><401><771><|box_end|><|point_start|><193><728><|point_end|>"}]}], "boxes": [{"bbox": [290.0, 0.0, 321.0, 167.0], "point": [302.8630862329803, 80.33888048411498], "phrase": "右侧从上往下，中途与另一条裂缝相交的裂缝"}], "caption": "右侧从上往下，中途与另一条裂缝相交的裂缝"}
16979687	{"image_id": "refcrack_0009628_0009628_02_0", "width": 416, "height": 416, "vrt_indices": [458, 459, 460, 461, 462, 486, 515, 544, 573, 718, 747, 776, 834], "patch_points": [[328.0, 216.0], [342.0, 213.0], [356.0, 212.0], [370.0, 212.0], [384.0, 213.0], [317.0, 231.0], [313.0, 244.0], [314.0, 259.0], [313.0, 272.0], [312.0, 343.0], [314.0, 357.0], [313.0, 370.0], [311.0, 399.0]], "conversations": [{"role": "user", "content": [{"type": "image", "image": "/home/yrquni/Downloads/Unilab/PaDT/dataset/dataset_root/images/0009628.png"}, {"type": "text", "text": "右下角呈直角的裂缝"}]}, {"role": "assistant", "content": [{"type": "text", "text": "<|object_ref_start|><|box_start|><478><730><997><997><|box_end|><|point_start|><656><803><|point_end|>"}]}], "boxes": [{"bbox": [304.0, 199.0, 415.0, 415.0], "point": [334.2526690391459, 273.24041122973506], "phrase": "右下角呈直角的裂缝"}], "caption": "右下角呈直角的裂缝"}
17062053	{"image_id": "refcrack_0009628_0009628_02_1", "width": 416, "height": 416, "vrt_indices": [458, 459, 460, 461, 462, 486, 515, 544, 573, 718, 747, 776, 834], "patch_points": [[328.0, 216.0], [342.0, 213.0], [356.0, 212.0], [370.0, 212.0], [384.0, 213.0], [317.0, 231.0], [313.0, 244.0], [314.0, 259.0], [313.0, 272.0], [312.0, 343.0], [314.0, 357.0], [313.0, 370.0], [311.0, 399.0]], "conversations": [{"role": "user", "content": [{"type": "image", "image": "/home/yrquni/Downloads/Unilab/PaDT/dataset/dataset_root/images/0009628.png"}, {"type": "text", "text": "右侧偏下先水平后竖直的裂缝"}]}, {"role": "assistant", "content": [{"type": "text", "text": "<|object_ref_start|><|box_start|><478><730><997><997><|box_end|><|point_start|><656><803><|point_end|>"}]}], "boxes": [{"bbox": [304.0, 199.0, 415.0, 415.0], "point": [334.2526690391459, 273.24041122973506], "phrase": "右侧偏下先水平后竖直的裂缝"}], "caption": "右侧偏下先水平后竖直的裂缝"}
17144419	{"image_id": "refcrack_0009628_0009628_02_3", "width": 416, "height": 416, "vrt_indices": [458, 459, 460, 461, 462, 486, 515, 544, 573, 718, 747, 776, 834], "patch_points": [[328.0, 216.0], [342.0, 213.0], [356.0, 212.0], [370.0, 212.0], [384.0, 213.0], [317.0, 231.0], [313.0, 244.0], [314.0, 259.0], [313.0, 272.0], [312.0, 343.0], [314.0, 357.0], [313.0, 370.0], [311.0, 399.0]], "conversations": [{"role": "user", "content": [{"type": "image", "image": "/home/yrquni/Downloads/Unilab/PaDT/dataset/dataset_root/images/0009628.png"}, {"type": "text", "text": "右下区域有直角转折、分两段的裂缝"}]}, {"role": "assistant", "content": [{"type": "text", "text": "<|object_ref_start|><|box_start|><478><730><997><997><|box_end|><|point_start|><656><803><|point_end|>"}]}], "boxes": [{"bbox": [304.0, 199.0, 415.0, 415.0], "point": [334.2526690391459, 273.24041122973506], "phrase": "右下区域有直角转折、分两段的裂缝"}], "caption": "右下区域有直角转折、分两段的裂缝"}
17226785	{"image_id": "refcrack_0009629_0009629_00_4", "width": 416, "height": 416, "vrt_indices": [240, 267, 268, 323, 351, 406], "patch_points": [[114.0, 114.0], [90.0, 131.0], [100.0, 127.0], [60.0, 157.0], [44.0, 169.0], [5.0, 198.0]], "conversations": [{"role": "user", "content": [{"type": "image", "image": "/home/yrquni/Downloads/Unilab/PaDT/dataset/dataset_root/images/0009629.png"}, {"type": "text", "text": "左上部轻轻斜着、夹在小石块间的窄裂缝"}]}, {"role": "assistant", "content": [{"type": "text", "text": "<|object_ref_start|><|box_start|><257><0><483><286><|box_end|><|point_start|><373><143><|point_end|>"}]}], "boxes": [{"bbox": [0.0, 107.0, 119.0, 201.0], "point": [59.72013949433304, 155.20226678291195], "phrase": "左上部轻轻斜着、夹在小石块间的窄裂缝"}], "caption": "左上部轻轻斜着、夹在小石块间的窄裂缝"}
17286711	{"image_id": "refcrack_0009629_0009629_01_4", "width": 416, "height": 416, "vrt_indices": [579, 603, 604, 627, 628, 629, 683, 712, 771, 800, 829], "patch_points": [[399.0, 273.0], [328.0, 287.0], [342.0, 284.0], [259.0, 303.0], [273.0, 300.0], [285.0, 298.0], [232.0, 329.0], [232.0, 342.0], [240.0, 371.0], [241.0, 384.0], [241.0, 399.0]], "conversations": [{"role": "user", "content": [{"type": "image", "image": "/home/yrquni/Downloads/Unilab/PaDT/dataset/dataset_root/images/0009629.png"}, {"type": "text", "text": "右下角直角裂缝，竖段挨旧裂缝、横段擦过浅色碎石的裂缝"}]}, {"role": "assistant", "content": [{"type": "text", "text": "<|object_ref_start|><|box_start|><634><543><997><997><|box_end|><|point_start|><772><686><|point_end|>"}]}], "boxes": [{"bbox": [226.0, 264.0, 415.0, 415.0], "point": [285.65333882934874, 321.1545754328112], "phrase": "右下角直角裂缝，竖段挨旧裂缝、横段擦过浅色碎石的裂缝"}], "caption": "右下角直角裂缝，竖段挨旧裂缝、横段擦过浅色碎石的裂缝"}
17346637	{"image_id": "refcrack_0009629_0009629_02_0", "width": 416, "height": 416, "vrt_indices": [644, 669, 676, 677], "patch_points": [[90.0, 318.0], [34.0, 328.0], [132.0, 328.0], [147.0, 329.0]], "conversations": [{"role": "user", "content": [{"type": "image", "image": "/home/yrquni/Downloads/Unilab/PaDT/dataset/dataset_root/images/0009629.png"}, {"type": "text", "text": "左下角附近横向的一道裂缝"}]}, {"role": "assistant", "content": [{"type": "text", "text": "<|object_ref_start|><|box_start|><750><45><812><437><|box_end|><|point_start|><777><238><|point_end|>"}]}], "boxes": [{"bbox": [19.0, 312.0, 182.0, 338.0], "point": [99.01734104046243, 323.50371593724196], "phrase": "左下角附近横向的一道裂缝"}], "caption": "左下角附近横向的一道裂缝"}
17406563	{"image_id": "refcrack_0009630_0009630_00_0", "width": 416, "height": 416, "vrt_indices": [17, 76, 105, 193, 222, 251, 281, 310, 369, 370, 371, 372, 373], "patch_points": [[246.0, 6.0], [258.0, 35.0], [261.0, 48.0], [270.0, 91.0], [273.0, 105.0], [276.0, 117.0], [285.0, 132.0], [287.0, 147.0], [301.0, 173.0], [315.0, 174.0], [329.0, 174.0], [342.0, 172.0], [356.0, 170.0]], "conversations": [{"role": "user", "content": [{"type": "image", "image": "/home/yrquni/Downloads/Unilab/PaDT/dataset/dataset_root/images/0009630.png"}, {"type": "text", "text": "右上角折线形的裂缝"}]}, {"role": "assistant", "content": [{"type": "text", "text": "<|object_ref_start|><|box_start|><0><574><435><992><|box_end|><|point_start|><300><746><|point_end|>"}]}], "boxes": [{"bbox": [239.0, 0.0, 413.0, 181.0], "point": [310.42287968441815, 124.92465483234714], "phrase": "右上角折线形的裂缝"}], "caption": "右上角折线形的裂缝"}
17460625	{"image_id": "refcrack_0009630_0009630_02_1", "width": 416, "height": 416, "vrt_indices": [676, 736, 766, 796, 826], "patch_points": [[132.0, 329.0], [159.0, 357.0], [172.0, 373.0], [187.0, 387.0], [199.0, 399.0]], "conversations": [{"role": "user", "content": [{"type": "image", "image": "/home/yrquni/Downloads/Unilab/PaDT/dataset/dataset_root/images/0009630.png"}, {"type": "text", "text": "左下部从左下往右上倾斜的裂缝"}]}, {"role": "assistant", "content": [{"type": "text", "text": "<|object_ref_start|><|box_start|><721><254><997><502><|box_end|><|point_start|><857><380><|point_end|>"}]}], "boxes": [{"bbox": [106.0, 300.0, 209.0, 415.0], "point": [158.2710843373494, 356.8106712564544], "phrase": "左下部从左下往右上倾斜的裂缝"}], "caption": "左下部从左下往右上倾斜的裂缝"}
17514687	{"image_id": "refcrack_0009630_0009630_02_3", "width": 416, "height": 416, "vrt_indices": [676, 736, 766, 796, 826], "patch_points": [[132.0, 329.0], [159.0, 357.0], [172.0, 373.0], [187.0, 387.0], [199.0, 399.0]], "conversations": [{"role": "user", "content": [{"type": "image", "image": "/home/yrquni/Downloads/Unilab/PaDT/dataset/dataset_root/images/0009630.png"}, {"type": "text", "text": "靠近左下角、短且斜向延伸的裂缝"}]}, {"role": "assistant", "content": [{"type": "text", "text": "<|object_ref_start|><|box_start|><721><254><997><502><|box_end|><|point_start|><857><380><|point_end|>"}]}], "boxes": [{"bbox": [106.0, 300.0, 209.0, 415.0], "point": [158.2710843373494, 356.8106712564544], "phrase": "靠近左下角、短且斜向延伸的裂缝"}], "caption": "靠近左下角、短且斜向延伸的裂缝"}
17568749	{"image_id": "refcrack_0009643_0009643_00_1", "width": 416, "height": 416, "vrt_indices": [47, 48, 81, 82, 83, 84, 85], "patch_points": [[256.0, 15.0], [274.0, 15.0], [329.0, 28.0], [344.0, 30.0], [356.0, 31.0], [370.0, 30.0], [383.0, 30.0]], "conversations": [{"role": "user", "content": [{"type": "image", "image": "/home/yrquni/Downloads/Unilab/PaDT/dataset/dataset_root/images/0009643.png"}, {"type": "text", "text": "画面最上边水平延伸的裂缝"}]}, {"role": "assistant", "content": [{"type": "text", "text": "<|object_ref_start|><|box_start|><21><557><81><942><|box_end|><|point_start|><52><765><|point_end|>"}]}], "boxes": [{"bbox": [232.0, 9.0, 392.0, 34.0], "point": [318.5290076335878, 21.885496183206108], "phrase": "画面最上边水平延伸的裂缝"}], "caption": "画面最上边水平延伸的裂缝"}
17610771	{"image_id": "refcrack_0009643_0009643_01_0", "width": 416, "height": 416, "vrt_indices": [480, 505, 511, 512, 530, 554, 555, 557], "patch_points": [[231.0, 231.0], [174.0, 244.0], [259.0, 241.0], [273.0, 243.0], [119.0, 259.0], [49.0, 274.0], [62.0, 270.0], [90.0, 269.0]], "conversations": [{"role": "user", "content": [{"type": "image", "image": "/home/yrquni/Downloads/Unilab/PaDT/dataset/dataset_root/images/0009643.png"}, {"type": "text", "text": "中下部一道波浪形的裂缝"}]}, {"role": "assistant", "content": [{"type": "text", "text": "<|object_ref_start|><|box_start|><545><24><685><704><|box_end|><|point_start|><610><350><|point_end|>"}]}], "boxes": [{"bbox": [10.0, 227.0, 293.0, 285.0], "point": [145.7762027491409, 254.15549828178695], "phrase": "中下部一道波浪形的裂缝"}], "caption": "中下部一道波浪形的裂缝"}
17652793	{"image_id": "refcrack_0009643_0009643_01_2", "width": 416, "height": 416, "vrt_indices": [480, 505, 511, 512, 530, 554, 555, 557], "patch_points": [[231.0, 231.0], [174.0, 244.0], [259.0, 241.0], [273.0, 243.0], [119.0, 259.0], [49.0, 274.0], [62.0, 270.0], [90.0, 269.0]], "conversations": [{"role": "user", "content": [{"type": "image", "image": "/home/yrquni/Downloads/Unilab/PaDT/dataset/dataset_root/images/0009643.png"}, {"type": "text", "text": "小凹点下方横向起伏的裂缝"}]}, {"role": "assistant", "content": [{"type": "text", "text": "<|object_ref_start|><|box_start|><545><24><685><704><|box_end|><|point_start|><610><350><|point_end|>"}]}], "boxes": [{"bbox": [10.0, 227.0, 293.0, 285.0], "point": [145.7762027491409, 254.15549828178695], "phrase": "小凹点下方横向起伏的裂缝"}], "caption": "小凹点下方横向起伏的裂缝"}
17694815	{"image_id": "refcrack_0009643_0009643_01_3", "width": 416, "height": 416, "vrt_indices": [480, 505, 511, 512, 530, 554, 555, 557], "patch_points": [[231.0, 231.0], [174.0, 244.0], [259.0, 241.0], [273.0, 243.0], [119.0, 259.0], [49.0, 274.0], [62.0, 270.0], [90.0, 269.0]], "conversations": [{"role": "user", "content": [{"type": "image", "image": "/home/yrquni/Downloads/Unilab/PaDT/dataset/dataset_root/images/0009643.png"}, {"type": "text", "text": "中间偏下、长度较宽的曲折裂缝"}]}, {"role": "assistant", "content": [{"type": "text", "text": "<|object_ref_start|><|box_start|><545><24><685><704><|box_end|><|point_start|><610><350><|point_end|>"}]}], "boxes": [{"bbox": [10.0, 227.0, 293.0, 285.0], "point": [145.7762027491409, 254.15549828178695], "phrase": "中间偏下、长度较宽的曲折裂缝"}], "caption": "中间偏下、长度较宽的曲折裂缝"}
17736837	{"image_id": "refcrack_0009644_0009644_00_0", "width": 416, "height": 416, "vrt_indices": [139, 170], "patch_points": [[331.0, 59.0], [358.0, 73.0]], "conversations": [{"role": "user", "content": [{"type": "image", "image": "/home/yrquni/Downloads/Unilab/PaDT/dataset/dataset_root/images/0009644.png"}, {"type": "text", "text": "右上角的一道斜裂缝"}]}, {"role": "assistant", "content": [{"type": "text", "text": "<|object_ref_start|><|box_start|><105><689><245><997><|box_end|><|point_start|><172><852><|point_end|>"}]}], "boxes": [{"bbox": [287.0, 44.0, 415.0, 102.0], "point": [354.7632113821138, 71.84247967479675], "phrase": "右上角的一道斜裂缝"}], "caption": "右上角的一道斜裂缝"}
17778731	{"image_id": "refcrack_0009644_0009644_00_1", "width": 416, "height": 416, "vrt_indices": [139, 170], "patch_points": [[331.0, 59.0], [358.0, 73.0]], "conversations": [{"role": "user", "content": [{"type": "image", "image": "/home/yrquni/Downloads/Unilab/PaDT/dataset/dataset_root/images/0009644.png"}, {"type": "text", "text": "右上角边缘附近的裂缝"}]}, {"role": "assistant", "content": [{"type": "text", "text": "<|object_ref_start|><|box_start|><105><689><245><997><|box_end|><|point_start|><172><852><|point_end|>"}]}], "boxes": [{"bbox": [287.0, 44.0, 415.0, 102.0], "point": [354.7632113821138, 71.84247967479675], "phrase": "右上角边缘附近的裂缝"}], "caption": "右上角边缘附近的裂缝"}
17820625	{"image_id": "refcrack_0009644_0009644_00_3", "width": 416, "height": 416, "vrt_indices": [139, 170], "patch_points": [[331.0, 59.0], [358.0, 73.0]], "conversations": [{"role": "user", "content": [{"type": "image", "image": "/home/yrquni/Downloads/Unilab/PaDT/dataset/dataset_root/images/0009644.png"}, {"type": "text", "text": "右上角从边缘向内斜着的裂缝"}]}, {"role": "assistant", "content": [{"type": "text", "text": "<|object_ref_start|><|box_start|><105><689><245><997><|box_end|><|point_start|><172><852><|point_end|>"}]}], "boxes": [{"bbox": [287.0, 44.0, 415.0, 102.0], "point": [354.7632113821138, 71.84247967479675], "phrase": "右上角从边缘向内斜着的裂缝"}], "caption": "右上角从边缘向内斜着的裂缝"}
17862519	{"image_id": "refcrack_0009644_0009644_01_0", "width": 416, "height": 416, "vrt_indices": [466, 467, 468, 469, 503, 504, 508, 509, 539], "patch_points": [[35.0, 229.0], [48.0, 229.0], [63.0, 229.0], [76.0, 234.0], [147.0, 241.0], [160.0, 241.0], [217.0, 243.0], [230.0, 246.0], [245.0, 259.0]], "conversations": [{"role": "user", "content": [{"type": "image", "image": "/home/yrquni/Downloads/Unilab/PaDT/dataset/dataset_root/images/0009644.png"}, {"type": "text", "text": "中间偏下的一道弯弯曲曲的裂缝"}]}, {"role": "assistant", "content": [{"type": "text", "text": "<|object_ref_start|><|box_start|><528><2><682><656><|box_end|><|point_start|><574><323><|point_end|>"}]}], "boxes": [{"bbox": [1.0, 220.0, 273.0, 284.0], "point": [134.3882453882454, 238.9021879021879], "phrase": "中间偏下的一道弯弯曲曲的裂缝"}], "caption": "中间偏下的一道弯弯曲曲的裂缝"}
17904413	{"image_id": "refcrack_0009644_0009644_01_1", "width": 416, "height": 416, "vrt_indices": [466, 467, 468, 469, 503, 504, 508, 509, 539], "patch_points": [[35.0, 229.0], [48.0, 229.0], [63.0, 229.0], [76.0, 234.0], [147.0, 241.0], [160.0, 241.0], [217.0, 243.0], [230.0, 246.0], [245.0, 259.0]], "conversations": [{"role": "user", "content": [{"type": "image", "image": "/home/yrquni/Downloads/Unilab/PaDT/dataset/dataset_root/images/0009644.png"}, {"type": "text", "text": "左半部分横着蜿蜒的裂缝"}]}, {"role": "assistant", "content": [{"type": "text", "text": "<|object_ref_start|><|box_start|><528><2><682><656><|box_end|><|point_start|><574><323><|point_end|>"}]}], "boxes": [{"bbox": [1.0, 220.0, 273.0, 284.0], "point": [134.3882453882454, 238.9021879021879], "phrase": "左半部分横着蜿蜒的裂缝"}], "caption": "左半部分横着蜿蜒的裂缝"}
17946307	{"image_id": "refcrack_0009644_0009644_01_2", "width": 416, "height": 416, "vrt_indices": [466, 467, 468, 469, 503, 504, 508, 509, 539], "patch_points": [[35.0, 229.0], [48.0, 229.0], [63.0, 229.0], [76.0, 234.0], [147.0, 241.0], [160.0, 241.0], [217.0, 243.0], [230.0, 246.0], [245.0, 259.0]], "conversations": [{"role": "user", "content": [{"type": "image", "image": "/home/yrquni/Downloads/Unilab/PaDT/dataset/dataset_root/images/0009644.png"}, {"type": "text", "text": "小坑正下方的波浪形裂缝"}]}, {"role": "assistant", "content": [{"type": "text", "text": "<|object_ref_start|><|box_start|><528><2><682><656><|box_end|><|point_start|><574><323><|point_end|>"}]}], "boxes": [{"bbox": [1.0, 220.0, 273.0, 284.0], "point": [134.3882453882454, 238.9021879021879], "phrase": "小坑正下方的波浪形裂缝"}], "caption": "小坑正下方的波浪形裂缝"}
17988201	{"image_id": "refcrack_0009644_0009644_01_3", "width": 416, "height": 416, "vrt_indices": [466, 467, 468, 469, 503, 504, 508, 509, 539], "patch_points": [[35.0, 229.0], [48.0, 229.0], [63.0, 229.0], [76.0, 234.0], [147.0, 241.0], [160.0, 241.0], [217.0, 243.0], [230.0, 246.0], [245.0, 259.0]], "conversations": [{"role": "user", "content": [{"type": "image", "image": "/home/yrquni/Downloads/Unilab/PaDT/dataset/dataset_root/images/0009644.png"}, {"type": "text", "text": "从左边延伸出、曲曲折折的中等长裂缝"}]}, {"role": "assistant", "content": [{"type": "text", "text": "<|object_ref_start|><|box_start|><528><2><682><656><|box_end|><|point_start|><574><323><|point_end|>"}]}], "boxes": [{"bbox": [1.0, 220.0, 273.0, 284.0], "point": [134.3882453882454, 238.9021879021879], "phrase": "从左边延伸出、曲曲折折的中等长裂缝"}], "caption": "从左边延伸出、曲曲折折的中等长裂缝"}
18030095	{"image_id": "refcrack_0009644_0009644_01_4", "width": 416, "height": 416, "vrt_indices": [466, 467, 468, 469, 503, 504, 508, 509, 539], "patch_points": [[35.0, 229.0], [48.0, 229.0], [63.0, 229.0], [76.0, 234.0], [147.0, 241.0], [160.0, 241.0], [217.0, 243.0], [230.0, 246.0], [245.0, 259.0]], "conversations": [{"role": "user", "content": [{"type": "image", "image": "/home/yrquni/Downloads/Unilab/PaDT/dataset/dataset_root/images/0009644.png"}, {"type": "text", "text": "偏下区域像小蛇一样弯曲的裂缝"}]}, {"role": "assistant", "content": [{"type": "text", "text": "<|object_ref_start|><|box_start|><528><2><682><656><|box_end|><|point_start|><574><323><|point_end|>"}]}], "boxes": [{"bbox": [1.0, 220.0, 273.0, 284.0], "point": [134.3882453882454, 238.9021879021879], "phrase": "偏下区域像小蛇一样弯曲的裂缝"}], "caption": "偏下区域像小蛇一样弯曲的裂缝"}
18071989	{"image_id": "refcrack_0009645_0009645_00_0", "width": 416, "height": 416, "vrt_indices": [55, 83, 112, 141, 229, 258, 346], "patch_points": [[367.0, 20.0], [360.0, 34.0], [360.0, 48.0], [360.0, 62.0], [372.0, 104.0], [375.0, 117.0], [383.0, 160.0]], "conversations": [{"role": "user", "content": [{"type": "image", "image": "/home/yrquni/Downloads/Unilab/PaDT/dataset/dataset_root/images/0009645.png"}, {"type": "text", "text": "右侧偏斜的一道裂缝"}]}, {"role": "assistant", "content": [{"type": "text", "text": "<|object_ref_start|><|box_start|><33><855><439><930><|box_end|><|point_start|><219><889><|point_end|>"}]}], "boxes": [{"bbox": [356.0, 14.0, 387.0, 183.0], "point": [370.08215297450425, 91.39943342776203], "phrase": "右侧偏斜的一道裂缝"}], "caption": "右侧偏斜的一道裂缝"}
18115275	{"image_id": "refcrack_0009645_0009645_01_0", "width": 416, "height": 416, "vrt_indices": [300, 359, 388, 417, 446, 475, 504, 532, 561, 590, 619, 676, 705, 734, 763, 792], "patch_points": [[143.0, 147.0], [156.0, 176.0], [159.0, 189.0], [159.0, 202.0], [158.0, 216.0], [159.0, 231.0], [158.0, 244.0], [147.0, 259.0], [143.0, 272.0], [143.0, 287.0], [144.0, 300.0], [131.0, 328.0], [129.0, 342.0], [132.0, 357.0], [131.0, 370.0], [128.0, 384.0]], "conversations": [{"role": "user", "content": [{"type": "image", "image": "/home/yrquni/Downloads/Unilab/PaDT/dataset/dataset_root/images/0009645.png"}, {"type": "text", "text": "左下方扭扭曲曲向上的裂缝"}]}, {"role": "assistant", "content": [{"type": "text", "text": "<|object_ref_start|><|box_start|><322><281><983><394><|box_end|><|point_start|><668><340><|point_end|>"}]}], "boxes": [{"bbox": [117.0, 134.0, 164.0, 409.0], "point": [141.81447202355912, 278.0079932688262], "phrase": "左下方扭扭曲曲向上的裂缝"}], "caption": "左下方扭扭曲曲向上的裂缝"}
18158561	{"image_id": "refcrack_0009645_0009645_01_1", "width": 416, "height": 416, "vrt_indices": [300, 359, 388, 417, 446, 475, 504, 532, 561, 590, 619, 676, 705, 734, 763, 792], "patch_points": [[143.0, 147.0], [156.0, 176.0], [159.0, 189.0], [159.0, 202.0], [158.0, 216.0], [159.0, 231.0], [158.0, 244.0], [147.0, 259.0], [143.0, 272.0], [143.0, 287.0], [144.0, 300.0], [131.0, 328.0], [129.0, 342.0], [132.0, 357.0], [131.0, 370.0], [128.0, 384.0]], "conversations": [{"role": "user", "content": [{"type": "image", "image": "/home/yrquni/Downloads/Unilab/PaDT/dataset/dataset_root/images/0009645.png"}, {"type": "text", "text": "左侧一带蜿蜒着向上的裂缝"}]}, {"role": "assistant", "content": [{"type": "text", "text": "<|object_ref_start|><|box_start|><322><281><983><394><|box_end|><|point_start|><668><340><|point_end|>"}]}], "boxes": [{"bbox": [117.0, 134.0, 164.0, 409.0], "point": [141.81447202355912, 278.0079932688262], "phrase": "左侧一带蜿蜒着向上的裂缝"}], "caption": "左侧一带蜿蜒着向上的裂缝"}
18201847	{"image_id": "refcrack_0009645_0009645_01_2", "width": 416, "height": 416, "vrt_indices": [300, 359, 388, 417, 446, 475, 504, 532, 561, 590, 619, 676, 705, 734, 763, 792], "patch_points": [[143.0, 147.0], [156.0, 176.0], [159.0, 189.0], [159.0, 202.0], [158.0, 216.0], [159.0, 231.0], [158.0, 244.0], [147.0, 259.0], [143.0, 272.0], [143.0, 287.0], [144.0, 300.0], [131.0, 328.0], [129.0, 342.0], [132.0, 357.0], [131.0, 370.0], [128.0, 384.0]], "conversations": [{"role": "user", "content": [{"type": "image", "image": "/home/yrquni/Downloads/Unilab/PaDT/dataset/dataset_root/images/0009645.png"}, {"type": "text", "text": "从下边偏左的地方曲折往上的裂缝"}]}, {"role": "assistant", "content": [{"type": "text", "text": "<|object_ref_start|><|box_start|><322><281><983><394><|box_end|><|point_start|><668><340><|point_end|>"}]}], "boxes": [{"bbox": [117.0, 134.0, 164.0, 409.0], "point": [141.81447202355912, 278.0079932688262], "phrase": "从下边偏左的地方曲折往上的裂缝"}], "caption": "从下边偏左的地方曲折往上的裂缝"}
18245133	{"image_id": "refcrack_0009645_0009645_01_4", "width": 416, "height": 416, "vrt_indices": [300, 359, 388, 417, 446, 475, 504, 532, 561, 590, 619, 676, 705, 734, 763, 792], "patch_points": [[143.0, 147.0], [156.0, 176.0], [159.0, 189.0], [159.0, 202.0], [158.0, 216.0], [159.0, 231.0], [158.0, 244.0], [147.0, 259.0], [143.0, 272.0], [143.0, 287.0], [144.0, 300.0], [131.0, 328.0], [129.0, 342.0], [132.0, 357.0], [131.0, 370.0], [128.0, 384.0]], "conversations": [{"role": "user", "content": [{"type": "image", "image": "/home/yrquni/Downloads/Unilab/PaDT/dataset/dataset_root/images/0009645.png"}, {"type": "text", "text": "左下边呈连续弯折、从下往上的裂缝"}]}, {"role": "assistant", "content": [{"type": "text", "text": "<|object_ref_start|><|box_start|><322><281><983><394><|box_end|><|point_start|><668><340><|point_end|>"}]}], "boxes": [{"bbox": [117.0, 134.0, 164.0, 409.0], "point": [141.81447202355912, 278.0079932688262], "phrase": "左下边呈连续弯折、从下往上的裂缝"}], "caption": "左下边呈连续弯折、从下往上的裂缝"}
18288419	{"image_id": "refcrack_0009655_0009655_00_0", "width": 416, "height": 416, "vrt_indices": [50, 79, 108, 137, 166, 195, 224, 253, 273, 282, 303, 304, 305, 306, 311, 336, 337, 368, 371, 372, 373, 374, 375, 427, 456, 485, 514, 572, 601, 630, 659, 688, 717, 746], "patch_points": [[304.0, 21.0], [303.0, 34.0], [302.0, 48.0], [303.0, 62.0], [304.0, 76.0], [302.0, 90.0], [301.0, 104.0], [299.0, 119.0], [177.0, 130.0], [298.0, 133.0], [190.0, 142.0], [203.0, 145.0], [217.0, 146.0], [230.0, 147.0], [298.0, 147.0], [246.0, 157.0], [258.0, 161.0], [287.0, 172.0], [329.0, 176.0], [342.0, 175.0], [357.0, 174.0], [371.0, 175.0], [385.0, 175.0], [301.0, 202.0], [302.0, 217.0], [302.0, 230.0], [304.0, 244.0], [303.0, 273.0], [303.0, 286.0], [302.0, 301.0], [303.0, 314.0], [302.0, 329.0], [301.0, 342.0], [300.0, 356.0]], "conversations": [{"role": "user", "content": [{"type": "image", "image": "/home/yrquni/Downloads/Unilab/PaDT/dataset/dataset_root/images/0009655.png"}, {"type": "text", "text": "十字形的裂缝"}]}, {"role": "assistant", "content": [{"type": "text", "text": "<|object_ref_start|><|box_start|><2><408><932><997><|box_end|><|point_start|><422><709><|point_end|>"}]}], "boxes": [{"bbox": [170.0, 1.0, 415.0, 388.0], "point": [295.22305124680935, 175.82132338503828], "phrase": "十字形的裂缝"}], "caption": "十字形的裂缝"}
18304981	{"image_id": "refcrack_0009655_0009655_00_1", "width": 416, "height": 416, "vrt_indices": [50, 79, 108, 137, 166, 195, 224, 253, 273, 282, 303, 304, 305, 306, 311, 336, 337, 368, 371, 372, 373, 374, 375, 427, 456, 485, 514, 572, 601, 630, 659, 688, 717, 746], "patch_points": [[304.0, 21.0], [303.0, 34.0], [302.0, 48.0], [303.0, 62.0], [304.0, 76.0], [302.0, 90.0], [301.0, 104.0], [299.0, 119.0], [177.0, 130.0], [298.0, 133.0], [190.0, 142.0], [203.0, 145.0], [217.0, 146.0], [230.0, 147.0], [298.0, 147.0], [246.0, 157.0], [258.0, 161.0], [287.0, 172.0], [329.0, 176.0], [342.0, 175.0], [357.0, 174.0], [371.0, 175.0], [385.0, 175.0], [301.0, 202.0], [302.0, 217.0], [302.0, 230.0], [304.0, 244.0], [303.0, 273.0], [303.0, 286.0], [302.0, 301.0], [303.0, 314.0], [302.0, 329.0], [301.0, 342.0], [300.0, 356.0]], "conversations": [{"role": "user", "content": [{"type": "image", "image": "/home/yrquni/Downloads/Unilab/PaDT/dataset/dataset_root/images/0009655.png"}, {"type": "text", "text": "画面右侧的交叉裂缝"}]}, {"role": "assistant", "content": [{"type": "text", "text": "<|object_ref_start|><|box_start|><2><408><932><997><|box_end|><|point_start|><422><709><|point_end|>"}]}], "boxes": [{"bbox": [170.0, 1.0, 415.0, 388.0], "point": [295.22305124680935, 175.82132338503828], "phrase": "画面右侧的交叉裂缝"}], "caption": "画面右侧的交叉裂缝"}
18321543	{"image_id": "refcrack_0009655_0009655_00_3", "width": 416, "height": 416, "vrt_indices": [50, 79, 108, 137, 166, 195, 224, 253, 273, 282, 303, 304, 305, 306, 311, 336, 337, 368, 371, 372, 373, 374, 375, 427, 456, 485, 514, 572, 601, 630, 659, 688, 717, 746], "patch_points": [[304.0, 21.0], [303.0, 34.0], [302.0, 48.0], [303.0, 62.0], [304.0, 76.0], [302.0, 90.0], [301.0, 104.0], [299.0, 119.0], [177.0, 130.0], [298.0, 133.0], [190.0, 142.0], [203.0, 145.0], [217.0, 146.0], [230.0, 147.0], [298.0, 147.0], [246.0, 157.0], [258.0, 161.0], [287.0, 172.0], [329.0, 176.0], [342.0, 175.0], [357.0, 174.0], [371.0, 175.0], [385.0, 175.0], [301.0, 202.0], [302.0, 217.0], [302.0, 230.0], [304.0, 244.0], [303.0, 273.0], [303.0, 286.0], [302.0, 301.0], [303.0, 314.0], [302.0, 329.0], [301.0, 342.0], [300.0, 356.0]], "conversations": [{"role": "user", "content": [{"type": "image", "image": "/home/yrquni/Downloads/Unilab/PaDT/dataset/dataset_root/images/0009655.png"}, {"type": "text", "text": "与左侧弯曲裂缝无关的十字裂缝"}]}, {"role": "assistant", "content": [{"type": "text", "text": "<|object_ref_start|><|box_start|><2><408><932><997><|box_end|><|point_start|><422><709><|point_end|>"}]}], "boxes": [{"bbox": [170.0, 1.0, 415.0, 388.0], "point": [295.22305124680935, 175.82132338503828], "phrase": "与左侧弯曲裂缝无关的十字裂缝"}], "caption": "与左侧弯曲裂缝无关的十字裂缝"}
18338105	{"image_id": "refcrack_0009656_0009656_00_0", "width": 416, "height": 416, "vrt_indices": [14, 43, 170, 171, 172, 192, 193, 194, 208, 209, 210, 218, 233, 247, 277, 306, 336, 365, 424, 454], "patch_points": [[203.0, 6.0], [205.0, 20.0], [356.0, 75.0], [371.0, 73.0], [384.0, 73.0], [258.0, 89.0], [272.0, 87.0], [286.0, 85.0], [77.0, 101.0], [90.0, 100.0], [104.0, 99.0], [217.0, 104.0], [17.0, 113.0], [220.0, 117.0], [229.0, 133.0], [234.0, 144.0], [245.0, 160.0], [247.0, 174.0], [259.0, 202.0], [271.0, 214.0]], "conversations": [{"role": "user", "content": [{"type": "image", "image": "/home/yrquni/Downloads/Unilab/PaDT/dataset/dataset_root/images/0009656.png"}, {"type": "text", "text": "图像中间的十字裂缝"}]}, {"role": "assistant", "content": [{"type": "text", "text": "<|object_ref_start|><|box_start|><0><0><524><961><|box_end|><|point_start|><245><522><|point_end|>"}]}], "boxes": [{"bbox": [0.0, 0.0, 400.0, 218.0], "point": [217.42289442467379, 102.20581257413997], "phrase": "图像中间的十字裂缝"}], "caption": "图像中间的十字裂缝"}
18354039	{"image_id": "refcrack_0009656_0009656_01_0", "width": 416, "height": 416, "vrt_indices": [568, 597, 626, 654, 683, 712, 741, 770, 799, 828], "patch_points": [[242.0, 273.0], [243.0, 287.0], [241.0, 300.0], [232.0, 315.0], [229.0, 328.0], [229.0, 343.0], [231.0, 356.0], [230.0, 371.0], [229.0, 384.0], [228.0, 399.0]], "conversations": [{"role": "user", "content": [{"type": "image", "image": "/home/yrquni/Downloads/Unilab/PaDT/dataset/dataset_root/images/0009656.png"}, {"type": "text", "text": "下方偏中的竖直裂缝"}]}, {"role": "assistant", "content": [{"type": "text", "text": "<|object_ref_start|><|box_start|><625><536><997><596><|box_end|><|point_start|><808><561><|point_end|>"}]}], "boxes": [{"bbox": [223.0, 260.0, 248.0, 415.0], "point": [233.48070412999323, 336.2484766418416], "phrase": "下方偏中的竖直裂缝"}], "caption": "下方偏中的竖直裂缝"}
18369973	{"image_id": "refcrack_0009656_0009656_01_2", "width": 416, "height": 416, "vrt_indices": [568, 597, 626, 654, 683, 712, 741, 770, 799, 828], "patch_points": [[242.0, 273.0], [243.0, 287.0], [241.0, 300.0], [232.0, 315.0], [229.0, 328.0], [229.0, 343.0], [231.0, 356.0], [230.0, 371.0], [229.0, 384.0], [228.0, 399.0]], "conversations": [{"role": "user", "content": [{"type": "image", "image": "/home/yrquni/Downloads/Unilab/PaDT/dataset/dataset_root/images/0009656.png"}, {"type": "text", "text": "中间偏下、走势垂直略带弯曲的裂缝"}]}, {"role": "assistant", "content": [{"type": "text", "text": "<|object_ref_start|><|box_start|><625><536><997><596><|box_end|><|point_start|><808><561><|point_end|>"}]}], "boxes": [{"bbox": [223.0, 260.0, 248.0, 415.0], "point": [233.48070412999323, 336.2484766418416], "phrase": "中间偏下、走势垂直略带弯曲的裂缝"}], "caption": "中间偏下、走势垂直略带弯曲的裂缝"}
18385907	{"image_id": "refcrack_0009656_0009656_01_4", "width": 416, "height": 416, "vrt_indices": [568, 597, 626, 654, 683, 712, 741, 770, 799, 828], "patch_points": [[242.0, 273.0], [243.0, 287.0], [241.0, 300.0], [232.0, 315.0], [229.0, 328.0], [229.0, 343.0], [231.0, 356.0], [230.0, 371.0], [229.0, 384.0], [228.0, 399.0]], "conversations": [{"role": "user", "content": [{"type": "image", "image": "/home/yrquni/Downloads/Unilab/PaDT/dataset/dataset_root/images/0009656.png"}, {"type": "text", "text": "中下部区域，竖直且形态稍曲折的裂缝"}]}, {"role": "assistant", "content": [{"type": "text", "text": "<|object_ref_start|><|box_start|><625><536><997><596><|box_end|><|point_start|><808><561><|point_end|>"}]}], "boxes": [{"bbox": [223.0, 260.0, 248.0, 415.0], "point": [233.48070412999323, 336.2484766418416], "phrase": "中下部区域，竖直且形态稍曲折的裂缝"}], "caption": "中下部区域，竖直且形态稍曲折的裂缝"}
18401841	{"image_id": "refcrack_0009656_0009656_02_1", "width": 416, "height": 416, "vrt_indices": [578, 695, 724], "patch_points": [[388.0, 272.0], [400.0, 329.0], [402.0, 342.0]], "conversations": [{"role": "user", "content": [{"type": "image", "image": "/home/yrquni/Downloads/Unilab/PaDT/dataset/dataset_root/images/0009656.png"}, {"type": "text", "text": "右下角延伸较长的裂缝"}]}, {"role": "assistant", "content": [{"type": "text", "text": "<|object_ref_start|><|box_start|><629><918><920><997><|box_end|><|point_start|><774><962><|point_end|>"}]}], "boxes": [{"bbox": [382.0, 262.0, 415.0, 383.0], "point": [400.2024117140396, 322.09043927648577], "phrase": "右下角延伸较长的裂缝"}], "caption": "右下角延伸较长的裂缝"}
18417775	{"image_id": "refcrack_0009656_0009656_02_2", "width": 416, "height": 416, "vrt_indices": [578, 695, 724], "patch_points": [[388.0, 272.0], [400.0, 329.0], [402.0, 342.0]], "conversations": [{"role": "user", "content": [{"type": "image", "image": "/home/yrquni/Downloads/Unilab/PaDT/dataset/dataset_root/images/0009656.png"}, {"type": "text", "text": "右下角呈S形的裂缝"}]}, {"role": "assistant", "content": [{"type": "text", "text": "<|object_ref_start|><|box_start|><629><918><920><997><|box_end|><|point_start|><774><962><|point_end|>"}]}], "boxes": [{"bbox": [382.0, 262.0, 415.0, 383.0], "point": [400.2024117140396, 322.09043927648577], "phrase": "右下角呈S形的裂缝"}], "caption": "右下角呈S形的裂缝"}
18433709	{"image_id": "refcrack_0009656_0009656_02_3", "width": 416, "height": 416, "vrt_indices": [578, 695, 724], "patch_points": [[388.0, 272.0], [400.0, 329.0], [402.0, 342.0]], "conversations": [{"role": "user", "content": [{"type": "image", "image": "/home/yrquni/Downloads/Unilab/PaDT/dataset/dataset_root/images/0009656.png"}, {"type": "text", "text": "右侧偏下、弯弯曲曲的裂缝"}]}, {"role": "assistant", "content": [{"type": "text", "text": "<|object_ref_start|><|box_start|><629><918><920><997><|box_end|><|point_start|><774><962><|point_end|>"}]}], "boxes": [{"bbox": [382.0, 262.0, 415.0, 383.0], "point": [400.2024117140396, 322.09043927648577], "phrase": "右侧偏下、弯弯曲曲的裂缝"}], "caption": "右侧偏下、弯弯曲曲的裂缝"}
18449643	{"image_id": "refcrack_0009658_0009658_00_0", "width": 416, "height": 416, "vrt_indices": [100, 129, 246, 275, 392, 421, 509], "patch_points": [[185.0, 49.0], [187.0, 62.0], [200.0, 118.0], [204.0, 132.0], [215.0, 189.0], [218.0, 202.0], [227.0, 242.0]], "conversations": [{"role": "user", "content": [{"type": "image", "image": "/home/yrquni/Downloads/Unilab/PaDT/dataset/dataset_root/images/0009658.png"}, {"type": "text", "text": "墙面上方垂直向下的裂缝"}]}, {"role": "assistant", "content": [{"type": "text", "text": "<|object_ref_start|><|box_start|><4><413><593><555><|box_end|><|point_start|><314><486><|point_end|>"}]}], "boxes": [{"bbox": [172.0, 2.0, 231.0, 247.0], "point": [202.43741109530583, 130.7311522048364], "phrase": "墙面上方垂直向下的裂缝"}], "caption": "墙面上方垂直向下的裂缝"}
18469013	{"image_id": "refcrack_0009658_0009658_00_1", "width": 416, "height": 416, "vrt_indices": [100, 129, 246, 275, 392, 421, 509], "patch_points": [[185.0, 49.0], [187.0, 62.0], [200.0, 118.0], [204.0, 132.0], [215.0, 189.0], [218.0, 202.0], [227.0, 242.0]], "conversations": [{"role": "user", "content": [{"type": "image", "image": "/home/yrquni/Downloads/Unilab/PaDT/dataset/dataset_root/images/0009658.png"}, {"type": "text", "text": "从墙面高处垂到水平边的裂缝"}]}, {"role": "assistant", "content": [{"type": "text", "text": "<|object_ref_start|><|box_start|><4><413><593><555><|box_end|><|point_start|><314><486><|point_end|>"}]}], "boxes": [{"bbox": [172.0, 2.0, 231.0, 247.0], "point": [202.43741109530583, 130.7311522048364], "phrase": "从墙面高处垂到水平边的裂缝"}], "caption": "从墙面高处垂到水平边的裂缝"}
18488383	{"image_id": "refcrack_0009658_0009658_00_2", "width": 416, "height": 416, "vrt_indices": [100, 129, 246, 275, 392, 421, 509], "patch_points": [[185.0, 49.0], [187.0, 62.0], [200.0, 118.0], [204.0, 132.0], [215.0, 189.0], [218.0, 202.0], [227.0, 242.0]], "conversations": [{"role": "user", "content": [{"type": "image", "image": "/home/yrquni/Downloads/Unilab/PaDT/dataset/dataset_root/images/0009658.png"}, {"type": "text", "text": "墙面与下方砌块衔接线上方的垂直缝"}]}, {"role": "assistant", "content": [{"type": "text", "text": "<|object_ref_start|><|box_start|><4><413><593><555><|box_end|><|point_start|><314><486><|point_end|>"}]}], "boxes": [{"bbox": [172.0, 2.0, 231.0, 247.0], "point": [202.43741109530583, 130.7311522048364], "phrase": "墙面与下方砌块衔接线上方的垂直缝"}], "caption": "墙面与下方砌块衔接线上方的垂直缝"}
18507753	{"image_id": "refcrack_0009658_0009658_00_3", "width": 416, "height": 416, "vrt_indices": [100, 129, 246, 275, 392, 421, 509], "patch_points": [[185.0, 49.0], [187.0, 62.0], [200.0, 118.0], [204.0, 132.0], [215.0, 189.0], [218.0, 202.0], [227.0, 242.0]], "conversations": [{"role": "user", "content": [{"type": "image", "image": "/home/yrquni/Downloads/Unilab/PaDT/dataset/dataset_root/images/0009658.png"}, {"type": "text", "text": "垂直向下、尽头挨着水平接缝的裂缝"}]}, {"role": "assistant", "content": [{"type": "text", "text": "<|object_ref_start|><|box_start|><4><413><593><555><|box_end|><|point_start|><314><486><|point_end|>"}]}], "boxes": [{"bbox": [172.0, 2.0, 231.0, 247.0], "point": [202.43741109530583, 130.7311522048364], "phrase": "垂直向下、尽头挨着水平接缝的裂缝"}], "caption": "垂直向下、尽头挨着水平接缝的裂缝"}
18527123	{"image_id": "refcrack_0009658_0009658_00_4", "width": 416, "height": 416, "vrt_indices": [100, 129, 246, 275, 392, 421, 509], "patch_points": [[185.0, 49.0], [187.0, 62.0], [200.0, 118.0], [204.0, 132.0], [215.0, 189.0], [218.0, 202.0], [227.0, 242.0]], "conversations": [{"role": "user", "content": [{"type": "image", "image": "/home/yrquni/Downloads/Unilab/PaDT/dataset/dataset_root/images/0009658.png"}, {"type": "text", "text": "浅灰墙面上，垂直向下并接入横向缝隙的裂缝"}]}, {"role": "assistant", "content": [{"type": "text", "text": "<|object_ref_start|><|box_start|><4><413><593><555><|box_end|><|point_start|><314><486><|point_end|>"}]}], "boxes": [{"bbox": [172.0, 2.0, 231.0, 247.0], "point": [202.43741109530583, 130.7311522048364], "phrase": "浅灰墙面上，垂直向下并接入横向缝隙的裂缝"}], "caption": "浅灰墙面上，垂直向下并接入横向缝隙的裂缝"}
18546493	{"image_id": "refcrack_0009660_0009660_00_2", "width": 416, "height": 416, "vrt_indices": [54, 83, 112, 141, 170, 199, 228, 257, 286], "patch_points": [[358.0, 20.0], [358.0, 34.0], [357.0, 49.0], [357.0, 63.0], [359.0, 77.0], [360.0, 90.0], [360.0, 105.0], [357.0, 118.0], [356.0, 133.0]], "conversations": [{"role": "user", "content": [{"type": "image", "image": "/home/yrquni/Downloads/Unilab/PaDT/dataset/dataset_root/images/0009660.png"}, {"type": "text", "text": "挨着水平分隔带右侧，笔直向下的裂缝"}]}, {"role": "assistant", "content": [{"type": "text", "text": "<|object_ref_start|><|box_start|><4><848><336><875><|box_end|><|point_start|><169><861><|point_end|>"}]}], "boxes": [{"bbox": [353.0, 2.0, 364.0, 140.0], "point": [358.1931956257594, 70.52126366950182], "phrase": "挨着水平分隔带右侧，笔直向下的裂缝"}], "caption": "挨着水平分隔带右侧，笔直向下的裂缝"}
18568087	{"image_id": "refcrack_0009660_0009660_00_3", "width": 416, "height": 416, "vrt_indices": [54, 83, 112, 141, 170, 199, 228, 257, 286], "patch_points": [[358.0, 20.0], [358.0, 34.0], [357.0, 49.0], [357.0, 63.0], [359.0, 77.0], [360.0, 90.0], [360.0, 105.0], [357.0, 118.0], [356.0, 133.0]], "conversations": [{"role": "user", "content": [{"type": "image", "image": "/home/yrquni/Downloads/Unilab/PaDT/dataset/dataset_root/images/0009660.png"}, {"type": "text", "text": "从水平带右侧边缘起始，垂直贯穿下部墙面的裂缝"}]}, {"role": "assistant", "content": [{"type": "text", "text": "<|object_ref_start|><|box_start|><4><848><336><875><|box_end|><|point_start|><169><861><|point_end|>"}]}], "boxes": [{"bbox": [353.0, 2.0, 364.0, 140.0], "point": [358.1931956257594, 70.52126366950182], "phrase": "从水平带右侧边缘起始，垂直贯穿下部墙面的裂缝"}], "caption": "从水平带右侧边缘起始，垂直贯穿下部墙面的裂缝"}
18589681	{"image_id": "refcrack_0009660_0009660_00_4", "width": 416, "height": 416, "vrt_indices": [54, 83, 112, 141, 170, 199, 228, 257, 286], "patch_points": [[358.0, 20.0], [358.0, 34.0], [357.0, 49.0], [357.0, 63.0], [359.0, 77.0], [360.0, 90.0], [360.0, 105.0], [357.0, 118.0], [356.0, 133.0]], "conversations": [{"role": "user", "content": [{"type": "image", "image": "/home/yrquni/Downloads/Unilab/PaDT/dataset/dataset_root/images/0009660.png"}, {"type": "text", "text": "水平灰带右侧区域，自上而下线条较直的裂缝"}]}, {"role": "assistant", "content": [{"type": "text", "text": "<|object_ref_start|><|box_start|><4><848><336><875><|box_end|><|point_start|><169><861><|point_end|>"}]}], "boxes": [{"bbox": [353.0, 2.0, 364.0, 140.0], "point": [358.1931956257594, 70.52126366950182], "phrase": "水平灰带右侧区域，自上而下线条较直的裂缝"}], "caption": "水平灰带右侧区域，自上而下线条较直的裂缝"}
18611275	{"image_id": "refcrack_0009660_0009660_01_0", "width": 416, "height": 416, "vrt_indices": [362, 449, 478, 594], "patch_points": [[203.0, 176.0], [201.0, 217.0], [200.0, 230.0], [198.0, 286.0]], "conversations": [{"role": "user", "content": [{"type": "image", "image": "/home/yrquni/Downloads/Unilab/PaDT/dataset/dataset_root/images/0009660.png"}, {"type": "text", "text": "从水平灰缝垂直往下的裂缝"}]}, {"role": "assistant", "content": [{"type": "text", "text": "<|object_ref_start|><|box_start|><411><449><997><497><|box_end|><|point_start|><689><472><|point_end|>"}]}], "boxes": [{"bbox": [187.0, 171.0, 207.0, 415.0], "point": [196.68017057569296, 286.728500355366], "phrase": "从水平灰缝垂直往下的裂缝"}], "caption": "从水平灰缝垂直往下的裂缝"}
18632869	{"image_id": "refcrack_0009660_0009660_01_1", "width": 416, "height": 416, "vrt_indices": [362, 449, 478, 594], "patch_points": [[203.0, 176.0], [201.0, 217.0], [200.0, 230.0], [198.0, 286.0]], "conversations": [{"role": "user", "content": [{"type": "image", "image": "/home/yrquni/Downloads/Unilab/PaDT/dataset/dataset_root/images/0009660.png"}, {"type": "text", "text": "墙面中间竖直的裂缝"}]}, {"role": "assistant", "content": [{"type": "text", "text": "<|object_ref_start|><|box_start|><411><449><997><497><|box_end|><|point_start|><689><472><|point_end|>"}]}], "boxes": [{"bbox": [187.0, 171.0, 207.0, 415.0], "point": [196.68017057569296, 286.728500355366], "phrase": "墙面中间竖直的裂缝"}], "caption": "墙面中间竖直的裂缝"}
18654463	{"image_id": "refcrack_0009660_0009660_01_2", "width": 416, "height": 416, "vrt_indices": [362, 449, 478, 594], "patch_points": [[203.0, 176.0], [201.0, 217.0], [200.0, 230.0], [198.0, 286.0]], "conversations": [{"role": "user", "content": [{"type": "image", "image": "/home/yrquni/Downloads/Unilab/PaDT/dataset/dataset_root/images/0009660.png"}, {"type": "text", "text": "笔直从水平灰缝往下延伸的裂缝"}]}, {"role": "assistant", "content": [{"type": "text", "text": "<|object_ref_start|><|box_start|><411><449><997><497><|box_end|><|point_start|><689><472><|point_end|>"}]}], "boxes": [{"bbox": [187.0, 171.0, 207.0, 415.0], "point": [196.68017057569296, 286.728500355366], "phrase": "笔直从水平灰缝往下延伸的裂缝"}], "caption": "笔直从水平灰缝往下延伸的裂缝"}
18676057	{"image_id": "refcrack_0009660_0009660_01_3", "width": 416, "height": 416, "vrt_indices": [362, 449, 478, 594], "patch_points": [[203.0, 176.0], [201.0, 217.0], [200.0, 230.0], [198.0, 286.0]], "conversations": [{"role": "user", "content": [{"type": "image", "image": "/home/yrquni/Downloads/Unilab/PaDT/dataset/dataset_root/images/0009660.png"}, {"type": "text", "text": "中下部墙面从灰缝垂直向下的裂缝"}]}, {"role": "assistant", "content": [{"type": "text", "text": "<|object_ref_start|><|box_start|><411><449><997><497><|box_end|><|point_start|><689><472><|point_end|>"}]}], "boxes": [{"bbox": [187.0, 171.0, 207.0, 415.0], "point": [196.68017057569296, 286.728500355366], "phrase": "中下部墙面从灰缝垂直向下的裂缝"}], "caption": "中下部墙面从灰缝垂直向下的裂缝"}
18697651	{"image_id": "refcrack_0009660_0009660_01_4", "width": 416, "height": 416, "vrt_indices": [362, 449, 478, 594], "patch_points": [[203.0, 176.0], [201.0, 217.0], [200.0, 230.0], [198.0, 286.0]], "conversations": [{"role": "user", "content": [{"type": "image", "image": "/home/yrquni/Downloads/Unilab/PaDT/dataset/dataset_root/images/0009660.png"}, {"type": "text", "text": "浅灰墙面水平缝处垂直向下的笔直裂缝"}]}, {"role": "assistant", "content": [{"type": "text", "text": "<|object_ref_start|><|box_start|><411><449><997><497><|box_end|><|point_start|><689><472><|point_end|>"}]}], "boxes": [{"bbox": [187.0, 171.0, 207.0, 415.0], "point": [196.68017057569296, 286.728500355366], "phrase": "浅灰墙面水平缝处垂直向下的笔直裂缝"}], "caption": "浅灰墙面水平缝处垂直向下的笔直裂缝"}
18719245	{"image_id": "refcrack_0009664_0009664_00_0", "width": 416, "height": 416, "vrt_indices": [47, 76, 105, 134, 163, 192, 221, 250, 279, 308], "patch_points": [[258.0, 21.0], [259.0, 34.0], [260.0, 48.0], [261.0, 62.0], [259.0, 77.0], [256.0, 90.0], [257.0, 105.0], [259.0, 119.0], [259.0, 132.0], [258.0, 143.0]], "conversations": [{"role": "user", "content": [{"type": "image", "image": "/home/yrquni/Downloads/Unilab/PaDT/dataset/dataset_root/images/0009664.png"}, {"type": "text", "text": "偏上位置竖直的裂缝"}]}, {"role": "assistant", "content": [{"type": "text", "text": "<|object_ref_start|><|box_start|><12><608><355><634><|box_end|><|point_start|><179><621><|point_end|>"}]}], "boxes": [{"bbox": [253.0, 5.0, 264.0, 148.0], "point": [258.5168661588683, 74.78890097932535], "phrase": "偏上位置竖直的裂缝"}], "caption": "偏上位置竖直的裂缝"}
18746407	{"image_id": "refcrack_0009664_0009664_00_2", "width": 416, "height": 416, "vrt_indices": [47, 76, 105, 134, 163, 192, 221, 250, 279, 308], "patch_points": [[258.0, 21.0], [259.0, 34.0], [260.0, 48.0], [261.0, 62.0], [259.0, 77.0], [256.0, 90.0], [257.0, 105.0], [259.0, 119.0], [259.0, 132.0], [258.0, 143.0]], "conversations": [{"role": "user", "content": [{"type": "image", "image": "/home/yrquni/Downloads/Unilab/PaDT/dataset/dataset_root/images/0009664.png"}, {"type": "text", "text": "墙中上部，纵向延伸且上部开裂的裂缝"}]}, {"role": "assistant", "content": [{"type": "text", "text": "<|object_ref_start|><|box_start|><12><608><355><634><|box_end|><|point_start|><179><621><|point_end|>"}]}], "boxes": [{"bbox": [253.0, 5.0, 264.0, 148.0], "point": [258.5168661588683, 74.78890097932535], "phrase": "墙中上部，纵向延伸且上部开裂的裂缝"}], "caption": "墙中上部，纵向延伸且上部开裂的裂缝"}
18773569	{"image_id": "refcrack_0009664_0009664_01_0", "width": 416, "height": 416, "vrt_indices": [568, 597, 683, 712, 799], "patch_points": [[241.0, 273.0], [241.0, 286.0], [232.0, 329.0], [229.0, 343.0], [228.0, 384.0]], "conversations": [{"role": "user", "content": [{"type": "image", "image": "/home/yrquni/Downloads/Unilab/PaDT/dataset/dataset_root/images/0009664.png"}, {"type": "text", "text": "墙面下方的一道弯弯曲曲的长裂缝"}]}, {"role": "assistant", "content": [{"type": "text", "text": "<|object_ref_start|><|box_start|><512><528><997><588><|box_end|><|point_start|><753><561><|point_end|>"}]}], "boxes": [{"bbox": [220.0, 213.0, 245.0, 415.0], "point": [233.78308535630384, 313.6123727486296], "phrase": "墙面下方的一道弯弯曲曲的长裂缝"}], "caption": "墙面下方的一道弯弯曲曲的长裂缝"}
18800731	{"image_id": "refcrack_0009664_0009664_01_2", "width": 416, "height": 416, "vrt_indices": [568, 597, 683, 712, 799], "patch_points": [[241.0, 273.0], [241.0, 286.0], [232.0, 329.0], [229.0, 343.0], [228.0, 384.0]], "conversations": [{"role": "user", "content": [{"type": "image", "image": "/home/yrquni/Downloads/Unilab/PaDT/dataset/dataset_root/images/0009664.png"}, {"type": "text", "text": "差不多竖直但中间拐了弯的长裂缝"}]}, {"role": "assistant", "content": [{"type": "text", "text": "<|object_ref_start|><|box_start|><512><528><997><588><|box_end|><|point_start|><753><561><|point_end|>"}]}], "boxes": [{"bbox": [220.0, 213.0, 245.0, 415.0], "point": [233.78308535630384, 313.6123727486296], "phrase": "差不多竖直但中间拐了弯的长裂缝"}], "caption": "差不多竖直但中间拐了弯的长裂缝"}
18827893	{"image_id": "refcrack_0009664_0009664_01_3", "width": 416, "height": 416, "vrt_indices": [568, 597, 683, 712, 799], "patch_points": [[241.0, 273.0], [241.0, 286.0], [232.0, 329.0], [229.0, 343.0], [228.0, 384.0]], "conversations": [{"role": "user", "content": [{"type": "image", "image": "/home/yrquni/Downloads/Unilab/PaDT/dataset/dataset_root/images/0009664.png"}, {"type": "text", "text": "从墙的下边往上延伸、路线弯弯的裂缝"}]}, {"role": "assistant", "content": [{"type": "text", "text": "<|object_ref_start|><|box_start|><512><528><997><588><|box_end|><|point_start|><753><561><|point_end|>"}]}], "boxes": [{"bbox": [220.0, 213.0, 245.0, 415.0], "point": [233.78308535630384, 313.6123727486296], "phrase": "从墙的下边往上延伸、路线弯弯的裂缝"}], "caption": "从墙的下边往上延伸、路线弯弯的裂缝"}
18855055	{"image_id": "refcrack_0009664_0009664_01_4", "width": 416, "height": 416, "vrt_indices": [568, 597, 683, 712, 799], "patch_points": [[241.0, 273.0], [241.0, 286.0], [232.0, 329.0], [229.0, 343.0], [228.0, 384.0]], "conversations": [{"role": "user", "content": [{"type": "image", "image": "/home/yrquni/Downloads/Unilab/PaDT/dataset/dataset_root/images/0009664.png"}, {"type": "text", "text": "下部起头，往上走呈折线、弯了好几下的裂缝"}]}, {"role": "assistant", "content": [{"type": "text", "text": "<|object_ref_start|><|box_start|><512><528><997><588><|box_end|><|point_start|><753><561><|point_end|>"}]}], "boxes": [{"bbox": [220.0, 213.0, 245.0, 415.0], "point": [233.78308535630384, 313.6123727486296], "phrase": "下部起头，往上走呈折线、弯了好几下的裂缝"}], "caption": "下部起头，往上走呈折线、弯了好几下的裂缝"}
18882217	{"image_id": "refcrack_0009665_0009665_00_0", "width": 416, "height": 416, "vrt_indices": [345, 362, 363, 364], "patch_points": [[369.0, 157.0], [203.0, 173.0], [216.0, 174.0], [230.0, 173.0]], "conversations": [{"role": "user", "content": [{"type": "image", "image": "/home/yrquni/Downloads/Unilab/PaDT/dataset/dataset_root/images/0009665.png"}, {"type": "text", "text": "偏右侧呈波浪形的裂缝"}]}, {"role": "assistant", "content": [{"type": "text", "text": "<|object_ref_start|><|box_start|><341><459><427><985><|box_end|><|point_start|><393><724><|point_end|>"}]}], "boxes": [{"bbox": [191.0, 142.0, 410.0, 178.0], "point": [301.52206896551724, 163.71241379310345], "phrase": "偏右侧呈波浪形的裂缝"}], "caption": "偏右侧呈波浪形的裂缝"}
18909647	{"image_id": "refcrack_0009665_0009665_00_2", "width": 416, "height": 416, "vrt_indices": [345, 362, 363, 364], "patch_points": [[369.0, 157.0], [203.0, 173.0], [216.0, 174.0], [230.0, 173.0]], "conversations": [{"role": "user", "content": [{"type": "image", "image": "/home/yrquni/Downloads/Unilab/PaDT/dataset/dataset_root/images/0009665.png"}, {"type": "text", "text": "从中间偏右往左曲折延伸的裂缝"}]}, {"role": "assistant", "content": [{"type": "text", "text": "<|object_ref_start|><|box_start|><341><459><427><985><|box_end|><|point_start|><393><724><|point_end|>"}]}], "boxes": [{"bbox": [191.0, 142.0, 410.0, 178.0], "point": [301.52206896551724, 163.71241379310345], "phrase": "从中间偏右往左曲折延伸的裂缝"}], "caption": "从中间偏右往左曲折延伸的裂缝"}
18937077	{"image_id": "refcrack_0009665_0009665_00_3", "width": 416, "height": 416, "vrt_indices": [345, 362, 363, 364], "patch_points": [[369.0, 157.0], [203.0, 173.0], [216.0, 174.0], [230.0, 173.0]], "conversations": [{"role": "user", "content": [{"type": "image", "image": "/home/yrquni/Downloads/Unilab/PaDT/dataset/dataset_root/images/0009665.png"}, {"type": "text", "text": "右侧连贯且带小弯折的裂缝"}]}, {"role": "assistant", "content": [{"type": "text", "text": "<|object_ref_start|><|box_start|><341><459><427><985><|box_end|><|point_start|><393><724><|point_end|>"}]}], "boxes": [{"bbox": [191.0, 142.0, 410.0, 178.0], "point": [301.52206896551724, 163.71241379310345], "phrase": "右侧连贯且带小弯折的裂缝"}], "caption": "右侧连贯且带小弯折的裂缝"}
18964507	{"image_id": "refcrack_0009665_0009665_00_4", "width": 416, "height": 416, "vrt_indices": [345, 362, 363, 364], "patch_points": [[369.0, 157.0], [203.0, 173.0], [216.0, 174.0], [230.0, 173.0]], "conversations": [{"role": "user", "content": [{"type": "image", "image": "/home/yrquni/Downloads/Unilab/PaDT/dataset/dataset_root/images/0009665.png"}, {"type": "text", "text": "灰白表面上，中间偏右开始小幅弯折的裂缝"}]}, {"role": "assistant", "content": [{"type": "text", "text": "<|object_ref_start|><|box_start|><341><459><427><985><|box_end|><|point_start|><393><724><|point_end|>"}]}], "boxes": [{"bbox": [191.0, 142.0, 410.0, 178.0], "point": [301.52206896551724, 163.71241379310345], "phrase": "灰白表面上，中间偏右开始小幅弯折的裂缝"}], "caption": "灰白表面上，中间偏右开始小幅弯折的裂缝"}
18991937	{"image_id": "refcrack_0009666_0009666_00_0", "width": 416, "height": 416, "vrt_indices": [508, 509, 510, 511, 513, 514, 519, 520], "patch_points": [[217.0, 242.0], [230.0, 240.0], [245.0, 241.0], [258.0, 245.0], [286.0, 243.0], [301.0, 241.0], [371.0, 241.0], [384.0, 245.0]], "conversations": [{"role": "user", "content": [{"type": "image", "image": "/home/yrquni/Downloads/Unilab/PaDT/dataset/dataset_root/images/0009666.png"}, {"type": "text", "text": "右侧呈波浪形的长裂缝"}]}, {"role": "assistant", "content": [{"type": "text", "text": "<|object_ref_start|><|box_start|><555><490><603><997><|box_end|><|point_start|><580><746><|point_end|>"}]}], "boxes": [{"bbox": [204.0, 231.0, 415.0, 251.0], "point": [310.35493827160496, 241.6226851851852], "phrase": "右侧呈波浪形的长裂缝"}], "caption": "右侧呈波浪形的长裂缝"}
19019411	{"image_id": "refcrack_0009666_0009666_00_1", "width": 416, "height": 416, "vrt_indices": [508, 509, 510, 511, 513, 514, 519, 520], "patch_points": [[217.0, 242.0], [230.0, 240.0], [245.0, 241.0], [258.0, 245.0], [286.0, 243.0], [301.0, 241.0], [371.0, 241.0], [384.0, 245.0]], "conversations": [{"role": "user", "content": [{"type": "image", "image": "/home/yrquni/Downloads/Unilab/PaDT/dataset/dataset_root/images/0009666.png"}, {"type": "text", "text": "从中部偏右向右延伸、有曲折的裂缝"}]}, {"role": "assistant", "content": [{"type": "text", "text": "<|object_ref_start|><|box_start|><555><490><603><997><|box_end|><|point_start|><580><746><|point_end|>"}]}], "boxes": [{"bbox": [204.0, 231.0, 415.0, 251.0], "point": [310.35493827160496, 241.6226851851852], "phrase": "从中部偏右向右延伸、有曲折的裂缝"}], "caption": "从中部偏右向右延伸、有曲折的裂缝"}
19046885	{"image_id": "refcrack_0009666_0009666_00_3", "width": 416, "height": 416, "vrt_indices": [508, 509, 510, 511, 513, 514, 519, 520], "patch_points": [[217.0, 242.0], [230.0, 240.0], [245.0, 241.0], [258.0, 245.0], [286.0, 243.0], [301.0, 241.0], [371.0, 241.0], [384.0, 245.0]], "conversations": [{"role": "user", "content": [{"type": "image", "image": "/home/yrquni/Downloads/Unilab/PaDT/dataset/dataset_root/images/0009666.png"}, {"type": "text", "text": "墙面中右部分，连续弯折的长裂缝"}]}, {"role": "assistant", "content": [{"type": "text", "text": "<|object_ref_start|><|box_start|><555><490><603><997><|box_end|><|point_start|><580><746><|point_end|>"}]}], "boxes": [{"bbox": [204.0, 231.0, 415.0, 251.0], "point": [310.35493827160496, 241.6226851851852], "phrase": "墙面中右部分，连续弯折的长裂缝"}], "caption": "墙面中右部分，连续弯折的长裂缝"}
19074359	{"image_id": "refcrack_0009666_0009666_00_4", "width": 416, "height": 416, "vrt_indices": [508, 509, 510, 511, 513, 514, 519, 520], "patch_points": [[217.0, 242.0], [230.0, 240.0], [245.0, 241.0], [258.0, 245.0], [286.0, 243.0], [301.0, 241.0], [371.0, 241.0], [384.0, 245.0]], "conversations": [{"role": "user", "content": [{"type": "image", "image": "/home/yrquni/Downloads/Unilab/PaDT/dataset/dataset_root/images/0009666.png"}, {"type": "text", "text": "偏右区域，水平方向带起伏的长裂缝"}]}, {"role": "assistant", "content": [{"type": "text", "text": "<|object_ref_start|><|box_start|><555><490><603><997><|box_end|><|point_start|><580><746><|point_end|>"}]}], "boxes": [{"bbox": [204.0, 231.0, 415.0, 251.0], "point": [310.35493827160496, 241.6226851851852], "phrase": "偏右区域，水平方向带起伏的长裂缝"}], "caption": "偏右区域，水平方向带起伏的长裂缝"}
19101833	{"image_id": "refcrack_0009666_0009666_01_0", "width": 416, "height": 416, "vrt_indices": [530, 531], "patch_points": [[118.0, 256.0], [132.0, 256.0]], "conversations": [{"role": "user", "content": [{"type": "image", "image": "/home/yrquni/Downloads/Unilab/PaDT/dataset/dataset_root/images/0009666.png"}, {"type": "text", "text": "左下方一段水平的短裂缝"}]}, {"role": "assistant", "content": [{"type": "text", "text": "<|object_ref_start|><|box_start|><586><4><622><336><|box_end|><|point_start|><607><167><|point_end|>"}]}], "boxes": [{"bbox": [2.0, 244.0, 140.0, 259.0], "point": [69.4876404494382, 252.83595505617978], "phrase": "左下方一段水平的短裂缝"}], "caption": "左下方一段水平的短裂缝"}
19129307	{"image_id": "refcrack_0009666_0009666_01_2", "width": 416, "height": 416, "vrt_indices": [530, 531], "patch_points": [[118.0, 256.0], [132.0, 256.0]], "conversations": [{"role": "user", "content": [{"type": "image", "image": "/home/yrquni/Downloads/Unilab/PaDT/dataset/dataset_root/images/0009666.png"}, {"type": "text", "text": "靠近左侧边缘、横向的短裂缝"}]}, {"role": "assistant", "content": [{"type": "text", "text": "<|object_ref_start|><|box_start|><586><4><622><336><|box_end|><|point_start|><607><167><|point_end|>"}]}], "boxes": [{"bbox": [2.0, 244.0, 140.0, 259.0], "point": [69.4876404494382, 252.83595505617978], "phrase": "靠近左侧边缘、横向的短裂缝"}], "caption": "靠近左侧边缘、横向的短裂缝"}
19156781	{"image_id": "refcrack_0012877_0012877_00_0", "width": 416, "height": 416, "vrt_indices": [349, 382, 413, 444, 445, 446, 447, 448, 509, 510, 519, 542, 546, 547], "patch_points": [[20.0, 173.0], [75.0, 191.0], [104.0, 204.0], [132.0, 215.0], [147.0, 217.0], [160.0, 217.0], [174.0, 216.0], [188.0, 219.0], [231.0, 241.0], [244.0, 242.0], [372.0, 247.0], [286.0, 260.0], [343.0, 261.0], [356.0, 256.0]], "conversations": [{"role": "user", "content": [{"type": "image", "image": "/home/yrquni/Downloads/Unilab/PaDT/dataset/dataset_root/images/0012877.png"}, {"type": "text", "text": "从左到右横贯墙面的弯曲裂缝"}]}, {"role": "assistant", "content": [{"type": "text", "text": "<|object_ref_start|><|box_start|><403><2><651><997><|box_end|><|point_start|><547><528><|point_end|>"}]}], "boxes": [{"bbox": [1.0, 168.0, 415.0, 271.0], "point": [219.98417095370004, 227.90581717451525], "phrase": "从左到右横贯墙面的弯曲裂缝"}], "caption": "从左到右横贯墙面的弯曲裂缝"}
19204763	{"image_id": "refcrack_0012877_0012877_00_1", "width": 416, "height": 416, "vrt_indices": [349, 382, 413, 444, 445, 446, 447, 448, 509, 510, 519, 542, 546, 547], "patch_points": [[20.0, 173.0], [75.0, 191.0], [104.0, 204.0], [132.0, 215.0], [147.0, 217.0], [160.0, 217.0], [174.0, 216.0], [188.0, 219.0], [231.0, 241.0], [244.0, 242.0], [372.0, 247.0], [286.0, 260.0], [343.0, 261.0], [356.0, 256.0]], "conversations": [{"role": "user", "content": [{"type": "image", "image": "/home/yrquni/Downloads/Unilab/PaDT/dataset/dataset_root/images/0012877.png"}, {"type": "text", "text": "左起向右下方蜿蜒延伸的裂缝"}]}, {"role": "assistant", "content": [{"type": "text", "text": "<|object_ref_start|><|box_start|><403><2><651><997><|box_end|><|point_start|><547><528><|point_end|>"}]}], "boxes": [{"bbox": [1.0, 168.0, 415.0, 271.0], "point": [219.98417095370004, 227.90581717451525], "phrase": "左起向右下方蜿蜒延伸的裂缝"}], "caption": "左起向右下方蜿蜒延伸的裂缝"}
19252745	{"image_id": "refcrack_0012877_0012877_00_2", "width": 416, "height": 416, "vrt_indices": [349, 382, 413, 444, 445, 446, 447, 448, 509, 510, 519, 542, 546, 547], "patch_points": [[20.0, 173.0], [75.0, 191.0], [104.0, 204.0], [132.0, 215.0], [147.0, 217.0], [160.0, 217.0], [174.0, 216.0], [188.0, 219.0], [231.0, 241.0], [244.0, 242.0], [372.0, 247.0], [286.0, 260.0], [343.0, 261.0], [356.0, 256.0]], "conversations": [{"role": "user", "content": [{"type": "image", "image": "/home/yrquni/Downloads/Unilab/PaDT/dataset/dataset_root/images/0012877.png"}, {"type": "text", "text": "墙面中间区域，波浪状的裂缝"}]}, {"role": "assistant", "content": [{"type": "text", "text": "<|object_ref_start|><|box_start|><403><2><651><997><|box_end|><|point_start|><547><528><|point_end|>"}]}], "boxes": [{"bbox": [1.0, 168.0, 415.0, 271.0], "point": [219.98417095370004, 227.90581717451525], "phrase": "墙面中间区域，波浪状的裂缝"}], "caption": "墙面中间区域，波浪状的裂缝"}
19300727	{"image_id": "refcrack_0012877_0012877_00_3", "width": 416, "height": 416, "vrt_indices": [349, 382, 413, 444, 445, 446, 447, 448, 509, 510, 519, 542, 546, 547], "patch_points": [[20.0, 173.0], [75.0, 191.0], [104.0, 204.0], [132.0, 215.0], [147.0, 217.0], [160.0, 217.0], [174.0, 216.0], [188.0, 219.0], [231.0, 241.0], [244.0, 242.0], [372.0, 247.0], [286.0, 260.0], [343.0, 261.0], [356.0, 256.0]], "conversations": [{"role": "user", "content": [{"type": "image", "image": "/home/yrquni/Downloads/Unilab/PaDT/dataset/dataset_root/images/0012877.png"}, {"type": "text", "text": "水泥墙面上从左通到右、曲曲折折的裂缝"}]}, {"role": "assistant", "content": [{"type": "text", "text": "<|object_ref_start|><|box_start|><403><2><651><997><|box_end|><|point_start|><547><528><|point_end|>"}]}], "boxes": [{"bbox": [1.0, 168.0, 415.0, 271.0], "point": [219.98417095370004, 227.90581717451525], "phrase": "水泥墙面上从左通到右、曲曲折折的裂缝"}], "caption": "水泥墙面上从左通到右、曲曲折折的裂缝"}
19348709	{"image_id": "refcrack_0012877_0012877_00_4", "width": 416, "height": 416, "vrt_indices": [349, 382, 413, 444, 445, 446, 447, 448, 509, 510, 519, 542, 546, 547], "patch_points": [[20.0, 173.0], [75.0, 191.0], [104.0, 204.0], [132.0, 215.0], [147.0, 217.0], [160.0, 217.0], [174.0, 216.0], [188.0, 219.0], [231.0, 241.0], [244.0, 242.0], [372.0, 247.0], [286.0, 260.0], [343.0, 261.0], [356.0, 256.0]], "conversations": [{"role": "user", "content": [{"type": "image", "image": "/home/yrquni/Downloads/Unilab/PaDT/dataset/dataset_root/images/0012877.png"}, {"type": "text", "text": "几乎贯穿墙面，线条起伏且宽窄略变的裂缝"}]}, {"role": "assistant", "content": [{"type": "text", "text": "<|object_ref_start|><|box_start|><403><2><651><997><|box_end|><|point_start|><547><528><|point_end|>"}]}], "boxes": [{"bbox": [1.0, 168.0, 415.0, 271.0], "point": [219.98417095370004, 227.90581717451525], "phrase": "几乎贯穿墙面，线条起伏且宽窄略变的裂缝"}], "caption": "几乎贯穿墙面，线条起伏且宽窄略变的裂缝"}
19396691	{"image_id": "refcrack_0012878_0012878_00_0", "width": 416, "height": 416, "vrt_indices": [337, 338, 339, 342, 360, 370, 374, 375, 445, 473, 500, 555, 612, 669, 697], "patch_points": [[258.0, 157.0], [272.0, 157.0], [287.0, 158.0], [329.0, 160.0], [172.0, 172.0], [315.0, 170.0], [370.0, 173.0], [384.0, 174.0], [144.0, 216.0], [133.0, 228.0], [104.0, 241.0], [61.0, 271.0], [45.0, 300.0], [32.0, 328.0], [18.0, 340.0]], "conversations": [{"role": "user", "content": [{"type": "image", "image": "/home/yrquni/Downloads/Unilab/PaDT/dataset/dataset_root/images/0012878.png"}, {"type": "text", "text": "从左下角斜着往右上延伸的长裂缝"}]}, {"role": "assistant", "content": [{"type": "text", "text": "<|object_ref_start|><|box_start|><365><2><858><954><|box_end|><|point_start|><520><424><|point_end|>"}]}], "boxes": [{"bbox": [1.0, 152.0, 397.0, 357.0], "point": [176.6710109193378, 216.5896442409299], "phrase": "从左下角斜着往右上延伸的长裂缝"}], "caption": "从左下角斜着往右上延伸的长裂缝"}
19472949	{"image_id": "refcrack_0012878_0012878_00_2", "width": 416, "height": 416, "vrt_indices": [337, 338, 339, 342, 360, 370, 374, 375, 445, 473, 500, 555, 612, 669, 697], "patch_points": [[258.0, 157.0], [272.0, 157.0], [287.0, 158.0], [329.0, 160.0], [172.0, 172.0], [315.0, 170.0], [370.0, 173.0], [384.0, 174.0], [144.0, 216.0], [133.0, 228.0], [104.0, 241.0], [61.0, 271.0], [45.0, 300.0], [32.0, 328.0], [18.0, 340.0]], "conversations": [{"role": "user", "content": [{"type": "image", "image": "/home/yrquni/Downloads/Unilab/PaDT/dataset/dataset_root/images/0012878.png"}, {"type": "text", "text": "带几个小拐弯，从左下通到右侧的裂缝"}]}, {"role": "assistant", "content": [{"type": "text", "text": "<|object_ref_start|><|box_start|><365><2><858><954><|box_end|><|point_start|><520><424><|point_end|>"}]}], "boxes": [{"bbox": [1.0, 152.0, 397.0, 357.0], "point": [176.6710109193378, 216.5896442409299], "phrase": "带几个小拐弯，从左下通到右侧的裂缝"}], "caption": "带几个小拐弯，从左下通到右侧的裂缝"}
19549207	{"image_id": "refcrack_0012878_0012878_00_3", "width": 416, "height": 416, "vrt_indices": [337, 338, 339, 342, 360, 370, 374, 375, 445, 473, 500, 555, 612, 669, 697], "patch_points": [[258.0, 157.0], [272.0, 157.0], [287.0, 158.0], [329.0, 160.0], [172.0, 172.0], [315.0, 170.0], [370.0, 173.0], [384.0, 174.0], [144.0, 216.0], [133.0, 228.0], [104.0, 241.0], [61.0, 271.0], [45.0, 300.0], [32.0, 328.0], [18.0, 340.0]], "conversations": [{"role": "user", "content": [{"type": "image", "image": "/home/yrquni/Downloads/Unilab/PaDT/dataset/dataset_root/images/0012878.png"}, {"type": "text", "text": "粗糙墙面上，从左下穿过几个小孔的裂缝"}]}, {"role": "assistant", "content": [{"type": "text", "text": "<|object_ref_start|><|box_start|><365><2><858><954><|box_end|><|point_start|><520><424><|point_end|>"}]}], "boxes": [{"bbox": [1.0, 152.0, 397.0, 357.0], "point": [176.6710109193378, 216.5896442409299], "phrase": "粗糙墙面上，从左下穿过几个小孔的裂缝"}], "caption": "粗糙墙面上，从左下穿过几个小孔的裂缝"}
19625465	{"image_id": "refcrack_0012878_0012878_00_4", "width": 416, "height": 416, "vrt_indices": [337, 338, 339, 342, 360, 370, 374, 375, 445, 473, 500, 555, 612, 669, 697], "patch_points": [[258.0, 157.0], [272.0, 157.0], [287.0, 158.0], [329.0, 160.0], [172.0, 172.0], [315.0, 170.0], [370.0, 173.0], [384.0, 174.0], [144.0, 216.0], [133.0, 228.0], [104.0, 241.0], [61.0, 271.0], [45.0, 300.0], [32.0, 328.0], [18.0, 340.0]], "conversations": [{"role": "user", "content": [{"type": "image", "image": "/home/yrquni/Downloads/Unilab/PaDT/dataset/dataset_root/images/0012878.png"}, {"type": "text", "text": "左下角开始，向右上弯弯曲曲经过中间大洞的长裂缝"}]}, {"role": "assistant", "content": [{"type": "text", "text": "<|object_ref_start|><|box_start|><365><2><858><954><|box_end|><|point_start|><520><424><|point_end|>"}]}], "boxes": [{"bbox": [1.0, 152.0, 397.0, 357.0], "point": [176.6710109193378, 216.5896442409299], "phrase": "左下角开始，向右上弯弯曲曲经过中间大洞的长裂缝"}], "caption": "左下角开始，向右上弯弯曲曲经过中间大洞的长裂缝"}
19701723	{"image_id": "refcrack_0012879_0012879_00_0", "width": 416, "height": 416, "vrt_indices": [161, 189, 218, 248, 277, 306, 335, 364, 393, 422, 450, 478, 479, 507, 508, 537, 538, 567, 568, 597, 626, 655, 683, 712, 740, 741, 769, 770, 798, 799, 827], "patch_points": [[230.0, 76.0], [218.0, 91.0], [218.0, 104.0], [229.0, 119.0], [229.0, 132.0], [229.0, 147.0], [229.0, 161.0], [233.0, 174.0], [230.0, 189.0], [227.0, 201.0], [215.0, 216.0], [203.0, 231.0], [213.0, 230.0], [203.0, 244.0], [213.0, 245.0], [217.0, 257.0], [230.0, 260.0], [231.0, 272.0], [241.0, 273.0], [244.0, 287.0], [244.0, 300.0], [242.0, 314.0], [231.0, 329.0], [228.0, 342.0], [219.0, 357.0], [227.0, 356.0], [219.0, 370.0], [229.0, 371.0], [219.0, 385.0], [229.0, 384.0], [219.0, 398.0]], "conversations": [{"role": "user", "content": [{"type": "image", "image": "/home/yrquni/Downloads/Unilab/PaDT/dataset/dataset_root/images/0012879.png"}, {"type": "text", "text": "石块中间上下贯穿的弯裂缝"}]}, {"role": "assistant", "content": [{"type": "text", "text": "<|object_ref_start|><|box_start|><137><473><995><600><|box_end|><|point_start|><589><540><|point_end|>"}]}], "boxes": [{"bbox": [197.0, 57.0, 250.0, 414.0], "point": [225.00406804733728, 245.27329881656806], "phrase": "石块中间上下贯穿的弯裂缝"}], "caption": "石块中间上下贯穿的弯裂缝"}
19785737	{"image_id": "refcrack_0012879_0012879_00_1", "width": 416, "height": 416, "vrt_indices": [161, 189, 218, 248, 277, 306, 335, 364, 393, 422, 450, 478, 479, 507, 508, 537, 538, 567, 568, 597, 626, 655, 683, 712, 740, 741, 769, 770, 798, 799, 827], "patch_points": [[230.0, 76.0], [218.0, 91.0], [218.0, 104.0], [229.0, 119.0], [229.0, 132.0], [229.0, 147.0], [229.0, 161.0], [233.0, 174.0], [230.0, 189.0], [227.0, 201.0], [215.0, 216.0], [203.0, 231.0], [213.0, 230.0], [203.0, 244.0], [213.0, 245.0], [217.0, 257.0], [230.0, 260.0], [231.0, 272.0], [241.0, 273.0], [244.0, 287.0], [244.0, 300.0], [242.0, 314.0], [231.0, 329.0], [228.0, 342.0], [219.0, 357.0], [227.0, 356.0], [219.0, 370.0], [229.0, 371.0], [219.0, 385.0], [229.0, 384.0], [219.0, 398.0]], "conversations": [{"role": "user", "content": [{"type": "image", "image": "/home/yrquni/Downloads/Unilab/PaDT/dataset/dataset_root/images/0012879.png"}, {"type": "text", "text": "灰石面里从顶到底的曲折长缝"}]}, {"role": "assistant", "content": [{"type": "text", "text": "<|object_ref_start|><|box_start|><137><473><995><600><|box_end|><|point_start|><589><540><|point_end|>"}]}], "boxes": [{"bbox": [197.0, 57.0, 250.0, 414.0], "point": [225.00406804733728, 245.27329881656806], "phrase": "灰石面里从顶到底的曲折长缝"}], "caption": "灰石面里从顶到底的曲折长缝"}
19869751	{"image_id": "refcrack_0012879_0012879_00_2", "width": 416, "height": 416, "vrt_indices": [161, 189, 218, 248, 277, 306, 335, 364, 393, 422, 450, 478, 479, 507, 508, 537, 538, 567, 568, 597, 626, 655, 683, 712, 740, 741, 769, 770, 798, 799, 827], "patch_points": [[230.0, 76.0], [218.0, 91.0], [218.0, 104.0], [229.0, 119.0], [229.0, 132.0], [229.0, 147.0], [229.0, 161.0], [233.0, 174.0], [230.0, 189.0], [227.0, 201.0], [215.0, 216.0], [203.0, 231.0], [213.0, 230.0], [203.0, 244.0], [213.0, 245.0], [217.0, 257.0], [230.0, 260.0], [231.0, 272.0], [241.0, 273.0], [244.0, 287.0], [244.0, 300.0], [242.0, 314.0], [231.0, 329.0], [228.0, 342.0], [219.0, 357.0], [227.0, 356.0], [219.0, 370.0], [229.0, 371.0], [219.0, 385.0], [229.0, 384.0], [219.0, 398.0]], "conversations": [{"role": "user", "content": [{"type": "image", "image": "/home/yrquni/Downloads/Unilab/PaDT/dataset/dataset_root/images/0012879.png"}, {"type": "text", "text": "石面中间带波浪弯的竖长裂缝"}]}, {"role": "assistant", "content": [{"type": "text", "text": "<|object_ref_start|><|box_start|><137><473><995><600><|box_end|><|point_start|><589><540><|point_end|>"}]}], "boxes": [{"bbox": [197.0, 57.0, 250.0, 414.0], "point": [225.00406804733728, 245.27329881656806], "phrase": "石面中间带波浪弯的竖长裂缝"}], "caption": "石面中间带波浪弯的竖长裂缝"}
19953765	{"image_id": "refcrack_0012879_0012879_00_3", "width": 416, "height": 416, "vrt_indices": [161, 189, 218, 248, 277, 306, 335, 364, 393, 422, 450, 478, 479, 507, 508, 537, 538, 567, 568, 597, 626, 655, 683, 712, 740, 741, 769, 770, 798, 799, 827], "patch_points": [[230.0, 76.0], [218.0, 91.0], [218.0, 104.0], [229.0, 119.0], [229.0, 132.0], [229.0, 147.0], [229.0, 161.0], [233.0, 174.0], [230.0, 189.0], [227.0, 201.0], [215.0, 216.0], [203.0, 231.0], [213.0, 230.0], [203.0, 244.0], [213.0, 245.0], [217.0, 257.0], [230.0, 260.0], [231.0, 272.0], [241.0, 273.0], [244.0, 287.0], [244.0, 300.0], [242.0, 314.0], [231.0, 329.0], [228.0, 342.0], [219.0, 357.0], [227.0, 356.0], [219.0, 370.0], [229.0, 371.0], [219.0, 385.0], [229.0, 384.0], [219.0, 398.0]], "conversations": [{"role": "user", "content": [{"type": "image", "image": "/home/yrquni/Downloads/Unilab/PaDT/dataset/dataset_root/images/0012879.png"}, {"type": "text", "text": "顶部铁钉下方伸到绿苔的曲折缝"}]}, {"role": "assistant", "content": [{"type": "text", "text": "<|object_ref_start|><|box_start|><137><473><995><600><|box_end|><|point_start|><589><540><|point_end|>"}]}], "boxes": [{"bbox": [197.0, 57.0, 250.0, 414.0], "point": [225.00406804733728, 245.27329881656806], "phrase": "顶部铁钉下方伸到绿苔的曲折缝"}], "caption": "顶部铁钉下方伸到绿苔的曲折缝"}
20037779	{"image_id": "refcrack_0012879_0012879_00_4", "width": 416, "height": 416, "vrt_indices": [161, 189, 218, 248, 277, 306, 335, 364, 393, 422, 450, 478, 479, 507, 508, 537, 538, 567, 568, 597, 626, 655, 683, 712, 740, 741, 769, 770, 798, 799, 827], "patch_points": [[230.0, 76.0], [218.0, 91.0], [218.0, 104.0], [229.0, 119.0], [229.0, 132.0], [229.0, 147.0], [229.0, 161.0], [233.0, 174.0], [230.0, 189.0], [227.0, 201.0], [215.0, 216.0], [203.0, 231.0], [213.0, 230.0], [203.0, 244.0], [213.0, 245.0], [217.0, 257.0], [230.0, 260.0], [231.0, 272.0], [241.0, 273.0], [244.0, 287.0], [244.0, 300.0], [242.0, 314.0], [231.0, 329.0], [228.0, 342.0], [219.0, 357.0], [227.0, 356.0], [219.0, 370.0], [229.0, 371.0], [219.0, 385.0], [229.0, 384.0], [219.0, 398.0]], "conversations": [{"role": "user", "content": [{"type": "image", "image": "/home/yrquni/Downloads/Unilab/PaDT/dataset/dataset_root/images/0012879.png"}, {"type": "text", "text": "灰绿石面交界上方蜿蜒贯穿的裂缝"}]}, {"role": "assistant", "content": [{"type": "text", "text": "<|object_ref_start|><|box_start|><137><473><995><600><|box_end|><|point_start|><589><540><|point_end|>"}]}], "boxes": [{"bbox": [197.0, 57.0, 250.0, 414.0], "point": [225.00406804733728, 245.27329881656806], "phrase": "灰绿石面交界上方蜿蜒贯穿的裂缝"}], "caption": "灰绿石面交界上方蜿蜒贯穿的裂缝"}
20121793	{"image_id": "refcrack_0012880_0012880_00_0", "width": 416, "height": 416, "vrt_indices": [15, 44, 247, 276, 305, 334, 363, 392, 421, 478, 507, 536, 565, 594, 623, 652, 740, 769], "patch_points": [[214.0, 7.0], [212.0, 20.0], [214.0, 119.0], [215.0, 132.0], [216.0, 146.0], [214.0, 160.0], [213.0, 174.0], [214.0, 189.0], [214.0, 202.0], [205.0, 231.0], [204.0, 245.0], [203.0, 258.0], [202.0, 273.0], [199.0, 286.0], [199.0, 301.0], [201.0, 315.0], [214.0, 357.0], [214.0, 370.0]], "conversations": [{"role": "user", "content": [{"type": "image", "image": "/home/yrquni/Downloads/Unilab/PaDT/dataset/dataset_root/images/0012880.png"}, {"type": "text", "text": "中间从上到下贯通的裂缝"}]}, {"role": "assistant", "content": [{"type": "text", "text": "<|object_ref_start|><|box_start|><0><459><997><548><|box_end|><|point_start|><502><502><|point_end|>"}]}], "boxes": [{"bbox": [191.0, 0.0, 228.0, 415.0], "point": [208.8705642073015, 209.15266785805463], "phrase": "中间从上到下贯通的裂缝"}], "caption": "中间从上到下贯通的裂缝"}
20164775	{"image_id": "refcrack_0012880_0012880_00_1", "width": 416, "height": 416, "vrt_indices": [15, 44, 247, 276, 305, 334, 363, 392, 421, 478, 507, 536, 565, 594, 623, 652, 740, 769], "patch_points": [[214.0, 7.0], [212.0, 20.0], [214.0, 119.0], [215.0, 132.0], [216.0, 146.0], [214.0, 160.0], [213.0, 174.0], [214.0, 189.0], [214.0, 202.0], [205.0, 231.0], [204.0, 245.0], [203.0, 258.0], [202.0, 273.0], [199.0, 286.0], [199.0, 301.0], [201.0, 315.0], [214.0, 357.0], [214.0, 370.0]], "conversations": [{"role": "user", "content": [{"type": "image", "image": "/home/yrquni/Downloads/Unilab/PaDT/dataset/dataset_root/images/0012880.png"}, {"type": "text", "text": "墙面中间蜿蜒的长裂缝"}]}, {"role": "assistant", "content": [{"type": "text", "text": "<|object_ref_start|><|box_start|><0><459><997><548><|box_end|><|point_start|><502><502><|point_end|>"}]}], "boxes": [{"bbox": [191.0, 0.0, 228.0, 415.0], "point": [208.8705642073015, 209.15266785805463], "phrase": "墙面中间蜿蜒的长裂缝"}], "caption": "墙面中间蜿蜒的长裂缝"}
20207757	{"image_id": "refcrack_0012880_0012880_00_2", "width": 416, "height": 416, "vrt_indices": [15, 44, 247, 276, 305, 334, 363, 392, 421, 478, 507, 536, 565, 594, 623, 652, 740, 769], "patch_points": [[214.0, 7.0], [212.0, 20.0], [214.0, 119.0], [215.0, 132.0], [216.0, 146.0], [214.0, 160.0], [213.0, 174.0], [214.0, 189.0], [214.0, 202.0], [205.0, 231.0], [204.0, 245.0], [203.0, 258.0], [202.0, 273.0], [199.0, 286.0], [199.0, 301.0], [201.0, 315.0], [214.0, 357.0], [214.0, 370.0]], "conversations": [{"role": "user", "content": [{"type": "image", "image": "/home/yrquni/Downloads/Unilab/PaDT/dataset/dataset_root/images/0012880.png"}, {"type": "text", "text": "从墙顶伸到墙底、带弯曲的裂缝"}]}, {"role": "assistant", "content": [{"type": "text", "text": "<|object_ref_start|><|box_start|><0><459><997><548><|box_end|><|point_start|><502><502><|point_end|>"}]}], "boxes": [{"bbox": [191.0, 0.0, 228.0, 415.0], "point": [208.8705642073015, 209.15266785805463], "phrase": "从墙顶伸到墙底、带弯曲的裂缝"}], "caption": "从墙顶伸到墙底、带弯曲的裂缝"}
20250739	{"image_id": "refcrack_0012880_0012880_00_3", "width": 416, "height": 416, "vrt_indices": [15, 44, 247, 276, 305, 334, 363, 392, 421, 478, 507, 536, 565, 594, 623, 652, 740, 769], "patch_points": [[214.0, 7.0], [212.0, 20.0], [214.0, 119.0], [215.0, 132.0], [216.0, 146.0], [214.0, 160.0], [213.0, 174.0], [214.0, 189.0], [214.0, 202.0], [205.0, 231.0], [204.0, 245.0], [203.0, 258.0], [202.0, 273.0], [199.0, 286.0], [199.0, 301.0], [201.0, 315.0], [214.0, 357.0], [214.0, 370.0]], "conversations": [{"role": "user", "content": [{"type": "image", "image": "/home/yrquni/Downloads/Unilab/PaDT/dataset/dataset_root/images/0012880.png"}, {"type": "text", "text": "居于墙面中间、曲折连贯的长裂缝"}]}, {"role": "assistant", "content": [{"type": "text", "text": "<|object_ref_start|><|box_start|><0><459><997><548><|box_end|><|point_start|><502><502><|point_end|>"}]}], "boxes": [{"bbox": [191.0, 0.0, 228.0, 415.0], "point": [208.8705642073015, 209.15266785805463], "phrase": "居于墙面中间、曲折连贯的长裂缝"}], "caption": "居于墙面中间、曲折连贯的长裂缝"}
20293721	{"image_id": "refcrack_0012880_0012880_00_4", "width": 416, "height": 416, "vrt_indices": [15, 44, 247, 276, 305, 334, 363, 392, 421, 478, 507, 536, 565, 594, 623, 652, 740, 769], "patch_points": [[214.0, 7.0], [212.0, 20.0], [214.0, 119.0], [215.0, 132.0], [216.0, 146.0], [214.0, 160.0], [213.0, 174.0], [214.0, 189.0], [214.0, 202.0], [205.0, 231.0], [204.0, 245.0], [203.0, 258.0], [202.0, 273.0], [199.0, 286.0], [199.0, 301.0], [201.0, 315.0], [214.0, 357.0], [214.0, 370.0]], "conversations": [{"role": "user", "content": [{"type": "image", "image": "/home/yrquni/Downloads/Unilab/PaDT/dataset/dataset_root/images/0012880.png"}, {"type": "text", "text": "墙面中央、上下延伸且蛇形弯曲的裂缝"}]}, {"role": "assistant", "content": [{"type": "text", "text": "<|object_ref_start|><|box_start|><0><459><997><548><|box_end|><|point_start|><502><502><|point_end|>"}]}], "boxes": [{"bbox": [191.0, 0.0, 228.0, 415.0], "point": [208.8705642073015, 209.15266785805463], "phrase": "墙面中央、上下延伸且蛇形弯曲的裂缝"}], "caption": "墙面中央、上下延伸且蛇形弯曲的裂缝"}
20336703	{"image_id": "refcrack_0012882_0012882_00_0", "width": 416, "height": 416, "vrt_indices": [417, 679, 737], "patch_points": [[160.0, 202.0], [171.0, 329.0], [174.0, 357.0]], "conversations": [{"role": "user", "content": [{"type": "image", "image": "/home/yrquni/Downloads/Unilab/PaDT/dataset/dataset_root/images/0012882.png"}, {"type": "text", "text": "左侧偏中的竖直长裂缝，略带弯曲"}]}, {"role": "assistant", "content": [{"type": "text", "text": "<|object_ref_start|><|box_start|><230><377><882><425><|box_end|><|point_start|><554><395><|point_end|>"}]}], "boxes": [{"bbox": [157.0, 96.0, 177.0, 367.0], "point": [164.45093632958802, 230.5370786516854], "phrase": "左侧偏中的竖直长裂缝，略带弯曲"}], "caption": "左侧偏中的竖直长裂缝，略带弯曲"}
20366029	{"image_id": "refcrack_0012882_0012882_00_1", "width": 416, "height": 416, "vrt_indices": [417, 679, 737], "patch_points": [[160.0, 202.0], [171.0, 329.0], [174.0, 357.0]], "conversations": [{"role": "user", "content": [{"type": "image", "image": "/home/yrquni/Downloads/Unilab/PaDT/dataset/dataset_root/images/0012882.png"}, {"type": "text", "text": "上方黑色裂缝正下方，呈波浪状的裂缝"}]}, {"role": "assistant", "content": [{"type": "text", "text": "<|object_ref_start|><|box_start|><230><377><882><425><|box_end|><|point_start|><554><395><|point_end|>"}]}], "boxes": [{"bbox": [157.0, 96.0, 177.0, 367.0], "point": [164.45093632958802, 230.5370786516854], "phrase": "上方黑色裂缝正下方，呈波浪状的裂缝"}], "caption": "上方黑色裂缝正下方，呈波浪状的裂缝"}
20395355	{"image_id": "refcrack_0012882_0012882_00_4", "width": 416, "height": 416, "vrt_indices": [417, 679, 737], "patch_points": [[160.0, 202.0], [171.0, 329.0], [174.0, 357.0]], "conversations": [{"role": "user", "content": [{"type": "image", "image": "/home/yrquni/Downloads/Unilab/PaDT/dataset/dataset_root/images/0012882.png"}, {"type": "text", "text": "左上角裂缝下方，竖直且带弯曲的长裂缝"}]}, {"role": "assistant", "content": [{"type": "text", "text": "<|object_ref_start|><|box_start|><230><377><882><425><|box_end|><|point_start|><554><395><|point_end|>"}]}], "boxes": [{"bbox": [157.0, 96.0, 177.0, 367.0], "point": [164.45093632958802, 230.5370786516854], "phrase": "左上角裂缝下方，竖直且带弯曲的长裂缝"}], "caption": "左上角裂缝下方，竖直且带弯曲的长裂缝"}
20424681	{"image_id": "refcrack_0012883_0012883_00_0", "width": 416, "height": 416, "vrt_indices": [552, 582, 612, 613, 614, 660, 661, 662, 663, 664, 665, 666, 675, 681, 682, 686, 687, 707], "patch_points": [[19.0, 276.0], [32.0, 288.0], [49.0, 300.0], [63.0, 299.0], [76.0, 303.0], [314.0, 316.0], [328.0, 313.0], [343.0, 313.0], [356.0, 314.0], [370.0, 315.0], [386.0, 315.0], [399.0, 314.0], [117.0, 332.0], [203.0, 329.0], [216.0, 327.0], [272.0, 329.0], [286.0, 326.0], [160.0, 344.0]], "conversations": [{"role": "user", "content": [{"type": "image", "image": "/home/yrquni/Downloads/Unilab/PaDT/dataset/dataset_root/images/0012883.png"}, {"type": "text", "text": "底部横贯的弯曲裂缝"}]}, {"role": "assistant", "content": [{"type": "text", "text": "<|object_ref_start|><|box_start|><615><0><834><992><|box_end|><|point_start|><758><464><|point_end|>"}]}], "boxes": [{"bbox": [0.0, 256.0, 413.0, 347.0], "point": [193.32526539278132, 315.43906581740976], "phrase": "底部横贯的弯曲裂缝"}], "caption": "底部横贯的弯曲裂缝"}
20463827	{"image_id": "refcrack_0012883_0012883_00_1", "width": 416, "height": 416, "vrt_indices": [552, 582, 612, 613, 614, 660, 661, 662, 663, 664, 665, 666, 675, 681, 682, 686, 687, 707], "patch_points": [[19.0, 276.0], [32.0, 288.0], [49.0, 300.0], [63.0, 299.0], [76.0, 303.0], [314.0, 316.0], [328.0, 313.0], [343.0, 313.0], [356.0, 314.0], [370.0, 315.0], [386.0, 315.0], [399.0, 314.0], [117.0, 332.0], [203.0, 329.0], [216.0, 327.0], [272.0, 329.0], [286.0, 326.0], [160.0, 344.0]], "conversations": [{"role": "user", "content": [{"type": "image", "image": "/home/yrquni/Downloads/Unilab/PaDT/dataset/dataset_root/images/0012883.png"}, {"type": "text", "text": "从左至右蜿蜒于墙底的裂缝"}]}, {"role": "assistant", "content": [{"type": "text", "text": "<|object_ref_start|><|box_start|><615><0><834><992><|box_end|><|point_start|><758><464><|point_end|>"}]}], "boxes": [{"bbox": [0.0, 256.0, 413.0, 347.0], "point": [193.32526539278132, 315.43906581740976], "phrase": "从左至右蜿蜒于墙底的裂缝"}], "caption": "从左至右蜿蜒于墙底的裂缝"}
20502973	{"image_id": "refcrack_0012883_0012883_00_2", "width": 416, "height": 416, "vrt_indices": [552, 582, 612, 613, 614, 660, 661, 662, 663, 664, 665, 666, 675, 681, 682, 686, 687, 707], "patch_points": [[19.0, 276.0], [32.0, 288.0], [49.0, 300.0], [63.0, 299.0], [76.0, 303.0], [314.0, 316.0], [328.0, 313.0], [343.0, 313.0], [356.0, 314.0], [370.0, 315.0], [386.0, 315.0], [399.0, 314.0], [117.0, 332.0], [203.0, 329.0], [216.0, 327.0], [272.0, 329.0], [286.0, 326.0], [160.0, 344.0]], "conversations": [{"role": "user", "content": [{"type": "image", "image": "/home/yrquni/Downloads/Unilab/PaDT/dataset/dataset_root/images/0012883.png"}, {"type": "text", "text": "墙面底部呈波浪状的长裂缝"}]}, {"role": "assistant", "content": [{"type": "text", "text": "<|object_ref_start|><|box_start|><615><0><834><992><|box_end|><|point_start|><758><464><|point_end|>"}]}], "boxes": [{"bbox": [0.0, 256.0, 413.0, 347.0], "point": [193.32526539278132, 315.43906581740976], "phrase": "墙面底部呈波浪状的长裂缝"}], "caption": "墙面底部呈波浪状的长裂缝"}
20542119	{"image_id": "refcrack_0012883_0012883_00_3", "width": 416, "height": 416, "vrt_indices": [552, 582, 612, 613, 614, 660, 661, 662, 663, 664, 665, 666, 675, 681, 682, 686, 687, 707], "patch_points": [[19.0, 276.0], [32.0, 288.0], [49.0, 300.0], [63.0, 299.0], [76.0, 303.0], [314.0, 316.0], [328.0, 313.0], [343.0, 313.0], [356.0, 314.0], [370.0, 315.0], [386.0, 315.0], [399.0, 314.0], [117.0, 332.0], [203.0, 329.0], [216.0, 327.0], [272.0, 329.0], [286.0, 326.0], [160.0, 344.0]], "conversations": [{"role": "user", "content": [{"type": "image", "image": "/home/yrquni/Downloads/Unilab/PaDT/dataset/dataset_root/images/0012883.png"}, {"type": "text", "text": "左下部起向右延伸的曲折裂缝"}]}, {"role": "assistant", "content": [{"type": "text", "text": "<|object_ref_start|><|box_start|><615><0><834><992><|box_end|><|point_start|><758><464><|point_end|>"}]}], "boxes": [{"bbox": [0.0, 256.0, 413.0, 347.0], "point": [193.32526539278132, 315.43906581740976], "phrase": "左下部起向右延伸的曲折裂缝"}], "caption": "左下部起向右延伸的曲折裂缝"}
20581265	{"image_id": "refcrack_0012883_0012883_00_4", "width": 416, "height": 416, "vrt_indices": [552, 582, 612, 613, 614, 660, 661, 662, 663, 664, 665, 666, 675, 681, 682, 686, 687, 707], "patch_points": [[19.0, 276.0], [32.0, 288.0], [49.0, 300.0], [63.0, 299.0], [76.0, 303.0], [314.0, 316.0], [328.0, 313.0], [343.0, 313.0], [356.0, 314.0], [370.0, 315.0], [386.0, 315.0], [399.0, 314.0], [117.0, 332.0], [203.0, 329.0], [216.0, 327.0], [272.0, 329.0], [286.0, 326.0], [160.0, 344.0]], "conversations": [{"role": "user", "content": [{"type": "image", "image": "/home/yrquni/Downloads/Unilab/PaDT/dataset/dataset_root/images/0012883.png"}, {"type": "text", "text": "墙底区域曲折起伏且贯穿左右的裂缝"}]}, {"role": "assistant", "content": [{"type": "text", "text": "<|object_ref_start|><|box_start|><615><0><834><992><|box_end|><|point_start|><758><464><|point_end|>"}]}], "boxes": [{"bbox": [0.0, 256.0, 413.0, 347.0], "point": [193.32526539278132, 315.43906581740976], "phrase": "墙底区域曲折起伏且贯穿左右的裂缝"}], "caption": "墙底区域曲折起伏且贯穿左右的裂缝"}
20620411	{"image_id": "refcrack_0012884_0012884_00_0", "width": 416, "height": 416, "vrt_indices": [366, 424, 511], "patch_points": [[256.0, 175.0], [257.0, 203.0], [255.0, 245.0]], "conversations": [{"role": "user", "content": [{"type": "image", "image": "/home/yrquni/Downloads/Unilab/PaDT/dataset/dataset_root/images/0012884.png"}, {"type": "text", "text": "右侧边缘旁的一道长裂缝"}]}, {"role": "assistant", "content": [{"type": "text", "text": "<|object_ref_start|><|box_start|><0><591><932><651><|box_end|><|point_start|><480><619><|point_end|>"}]}], "boxes": [{"bbox": [246.0, 0.0, 271.0, 388.0], "point": [257.8952473326867, 199.80164888457807], "phrase": "右侧边缘旁的一道长裂缝"}], "caption": "右侧边缘旁的一道长裂缝"}
20657077	{"image_id": "refcrack_0012884_0012884_00_1", "width": 416, "height": 416, "vrt_indices": [366, 424, 511], "patch_points": [[256.0, 175.0], [257.0, 203.0], [255.0, 245.0]], "conversations": [{"role": "user", "content": [{"type": "image", "image": "/home/yrquni/Downloads/Unilab/PaDT/dataset/dataset_root/images/0012884.png"}, {"type": "text", "text": "墙面右侧竖直且曲折的裂缝"}]}, {"role": "assistant", "content": [{"type": "text", "text": "<|object_ref_start|><|box_start|><0><591><932><651><|box_end|><|point_start|><480><619><|point_end|>"}]}], "boxes": [{"bbox": [246.0, 0.0, 271.0, 388.0], "point": [257.8952473326867, 199.80164888457807], "phrase": "墙面右侧竖直且曲折的裂缝"}], "caption": "墙面右侧竖直且曲折的裂缝"}
20693743	{"image_id": "refcrack_0012884_0012884_00_2", "width": 416, "height": 416, "vrt_indices": [366, 424, 511], "patch_points": [[256.0, 175.0], [257.0, 203.0], [255.0, 245.0]], "conversations": [{"role": "user", "content": [{"type": "image", "image": "/home/yrquni/Downloads/Unilab/PaDT/dataset/dataset_root/images/0012884.png"}, {"type": "text", "text": "深灰区域左边墙面上的蜿蜒裂缝"}]}, {"role": "assistant", "content": [{"type": "text", "text": "<|object_ref_start|><|box_start|><0><591><932><651><|box_end|><|point_start|><480><619><|point_end|>"}]}], "boxes": [{"bbox": [246.0, 0.0, 271.0, 388.0], "point": [257.8952473326867, 199.80164888457807], "phrase": "深灰区域左边墙面上的蜿蜒裂缝"}], "caption": "深灰区域左边墙面上的蜿蜒裂缝"}
20730409	{"image_id": "refcrack_0012884_0012884_00_3", "width": 416, "height": 416, "vrt_indices": [366, 424, 511], "patch_points": [[256.0, 175.0], [257.0, 203.0], [255.0, 245.0]], "conversations": [{"role": "user", "content": [{"type": "image", "image": "/home/yrquni/Downloads/Unilab/PaDT/dataset/dataset_root/images/0012884.png"}, {"type": "text", "text": "从墙下延伸到上部的曲折长缝"}]}, {"role": "assistant", "content": [{"type": "text", "text": "<|object_ref_start|><|box_start|><0><591><932><651><|box_end|><|point_start|><480><619><|point_end|>"}]}], "boxes": [{"bbox": [246.0, 0.0, 271.0, 388.0], "point": [257.8952473326867, 199.80164888457807], "phrase": "从墙下延伸到上部的曲折长缝"}], "caption": "从墙下延伸到上部的曲折长缝"}
20767075	{"image_id": "refcrack_0012884_0012884_00_4", "width": 416, "height": 416, "vrt_indices": [366, 424, 511], "patch_points": [[256.0, 175.0], [257.0, 203.0], [255.0, 245.0]], "conversations": [{"role": "user", "content": [{"type": "image", "image": "/home/yrquni/Downloads/Unilab/PaDT/dataset/dataset_root/images/0012884.png"}, {"type": "text", "text": "灰面和深色交界旁的波浪形长裂缝"}]}, {"role": "assistant", "content": [{"type": "text", "text": "<|object_ref_start|><|box_start|><0><591><932><651><|box_end|><|point_start|><480><619><|point_end|>"}]}], "boxes": [{"bbox": [246.0, 0.0, 271.0, 388.0], "point": [257.8952473326867, 199.80164888457807], "phrase": "灰面和深色交界旁的波浪形长裂缝"}], "caption": "灰面和深色交界旁的波浪形长裂缝"}
20803741	{"image_id": "refcrack_0012885_0012885_00_0", "width": 416, "height": 416, "vrt_indices": [44, 73, 102, 131, 160, 189, 218, 247, 276, 363, 392, 421, 450, 479, 508, 537, 596, 624, 625, 653, 682, 711, 740, 769, 797, 798, 826], "patch_points": [[214.0, 20.0], [215.0, 35.0], [217.0, 49.0], [217.0, 62.0], [215.0, 76.0], [214.0, 90.0], [214.0, 105.0], [216.0, 119.0], [218.0, 132.0], [218.0, 175.0], [217.0, 189.0], [216.0, 203.0], [215.0, 216.0], [215.0, 230.0], [216.0, 245.0], [217.0, 258.0], [226.0, 287.0], [218.0, 301.0], [226.0, 300.0], [217.0, 315.0], [216.0, 328.0], [215.0, 342.0], [213.0, 356.0], [214.0, 371.0], [204.0, 386.0], [214.0, 384.0], [202.0, 398.0]], "conversations": [{"role": "user", "content": [{"type": "image", "image": "/home/yrquni/Downloads/Unilab/PaDT/dataset/dataset_root/images/0012885.png"}, {"type": "text", "text": "中间上下通着的一道裂缝"}]}, {"role": "assistant", "content": [{"type": "text", "text": "<|object_ref_start|><|box_start|><4><451><995><550><|box_end|><|point_start|><551><515><|point_end|>"}]}], "boxes": [{"bbox": [188.0, 2.0, 229.0, 414.0], "point": [214.62646828504307, 229.4600626468285], "phrase": "中间上下通着的一道裂缝"}], "caption": "中间上下通着的一道裂缝"}
20873259	{"image_id": "refcrack_0012885_0012885_00_2", "width": 416, "height": 416, "vrt_indices": [44, 73, 102, 131, 160, 189, 218, 247, 276, 363, 392, 421, 450, 479, 508, 537, 596, 624, 625, 653, 682, 711, 740, 769, 797, 798, 826], "patch_points": [[214.0, 20.0], [215.0, 35.0], [217.0, 49.0], [217.0, 62.0], [215.0, 76.0], [214.0, 90.0], [214.0, 105.0], [216.0, 119.0], [218.0, 132.0], [218.0, 175.0], [217.0, 189.0], [216.0, 203.0], [215.0, 216.0], [215.0, 230.0], [216.0, 245.0], [217.0, 258.0], [226.0, 287.0], [218.0, 301.0], [226.0, 300.0], [217.0, 315.0], [216.0, 328.0], [215.0, 342.0], [213.0, 356.0], [214.0, 371.0], [204.0, 386.0], [214.0, 384.0], [202.0, 398.0]], "conversations": [{"role": "user", "content": [{"type": "image", "image": "/home/yrquni/Downloads/Unilab/PaDT/dataset/dataset_root/images/0012885.png"}, {"type": "text", "text": "从上到下、边缘有点起伏的裂缝"}]}, {"role": "assistant", "content": [{"type": "text", "text": "<|object_ref_start|><|box_start|><4><451><995><550><|box_end|><|point_start|><551><515><|point_end|>"}]}], "boxes": [{"bbox": [188.0, 2.0, 229.0, 414.0], "point": [214.62646828504307, 229.4600626468285], "phrase": "从上到下、边缘有点起伏的裂缝"}], "caption": "从上到下、边缘有点起伏的裂缝"}
20942777	{"image_id": "refcrack_0012885_0012885_00_3", "width": 416, "height": 416, "vrt_indices": [44, 73, 102, 131, 160, 189, 218, 247, 276, 363, 392, 421, 450, 479, 508, 537, 596, 624, 625, 653, 682, 711, 740, 769, 797, 798, 826], "patch_points": [[214.0, 20.0], [215.0, 35.0], [217.0, 49.0], [217.0, 62.0], [215.0, 76.0], [214.0, 90.0], [214.0, 105.0], [216.0, 119.0], [218.0, 132.0], [218.0, 175.0], [217.0, 189.0], [216.0, 203.0], [215.0, 216.0], [215.0, 230.0], [216.0, 245.0], [217.0, 258.0], [226.0, 287.0], [218.0, 301.0], [226.0, 300.0], [217.0, 315.0], [216.0, 328.0], [215.0, 342.0], [213.0, 356.0], [214.0, 371.0], [204.0, 386.0], [214.0, 384.0], [202.0, 398.0]], "conversations": [{"role": "user", "content": [{"type": "image", "image": "/home/yrquni/Downloads/Unilab/PaDT/dataset/dataset_root/images/0012885.png"}, {"type": "text", "text": "左边阴影糙面和右边纹理墙之间的蜿蜒裂缝"}]}, {"role": "assistant", "content": [{"type": "text", "text": "<|object_ref_start|><|box_start|><4><451><995><550><|box_end|><|point_start|><551><515><|point_end|>"}]}], "boxes": [{"bbox": [188.0, 2.0, 229.0, 414.0], "point": [214.62646828504307, 229.4600626468285], "phrase": "左边阴影糙面和右边纹理墙之间的蜿蜒裂缝"}], "caption": "左边阴影糙面和右边纹理墙之间的蜿蜒裂缝"}
21012295	{"image_id": "refcrack_0012885_0012885_00_4", "width": 416, "height": 416, "vrt_indices": [44, 73, 102, 131, 160, 189, 218, 247, 276, 363, 392, 421, 450, 479, 508, 537, 596, 624, 625, 653, 682, 711, 740, 769, 797, 798, 826], "patch_points": [[214.0, 20.0], [215.0, 35.0], [217.0, 49.0], [217.0, 62.0], [215.0, 76.0], [214.0, 90.0], [214.0, 105.0], [216.0, 119.0], [218.0, 132.0], [218.0, 175.0], [217.0, 189.0], [216.0, 203.0], [215.0, 216.0], [215.0, 230.0], [216.0, 245.0], [217.0, 258.0], [226.0, 287.0], [218.0, 301.0], [226.0, 300.0], [217.0, 315.0], [216.0, 328.0], [215.0, 342.0], [213.0, 356.0], [214.0, 371.0], [204.0, 386.0], [214.0, 384.0], [202.0, 398.0]], "conversations": [{"role": "user", "content": [{"type": "image", "image": "/home/yrquni/Downloads/Unilab/PaDT/dataset/dataset_root/images/0012885.png"}, {"type": "text", "text": "上下穿通墙面，边缘像波浪，把墙分成明暗两块的裂缝"}]}, {"role": "assistant", "content": [{"type": "text", "text": "<|object_ref_start|><|box_start|><4><451><995><550><|box_end|><|point_start|><551><515><|point_end|>"}]}], "boxes": [{"bbox": [188.0, 2.0, 229.0, 414.0], "point": [214.62646828504307, 229.4600626468285], "phrase": "上下穿通墙面，边缘像波浪，把墙分成明暗两块的裂缝"}], "caption": "上下穿通墙面，边缘像波浪，把墙分成明暗两块的裂缝"}
21081813	{"image_id": "refcrack_0012886_0012886_00_1", "width": 416, "height": 416, "vrt_indices": [552, 553, 554, 555, 556, 581, 582, 583, 584, 585, 586, 587, 612, 613, 614, 615, 616, 617, 618, 619, 620, 621, 622, 623, 624, 625, 642, 643, 645, 646, 648, 649, 650, 651, 652, 653, 654, 655, 656, 657, 658, 688, 689, 690], "patch_points": [[20.0, 273.0], [34.0, 273.0], [48.0, 273.0], [62.0, 274.0], [75.0, 276.0], [20.0, 286.0], [34.0, 286.0], [48.0, 286.0], [62.0, 286.0], [76.0, 286.0], [90.0, 287.0], [104.0, 288.0], [48.0, 300.0], [62.0, 300.0], [76.0, 300.0], [90.0, 300.0], [104.0, 300.0], [118.0, 300.0], [132.0, 300.0], [146.0, 300.0], [160.0, 300.0], [174.0, 301.0], [188.0, 302.0], [202.0, 302.0], [216.0, 303.0], [230.0, 304.0], [63.0, 314.0], [75.0, 314.0], [104.0, 314.0], [118.0, 314.0], [147.0, 313.0], [161.0, 314.0], [174.0, 314.0], [188.0, 314.0], [202.0, 314.0], [216.0, 314.0], [230.0, 314.0], [244.0, 314.0], [258.0, 314.0], [272.0, 315.0], [286.0, 317.0], [301.0, 326.0], [315.0, 326.0], [326.0, 328.0]], "conversations": [{"role": "user", "content": [{"type": "image", "image": "/home/yrquni/Downloads/Unilab/PaDT/dataset/dataset_root/images/0012886.png"}, {"type": "text", "text": "从左往右延伸、右端变细的长裂缝"}]}, {"role": "assistant", "content": [{"type": "text", "text": "<|object_ref_start|><|box_start|><634><7><800><795><|box_end|><|point_start|><725><320><|point_end|>"}]}], "boxes": [{"bbox": [3.0, 264.0, 331.0, 333.0], "point": [133.4077248562439, 301.68080720407943], "phrase": "从左往右延伸、右端变细的长裂缝"}], "caption": "从左往右延伸、右端变细的长裂缝"}
21118391	{"image_id": "refcrack_0012886_0012886_00_2", "width": 416, "height": 416, "vrt_indices": [552, 553, 554, 555, 556, 581, 582, 583, 584, 585, 586, 587, 612, 613, 614, 615, 616, 617, 618, 619, 620, 621, 622, 623, 624, 625, 642, 643, 645, 646, 648, 649, 650, 651, 652, 653, 654, 655, 656, 657, 658, 688, 689, 690], "patch_points": [[20.0, 273.0], [34.0, 273.0], [48.0, 273.0], [62.0, 274.0], [75.0, 276.0], [20.0, 286.0], [34.0, 286.0], [48.0, 286.0], [62.0, 286.0], [76.0, 286.0], [90.0, 287.0], [104.0, 288.0], [48.0, 300.0], [62.0, 300.0], [76.0, 300.0], [90.0, 300.0], [104.0, 300.0], [118.0, 300.0], [132.0, 300.0], [146.0, 300.0], [160.0, 300.0], [174.0, 301.0], [188.0, 302.0], [202.0, 302.0], [216.0, 303.0], [230.0, 304.0], [63.0, 314.0], [75.0, 314.0], [104.0, 314.0], [118.0, 314.0], [147.0, 313.0], [161.0, 314.0], [174.0, 314.0], [188.0, 314.0], [202.0, 314.0], [216.0, 314.0], [230.0, 314.0], [244.0, 314.0], [258.0, 314.0], [272.0, 315.0], [286.0, 317.0], [301.0, 326.0], [315.0, 326.0], [326.0, 328.0]], "conversations": [{"role": "user", "content": [{"type": "image", "image": "/home/yrquni/Downloads/Unilab/PaDT/dataset/dataset_root/images/0012886.png"}, {"type": "text", "text": "画面下部，一道左端宽厚、右端窄长的裂缝"}]}, {"role": "assistant", "content": [{"type": "text", "text": "<|object_ref_start|><|box_start|><634><7><800><795><|box_end|><|point_start|><725><320><|point_end|>"}]}], "boxes": [{"bbox": [3.0, 264.0, 331.0, 333.0], "point": [133.4077248562439, 301.68080720407943], "phrase": "画面下部，一道左端宽厚、右端窄长的裂缝"}], "caption": "画面下部，一道左端宽厚、右端窄长的裂缝"}
21154969	{"image_id": "refcrack_0012886_0012886_00_3", "width": 416, "height": 416, "vrt_indices": [552, 553, 554, 555, 556, 581, 582, 583, 584, 585, 586, 587, 612, 613, 614, 615, 616, 617, 618, 619, 620, 621, 622, 623, 624, 625, 642, 643, 645, 646, 648, 649, 650, 651, 652, 653, 654, 655, 656, 657, 658, 688, 689, 690], "patch_points": [[20.0, 273.0], [34.0, 273.0], [48.0, 273.0], [62.0, 274.0], [75.0, 276.0], [20.0, 286.0], [34.0, 286.0], [48.0, 286.0], [62.0, 286.0], [76.0, 286.0], [90.0, 287.0], [104.0, 288.0], [48.0, 300.0], [62.0, 300.0], [76.0, 300.0], [90.0, 300.0], [104.0, 300.0], [118.0, 300.0], [132.0, 300.0], [146.0, 300.0], [160.0, 300.0], [174.0, 301.0], [188.0, 302.0], [202.0, 302.0], [216.0, 303.0], [230.0, 304.0], [63.0, 314.0], [75.0, 314.0], [104.0, 314.0], [118.0, 314.0], [147.0, 313.0], [161.0, 314.0], [174.0, 314.0], [188.0, 314.0], [202.0, 314.0], [216.0, 314.0], [230.0, 314.0], [244.0, 314.0], [258.0, 314.0], [272.0, 315.0], [286.0, 317.0], [301.0, 326.0], [315.0, 326.0], [326.0, 328.0]], "conversations": [{"role": "user", "content": [{"type": "image", "image": "/home/yrquni/Downloads/Unilab/PaDT/dataset/dataset_root/images/0012886.png"}, {"type": "text", "text": "灰色表面下方，一条左端粗、逐渐变细的长裂缝"}]}, {"role": "assistant", "content": [{"type": "text", "text": "<|object_ref_start|><|box_start|><634><7><800><795><|box_end|><|point_start|><725><320><|point_end|>"}]}], "boxes": [{"bbox": [3.0, 264.0, 331.0, 333.0], "point": [133.4077248562439, 301.68080720407943], "phrase": "灰色表面下方，一条左端粗、逐渐变细的长裂缝"}], "caption": "灰色表面下方，一条左端粗、逐渐变细的长裂缝"}
21191547	{"image_id": "refcrack_0012886_0012886_00_4", "width": 416, "height": 416, "vrt_indices": [552, 553, 554, 555, 556, 581, 582, 583, 584, 585, 586, 587, 612, 613, 614, 615, 616, 617, 618, 619, 620, 621, 622, 623, 624, 625, 642, 643, 645, 646, 648, 649, 650, 651, 652, 653, 654, 655, 656, 657, 658, 688, 689, 690], "patch_points": [[20.0, 273.0], [34.0, 273.0], [48.0, 273.0], [62.0, 274.0], [75.0, 276.0], [20.0, 286.0], [34.0, 286.0], [48.0, 286.0], [62.0, 286.0], [76.0, 286.0], [90.0, 287.0], [104.0, 288.0], [48.0, 300.0], [62.0, 300.0], [76.0, 300.0], [90.0, 300.0], [104.0, 300.0], [118.0, 300.0], [132.0, 300.0], [146.0, 300.0], [160.0, 300.0], [174.0, 301.0], [188.0, 302.0], [202.0, 302.0], [216.0, 303.0], [230.0, 304.0], [63.0, 314.0], [75.0, 314.0], [104.0, 314.0], [118.0, 314.0], [147.0, 313.0], [161.0, 314.0], [174.0, 314.0], [188.0, 314.0], [202.0, 314.0], [216.0, 314.0], [230.0, 314.0], [244.0, 314.0], [258.0, 314.0], [272.0, 315.0], [286.0, 317.0], [301.0, 326.0], [315.0, 326.0], [326.0, 328.0]], "conversations": [{"role": "user", "content": [{"type": "image", "image": "/home/yrquni/Downloads/Unilab/PaDT/dataset/dataset_root/images/0012886.png"}, {"type": "text", "text": "粗糙灰面中，偏左下且左端宽右端尖的长裂缝"}]}, {"role": "assistant", "content": [{"type": "text", "text": "<|object_ref_start|><|box_start|><634><7><800><795><|box_end|><|point_start|><725><320><|point_end|>"}]}], "boxes": [{"bbox": [3.0, 264.0, 331.0, 333.0], "point": [133.4077248562439, 301.68080720407943], "phrase": "粗糙灰面中，偏左下且左端宽右端尖的长裂缝"}], "caption": "粗糙灰面中，偏左下且左端宽右端尖的长裂缝"}
21228125	{"image_id": "refcrack_0012889_0012889_00_0", "width": 416, "height": 416, "vrt_indices": [262, 263, 293, 323, 353, 354, 355, 356, 357, 358, 369, 370, 371, 372, 373, 374, 388, 389, 390, 395, 396, 397, 420, 421, 422, 423, 424, 450], "patch_points": [[21.0, 132.0], [34.0, 134.0], [48.0, 147.0], [62.0, 161.0], [77.0, 172.0], [91.0, 173.0], [104.0, 175.0], [118.0, 175.0], [132.0, 174.0], [146.0, 175.0], [300.0, 176.0], [314.0, 174.0], [329.0, 174.0], [342.0, 174.0], [356.0, 173.0], [371.0, 173.0], [161.0, 187.0], [174.0, 189.0], [188.0, 189.0], [259.0, 189.0], [272.0, 186.0], [286.0, 184.0], [203.0, 202.0], [216.0, 202.0], [230.0, 202.0], [244.0, 201.0], [257.0, 199.0], [216.0, 216.0]], "conversations": [{"role": "user", "content": [{"type": "image", "image": "/home/yrquni/Downloads/Unilab/PaDT/dataset/dataset_root/images/0012889.png"}, {"type": "text", "text": "墙面中间下凹的一道弧形裂缝"}]}, {"role": "assistant", "content": [{"type": "text", "text": "<|object_ref_start|><|box_start|><266><4><538><927><|box_end|><|point_start|><420><445><|point_end|>"}]}], "boxes": [{"bbox": [2.0, 111.0, 386.0, 224.0], "point": [185.4949051575482, 175.01034644928671], "phrase": "墙面中间下凹的一道弧形裂缝"}], "caption": "墙面中间下凹的一道弧形裂缝"}
21293819	{"image_id": "refcrack_0012889_0012889_00_1", "width": 416, "height": 416, "vrt_indices": [262, 263, 293, 323, 353, 354, 355, 356, 357, 358, 369, 370, 371, 372, 373, 374, 388, 389, 390, 395, 396, 397, 420, 421, 422, 423, 424, 450], "patch_points": [[21.0, 132.0], [34.0, 134.0], [48.0, 147.0], [62.0, 161.0], [77.0, 172.0], [91.0, 173.0], [104.0, 175.0], [118.0, 175.0], [132.0, 174.0], [146.0, 175.0], [300.0, 176.0], [314.0, 174.0], [329.0, 174.0], [342.0, 174.0], [356.0, 173.0], [371.0, 173.0], [161.0, 187.0], [174.0, 189.0], [188.0, 189.0], [259.0, 189.0], [272.0, 186.0], [286.0, 184.0], [203.0, 202.0], [216.0, 202.0], [230.0, 202.0], [244.0, 201.0], [257.0, 199.0], [216.0, 216.0]], "conversations": [{"role": "user", "content": [{"type": "image", "image": "/home/yrquni/Downloads/Unilab/PaDT/dataset/dataset_root/images/0012889.png"}, {"type": "text", "text": "从左到右呈下弯弧状的裂缝"}]}, {"role": "assistant", "content": [{"type": "text", "text": "<|object_ref_start|><|box_start|><266><4><538><927><|box_end|><|point_start|><420><445><|point_end|>"}]}], "boxes": [{"bbox": [2.0, 111.0, 386.0, 224.0], "point": [185.4949051575482, 175.01034644928671], "phrase": "从左到右呈下弯弧状的裂缝"}], "caption": "从左到右呈下弯弧状的裂缝"}
21359513	{"image_id": "refcrack_0012889_0012889_00_2", "width": 416, "height": 416, "vrt_indices": [262, 263, 293, 323, 353, 354, 355, 356, 357, 358, 369, 370, 371, 372, 373, 374, 388, 389, 390, 395, 396, 397, 420, 421, 422, 423, 424, 450], "patch_points": [[21.0, 132.0], [34.0, 134.0], [48.0, 147.0], [62.0, 161.0], [77.0, 172.0], [91.0, 173.0], [104.0, 175.0], [118.0, 175.0], [132.0, 174.0], [146.0, 175.0], [300.0, 176.0], [314.0, 174.0], [329.0, 174.0], [342.0, 174.0], [356.0, 173.0], [371.0, 173.0], [161.0, 187.0], [174.0, 189.0], [188.0, 189.0], [259.0, 189.0], [272.0, 186.0], [286.0, 184.0], [203.0, 202.0], [216.0, 202.0], [230.0, 202.0], [244.0, 201.0], [257.0, 199.0], [216.0, 216.0]], "conversations": [{"role": "user", "content": [{"type": "image", "image": "/home/yrquni/Downloads/Unilab/PaDT/dataset/dataset_root/images/0012889.png"}, {"type": "text", "text": "灰糙墙面上像V字底部的裂缝"}]}, {"role": "assistant", "content": [{"type": "text", "text": "<|object_ref_start|><|box_start|><266><4><538><927><|box_end|><|point_start|><420><445><|point_end|>"}]}], "boxes": [{"bbox": [2.0, 111.0, 386.0, 224.0], "point": [185.4949051575482, 175.01034644928671], "phrase": "灰糙墙面上像V字底部的裂缝"}], "caption": "灰糙墙面上像V字底部的裂缝"}
21425207	{"image_id": "refcrack_0012889_0012889_00_3", "width": 416, "height": 416, "vrt_indices": [262, 263, 293, 323, 353, 354, 355, 356, 357, 358, 369, 370, 371, 372, 373, 374, 388, 389, 390, 395, 396, 397, 420, 421, 422, 423, 424, 450], "patch_points": [[21.0, 132.0], [34.0, 134.0], [48.0, 147.0], [62.0, 161.0], [77.0, 172.0], [91.0, 173.0], [104.0, 175.0], [118.0, 175.0], [132.0, 174.0], [146.0, 175.0], [300.0, 176.0], [314.0, 174.0], [329.0, 174.0], [342.0, 174.0], [356.0, 173.0], [371.0, 173.0], [161.0, 187.0], [174.0, 189.0], [188.0, 189.0], [259.0, 189.0], [272.0, 186.0], [286.0, 184.0], [203.0, 202.0], [216.0, 202.0], [230.0, 202.0], [244.0, 201.0], [257.0, 199.0], [216.0, 216.0]], "conversations": [{"role": "user", "content": [{"type": "image", "image": "/home/yrquni/Downloads/Unilab/PaDT/dataset/dataset_root/images/0012889.png"}, {"type": "text", "text": "横着延伸、中间向下凸起的弯曲裂缝"}]}, {"role": "assistant", "content": [{"type": "text", "text": "<|object_ref_start|><|box_start|><266><4><538><927><|box_end|><|point_start|><420><445><|point_end|>"}]}], "boxes": [{"bbox": [2.0, 111.0, 386.0, 224.0], "point": [185.4949051575482, 175.01034644928671], "phrase": "横着延伸、中间向下凸起的弯曲裂缝"}], "caption": "横着延伸、中间向下凸起的弯曲裂缝"}
21490901	{"image_id": "refcrack_0012889_0012889_00_4", "width": 416, "height": 416, "vrt_indices": [262, 263, 293, 323, 353, 354, 355, 356, 357, 358, 369, 370, 371, 372, 373, 374, 388, 389, 390, 395, 396, 397, 420, 421, 422, 423, 424, 450], "patch_points": [[21.0, 132.0], [34.0, 134.0], [48.0, 147.0], [62.0, 161.0], [77.0, 172.0], [91.0, 173.0], [104.0, 175.0], [118.0, 175.0], [132.0, 174.0], [146.0, 175.0], [300.0, 176.0], [314.0, 174.0], [329.0, 174.0], [342.0, 174.0], [356.0, 173.0], [371.0, 173.0], [161.0, 187.0], [174.0, 189.0], [188.0, 189.0], [259.0, 189.0], [272.0, 186.0], [286.0, 184.0], [203.0, 202.0], [216.0, 202.0], [230.0, 202.0], [244.0, 201.0], [257.0, 199.0], [216.0, 216.0]], "conversations": [{"role": "user", "content": [{"type": "image", "image": "/home/yrquni/Downloads/Unilab/PaDT/dataset/dataset_root/images/0012889.png"}, {"type": "text", "text": "左右延展、轮廓起伏且中点最低的裂缝"}]}, {"role": "assistant", "content": [{"type": "text", "text": "<|object_ref_start|><|box_start|><266><4><538><927><|box_end|><|point_start|><420><445><|point_end|>"}]}], "boxes": [{"bbox": [2.0, 111.0, 386.0, 224.0], "point": [185.4949051575482, 175.01034644928671], "phrase": "左右延展、轮廓起伏且中点最低的裂缝"}], "caption": "左右延展、轮廓起伏且中点最低的裂缝"}
21556595	{"image_id": "refcrack_0012891_0012891_00_0", "width": 416, "height": 416, "vrt_indices": [42, 216, 245, 274, 304, 363, 392, 421, 450, 479, 509, 538, 568, 598, 627, 657, 716, 745, 774], "patch_points": [[184.0, 20.0], [185.0, 105.0], [188.0, 119.0], [191.0, 132.0], [203.0, 146.0], [214.0, 174.0], [213.0, 188.0], [213.0, 203.0], [216.0, 217.0], [219.0, 230.0], [230.0, 245.0], [233.0, 257.0], [244.0, 273.0], [255.0, 288.0], [259.0, 300.0], [272.0, 315.0], [284.0, 343.0], [287.0, 356.0], [289.0, 370.0]], "conversations": [{"role": "user", "content": [{"type": "image", "image": "/home/yrquni/Downloads/Unilab/PaDT/dataset/dataset_root/images/0012891.png"}, {"type": "text", "text": "中间上下贯穿的曲折长裂缝"}]}, {"role": "assistant", "content": [{"type": "text", "text": "<|object_ref_start|><|box_start|><2><413><992><711><|box_end|><|point_start|><505><545><|point_end|>"}]}], "boxes": [{"bbox": [172.0, 1.0, 296.0, 413.0], "point": [226.72764130694014, 210.25113284044838], "phrase": "中间上下贯穿的曲折长裂缝"}], "caption": "中间上下贯穿的曲折长裂缝"}
21639429	{"image_id": "refcrack_0012891_0012891_00_1", "width": 416, "height": 416, "vrt_indices": [42, 216, 245, 274, 304, 363, 392, 421, 450, 479, 509, 538, 568, 598, 627, 657, 716, 745, 774], "patch_points": [[184.0, 20.0], [185.0, 105.0], [188.0, 119.0], [191.0, 132.0], [203.0, 146.0], [214.0, 174.0], [213.0, 188.0], [213.0, 203.0], [216.0, 217.0], [219.0, 230.0], [230.0, 245.0], [233.0, 257.0], [244.0, 273.0], [255.0, 288.0], [259.0, 300.0], [272.0, 315.0], [284.0, 343.0], [287.0, 356.0], [289.0, 370.0]], "conversations": [{"role": "user", "content": [{"type": "image", "image": "/home/yrquni/Downloads/Unilab/PaDT/dataset/dataset_root/images/0012891.png"}, {"type": "text", "text": "从上方斜着向下、走势起伏的裂缝"}]}, {"role": "assistant", "content": [{"type": "text", "text": "<|object_ref_start|><|box_start|><2><413><992><711><|box_end|><|point_start|><505><545><|point_end|>"}]}], "boxes": [{"bbox": [172.0, 1.0, 296.0, 413.0], "point": [226.72764130694014, 210.25113284044838], "phrase": "从上方斜着向下、走势起伏的裂缝"}], "caption": "从上方斜着向下、走势起伏的裂缝"}
21722263	{"image_id": "refcrack_0012891_0012891_00_2", "width": 416, "height": 416, "vrt_indices": [42, 216, 245, 274, 304, 363, 392, 421, 450, 479, 509, 538, 568, 598, 627, 657, 716, 745, 774], "patch_points": [[184.0, 20.0], [185.0, 105.0], [188.0, 119.0], [191.0, 132.0], [203.0, 146.0], [214.0, 174.0], [213.0, 188.0], [213.0, 203.0], [216.0, 217.0], [219.0, 230.0], [230.0, 245.0], [233.0, 257.0], [244.0, 273.0], [255.0, 288.0], [259.0, 300.0], [272.0, 315.0], [284.0, 343.0], [287.0, 356.0], [289.0, 370.0]], "conversations": [{"role": "user", "content": [{"type": "image", "image": "/home/yrquni/Downloads/Unilab/PaDT/dataset/dataset_root/images/0012891.png"}, {"type": "text", "text": "浅灰色地面上呈S形蜿蜒的长裂缝"}]}, {"role": "assistant", "content": [{"type": "text", "text": "<|object_ref_start|><|box_start|><2><413><992><711><|box_end|><|point_start|><505><545><|point_end|>"}]}], "boxes": [{"bbox": [172.0, 1.0, 296.0, 413.0], "point": [226.72764130694014, 210.25113284044838], "phrase": "浅灰色地面上呈S形蜿蜒的长裂缝"}], "caption": "浅灰色地面上呈S形蜿蜒的长裂缝"}
21805097	{"image_id": "refcrack_0012891_0012891_00_4", "width": 416, "height": 416, "vrt_indices": [42, 216, 245, 274, 304, 363, 392, 421, 450, 479, 509, 538, 568, 598, 627, 657, 716, 745, 774], "patch_points": [[184.0, 20.0], [185.0, 105.0], [188.0, 119.0], [191.0, 132.0], [203.0, 146.0], [214.0, 174.0], [213.0, 188.0], [213.0, 203.0], [216.0, 217.0], [219.0, 230.0], [230.0, 245.0], [233.0, 257.0], [244.0, 273.0], [255.0, 288.0], [259.0, 300.0], [272.0, 315.0], [284.0, 343.0], [287.0, 356.0], [289.0, 370.0]], "conversations": [{"role": "user", "content": [{"type": "image", "image": "/home/yrquni/Downloads/Unilab/PaDT/dataset/dataset_root/images/0012891.png"}, {"type": "text", "text": "中轴附近上下延伸、线条像波浪的裂缝"}]}, {"role": "assistant", "content": [{"type": "text", "text": "<|object_ref_start|><|box_start|><2><413><992><711><|box_end|><|point_start|><505><545><|point_end|>"}]}], "boxes": [{"bbox": [172.0, 1.0, 296.0, 413.0], "point": [226.72764130694014, 210.25113284044838], "phrase": "中轴附近上下延伸、线条像波浪的裂缝"}], "caption": "中轴附近上下延伸、线条像波浪的裂缝"}
21887931	{"image_id": "refcrack_0012894_0012894_00_0", "width": 416, "height": 416, "vrt_indices": [44, 73, 102, 131, 160, 189, 218, 247, 450, 478, 506, 563, 592, 621, 680, 709, 739, 768], "patch_points": [[216.0, 21.0], [215.0, 34.0], [213.0, 48.0], [213.0, 63.0], [214.0, 77.0], [215.0, 91.0], [217.0, 104.0], [219.0, 118.0], [214.0, 215.0], [201.0, 227.0], [185.0, 243.0], [174.0, 272.0], [172.0, 287.0], [175.0, 300.0], [185.0, 329.0], [187.0, 343.0], [200.0, 358.0], [203.0, 370.0]], "conversations": [{"role": "user", "content": [{"type": "image", "image": "/home/yrquni/Downloads/Unilab/PaDT/dataset/dataset_root/images/0012894.png"}, {"type": "text", "text": "从墙上方一直延伸到下方的曲折长缝"}]}, {"role": "assistant", "content": [{"type": "text", "text": "<|object_ref_start|><|box_start|><0><403><995><548><|box_end|><|point_start|><509><488><|point_end|>"}]}], "boxes": [{"bbox": [168.0, 0.0, 228.0, 414.0], "point": [203.06497302158274, 211.93187949640287], "phrase": "从墙上方一直延伸到下方的曲折长缝"}], "caption": "从墙上方一直延伸到下方的曲折长缝"}
21971593	{"image_id": "refcrack_0012894_0012894_00_1", "width": 416, "height": 416, "vrt_indices": [44, 73, 102, 131, 160, 189, 218, 247, 450, 478, 506, 563, 592, 621, 680, 709, 739, 768], "patch_points": [[216.0, 21.0], [215.0, 34.0], [213.0, 48.0], [213.0, 63.0], [214.0, 77.0], [215.0, 91.0], [217.0, 104.0], [219.0, 118.0], [214.0, 215.0], [201.0, 227.0], [185.0, 243.0], [174.0, 272.0], [172.0, 287.0], [175.0, 300.0], [185.0, 329.0], [187.0, 343.0], [200.0, 358.0], [203.0, 370.0]], "conversations": [{"role": "user", "content": [{"type": "image", "image": "/home/yrquni/Downloads/Unilab/PaDT/dataset/dataset_root/images/0012894.png"}, {"type": "text", "text": "墙中间偏上的破损处下面，有条蛇形的裂缝"}]}, {"role": "assistant", "content": [{"type": "text", "text": "<|object_ref_start|><|box_start|><0><403><995><548><|box_end|><|point_start|><509><488><|point_end|>"}]}], "boxes": [{"bbox": [168.0, 0.0, 228.0, 414.0], "point": [203.06497302158274, 211.93187949640287], "phrase": "墙中间偏上的破损处下面，有条蛇形的裂缝"}], "caption": "墙中间偏上的破损处下面，有条蛇形的裂缝"}
22055255	{"image_id": "refcrack_0012894_0012894_00_2", "width": 416, "height": 416, "vrt_indices": [44, 73, 102, 131, 160, 189, 218, 247, 450, 478, 506, 563, 592, 621, 680, 709, 739, 768], "patch_points": [[216.0, 21.0], [215.0, 34.0], [213.0, 48.0], [213.0, 63.0], [214.0, 77.0], [215.0, 91.0], [217.0, 104.0], [219.0, 118.0], [214.0, 215.0], [201.0, 227.0], [185.0, 243.0], [174.0, 272.0], [172.0, 287.0], [175.0, 300.0], [185.0, 329.0], [187.0, 343.0], [200.0, 358.0], [203.0, 370.0]], "conversations": [{"role": "user", "content": [{"type": "image", "image": "/home/yrquni/Downloads/Unilab/PaDT/dataset/dataset_root/images/0012894.png"}, {"type": "text", "text": "从墙上部斜着往下、弯弯曲曲的一道缝"}]}, {"role": "assistant", "content": [{"type": "text", "text": "<|object_ref_start|><|box_start|><0><403><995><548><|box_end|><|point_start|><509><488><|point_end|>"}]}], "boxes": [{"bbox": [168.0, 0.0, 228.0, 414.0], "point": [203.06497302158274, 211.93187949640287], "phrase": "从墙上部斜着往下、弯弯曲曲的一道缝"}], "caption": "从墙上部斜着往下、弯弯曲曲的一道缝"}
22138917	{"image_id": "refcrack_0012894_0012894_00_3", "width": 416, "height": 416, "vrt_indices": [44, 73, 102, 131, 160, 189, 218, 247, 450, 478, 506, 563, 592, 621, 680, 709, 739, 768], "patch_points": [[216.0, 21.0], [215.0, 34.0], [213.0, 48.0], [213.0, 63.0], [214.0, 77.0], [215.0, 91.0], [217.0, 104.0], [219.0, 118.0], [214.0, 215.0], [201.0, 227.0], [185.0, 243.0], [174.0, 272.0], [172.0, 287.0], [175.0, 300.0], [185.0, 329.0], [187.0, 343.0], [200.0, 358.0], [203.0, 370.0]], "conversations": [{"role": "user", "content": [{"type": "image", "image": "/home/yrquni/Downloads/Unilab/PaDT/dataset/dataset_root/images/0012894.png"}, {"type": "text", "text": "带斑点的灰墙面上，从上部破损处向下蜿蜒的长裂缝"}]}, {"role": "assistant", "content": [{"type": "text", "text": "<|object_ref_start|><|box_start|><0><403><995><548><|box_end|><|point_start|><509><488><|point_end|>"}]}], "boxes": [{"bbox": [168.0, 0.0, 228.0, 414.0], "point": [203.06497302158274, 211.93187949640287], "phrase": "带斑点的灰墙面上，从上部破损处向下蜿蜒的长裂缝"}], "caption": "带斑点的灰墙面上，从上部破损处向下蜿蜒的长裂缝"}
22222579	{"image_id": "refcrack_0012894_0012894_00_4", "width": 416, "height": 416, "vrt_indices": [44, 73, 102, 131, 160, 189, 218, 247, 450, 478, 506, 563, 592, 621, 680, 709, 739, 768], "patch_points": [[216.0, 21.0], [215.0, 34.0], [213.0, 48.0], [213.0, 63.0], [214.0, 77.0], [215.0, 91.0], [217.0, 104.0], [219.0, 118.0], [214.0, 215.0], [201.0, 227.0], [185.0, 243.0], [174.0, 272.0], [172.0, 287.0], [175.0, 300.0], [185.0, 329.0], [187.0, 343.0], [200.0, 358.0], [203.0, 370.0]], "conversations": [{"role": "user", "content": [{"type": "image", "image": "/home/yrquni/Downloads/Unilab/PaDT/dataset/dataset_root/images/0012894.png"}, {"type": "text", "text": "破损点正下方，一道曲折且几乎贯穿整个墙面的裂缝"}]}, {"role": "assistant", "content": [{"type": "text", "text": "<|object_ref_start|><|box_start|><0><403><995><548><|box_end|><|point_start|><509><488><|point_end|>"}]}], "boxes": [{"bbox": [168.0, 0.0, 228.0, 414.0], "point": [203.06497302158274, 211.93187949640287], "phrase": "破损点正下方，一道曲折且几乎贯穿整个墙面的裂缝"}], "caption": "破损点正下方，一道曲折且几乎贯穿整个墙面的裂缝"}
22306241	{"image_id": "refcrack_0012895_0012895_00_0", "width": 416, "height": 416, "vrt_indices": [47, 76, 103, 104, 105, 130, 131, 132, 157, 158, 159, 186, 187, 215, 244, 273, 302, 331, 360, 389, 418, 446, 475, 504, 562, 591, 620, 649, 707], "patch_points": [[260.0, 21.0], [258.0, 34.0], [230.0, 48.0], [244.0, 48.0], [257.0, 46.0], [202.0, 62.0], [216.0, 61.0], [229.0, 58.0], [175.0, 77.0], [188.0, 76.0], [199.0, 73.0], [174.0, 90.0], [184.0, 87.0], [173.0, 104.0], [174.0, 119.0], [175.0, 132.0], [176.0, 147.0], [174.0, 160.0], [173.0, 174.0], [171.0, 188.0], [170.0, 202.0], [161.0, 217.0], [159.0, 230.0], [157.0, 243.0], [157.0, 273.0], [157.0, 286.0], [157.0, 300.0], [156.0, 314.0], [155.0, 343.0]], "conversations": [{"role": "user", "content": [{"type": "image", "image": "/home/yrquni/Downloads/Unilab/PaDT/dataset/dataset_root/images/0012895.png"}, {"type": "text", "text": "从下方往上弯的一道裂缝"}]}, {"role": "assistant", "content": [{"type": "text", "text": "<|object_ref_start|><|box_start|><7><341><985><653><|box_end|><|point_start|><403><441><|point_end|>"}]}], "boxes": [{"bbox": [142.0, 3.0, 272.0, 410.0], "point": [183.85318756211842, 168.05963367883004], "phrase": "从下方往上弯的一道裂缝"}], "caption": "从下方往上弯的一道裂缝"}
22357335	{"image_id": "refcrack_0012895_0012895_00_2", "width": 416, "height": 416, "vrt_indices": [47, 76, 103, 104, 105, 130, 131, 132, 157, 158, 159, 186, 187, 215, 244, 273, 302, 331, 360, 389, 418, 446, 475, 504, 562, 591, 620, 649, 707], "patch_points": [[260.0, 21.0], [258.0, 34.0], [230.0, 48.0], [244.0, 48.0], [257.0, 46.0], [202.0, 62.0], [216.0, 61.0], [229.0, 58.0], [175.0, 77.0], [188.0, 76.0], [199.0, 73.0], [174.0, 90.0], [184.0, 87.0], [173.0, 104.0], [174.0, 119.0], [175.0, 132.0], [176.0, 147.0], [174.0, 160.0], [173.0, 174.0], [171.0, 188.0], [170.0, 202.0], [161.0, 217.0], [159.0, 230.0], [157.0, 243.0], [157.0, 273.0], [157.0, 286.0], [157.0, 300.0], [156.0, 314.0], [155.0, 343.0]], "conversations": [{"role": "user", "content": [{"type": "image", "image": "/home/yrquni/Downloads/Unilab/PaDT/dataset/dataset_root/images/0012895.png"}, {"type": "text", "text": "有斑驳痕迹的墙面上，下端笔直上端弯折的长裂缝"}]}, {"role": "assistant", "content": [{"type": "text", "text": "<|object_ref_start|><|box_start|><7><341><985><653><|box_end|><|point_start|><403><441><|point_end|>"}]}], "boxes": [{"bbox": [142.0, 3.0, 272.0, 410.0], "point": [183.85318756211842, 168.05963367883004], "phrase": "有斑驳痕迹的墙面上，下端笔直上端弯折的长裂缝"}], "caption": "有斑驳痕迹的墙面上，下端笔直上端弯折的长裂缝"}
22408429	{"image_id": "refcrack_0012895_0012895_00_3", "width": 416, "height": 416, "vrt_indices": [47, 76, 103, 104, 105, 130, 131, 132, 157, 158, 159, 186, 187, 215, 244, 273, 302, 331, 360, 389, 418, 446, 475, 504, 562, 591, 620, 649, 707], "patch_points": [[260.0, 21.0], [258.0, 34.0], [230.0, 48.0], [244.0, 48.0], [257.0, 46.0], [202.0, 62.0], [216.0, 61.0], [229.0, 58.0], [175.0, 77.0], [188.0, 76.0], [199.0, 73.0], [174.0, 90.0], [184.0, 87.0], [173.0, 104.0], [174.0, 119.0], [175.0, 132.0], [176.0, 147.0], [174.0, 160.0], [173.0, 174.0], [171.0, 188.0], [170.0, 202.0], [161.0, 217.0], [159.0, 230.0], [157.0, 243.0], [157.0, 273.0], [157.0, 286.0], [157.0, 300.0], [156.0, 314.0], [155.0, 343.0]], "conversations": [{"role": "user", "content": [{"type": "image", "image": "/home/yrquni/Downloads/Unilab/PaDT/dataset/dataset_root/images/0012895.png"}, {"type": "text", "text": "灰扑扑的墙面上，从下往上先直后弯、样子曲折的裂缝"}]}, {"role": "assistant", "content": [{"type": "text", "text": "<|object_ref_start|><|box_start|><7><341><985><653><|box_end|><|point_start|><403><441><|point_end|>"}]}], "boxes": [{"bbox": [142.0, 3.0, 272.0, 410.0], "point": [183.85318756211842, 168.05963367883004], "phrase": "灰扑扑的墙面上，从下往上先直后弯、样子曲折的裂缝"}], "caption": "灰扑扑的墙面上，从下往上先直后弯、样子曲折的裂缝"}
22459523	{"image_id": "refcrack_0012895_0012895_00_4", "width": 416, "height": 416, "vrt_indices": [47, 76, 103, 104, 105, 130, 131, 132, 157, 158, 159, 186, 187, 215, 244, 273, 302, 331, 360, 389, 418, 446, 475, 504, 562, 591, 620, 649, 707], "patch_points": [[260.0, 21.0], [258.0, 34.0], [230.0, 48.0], [244.0, 48.0], [257.0, 46.0], [202.0, 62.0], [216.0, 61.0], [229.0, 58.0], [175.0, 77.0], [188.0, 76.0], [199.0, 73.0], [174.0, 90.0], [184.0, 87.0], [173.0, 104.0], [174.0, 119.0], [175.0, 132.0], [176.0, 147.0], [174.0, 160.0], [173.0, 174.0], [171.0, 188.0], [170.0, 202.0], [161.0, 217.0], [159.0, 230.0], [157.0, 243.0], [157.0, 273.0], [157.0, 286.0], [157.0, 300.0], [156.0, 314.0], [155.0, 343.0]], "conversations": [{"role": "user", "content": [{"type": "image", "image": "/home/yrquni/Downloads/Unilab/PaDT/dataset/dataset_root/images/0012895.png"}, {"type": "text", "text": "靠近左边，从底部起向上伸、先竖起来再弯折的裂缝"}]}, {"role": "assistant", "content": [{"type": "text", "text": "<|object_ref_start|><|box_start|><7><341><985><653><|box_end|><|point_start|><403><441><|point_end|>"}]}], "boxes": [{"bbox": [142.0, 3.0, 272.0, 410.0], "point": [183.85318756211842, 168.05963367883004], "phrase": "靠近左边，从底部起向上伸、先竖起来再弯折的裂缝"}], "caption": "靠近左边，从底部起向上伸、先竖起来再弯折的裂缝"}
22510617	{"image_id": "refcrack_0012896_0012896_00_1", "width": 416, "height": 416, "vrt_indices": [429, 430, 432, 433, 434, 448, 449, 450, 451, 455, 456, 457, 460, 475, 481, 483, 495, 496, 502, 503, 511, 526, 527, 528, 529, 530], "patch_points": [[329.0, 204.0], [342.0, 203.0], [371.0, 205.0], [385.0, 203.0], [397.0, 200.0], [188.0, 215.0], [202.0, 216.0], [217.0, 215.0], [230.0, 219.0], [287.0, 217.0], [300.0, 214.0], [314.0, 213.0], [357.0, 214.0], [160.0, 230.0], [245.0, 230.0], [273.0, 231.0], [36.0, 245.0], [48.0, 247.0], [133.0, 245.0], [145.0, 242.0], [259.0, 244.0], [63.0, 256.0], [76.0, 259.0], [91.0, 261.0], [105.0, 259.0], [117.0, 256.0]], "conversations": [{"role": "user", "content": [{"type": "image", "image": "/home/yrquni/Downloads/Unilab/PaDT/dataset/dataset_root/images/0012896.png"}, {"type": "text", "text": "从左往右延伸、带起伏的裂缝"}]}, {"role": "assistant", "content": [{"type": "text", "text": "<|object_ref_start|><|box_start|><444><62><639><992><|box_end|><|point_start|><540><558><|point_end|>"}]}], "boxes": [{"bbox": [26.0, 185.0, 413.0, 266.0], "point": [232.23423753665688, 225.0175953079179], "phrase": "从左往右延伸、带起伏的裂缝"}], "caption": "从左往右延伸、带起伏的裂缝"}
22551027	{"image_id": "refcrack_0012896_0012896_00_2", "width": 416, "height": 416, "vrt_indices": [429, 430, 432, 433, 434, 448, 449, 450, 451, 455, 456, 457, 460, 475, 481, 483, 495, 496, 502, 503, 511, 526, 527, 528, 529, 530], "patch_points": [[329.0, 204.0], [342.0, 203.0], [371.0, 205.0], [385.0, 203.0], [397.0, 200.0], [188.0, 215.0], [202.0, 216.0], [217.0, 215.0], [230.0, 219.0], [287.0, 217.0], [300.0, 214.0], [314.0, 213.0], [357.0, 214.0], [160.0, 230.0], [245.0, 230.0], [273.0, 231.0], [36.0, 245.0], [48.0, 247.0], [133.0, 245.0], [145.0, 242.0], [259.0, 244.0], [63.0, 256.0], [76.0, 259.0], [91.0, 261.0], [105.0, 259.0], [117.0, 256.0]], "conversations": [{"role": "user", "content": [{"type": "image", "image": "/home/yrquni/Downloads/Unilab/PaDT/dataset/dataset_root/images/0012896.png"}, {"type": "text", "text": "斑驳墙面上那条弯弯曲曲的长缝"}]}, {"role": "assistant", "content": [{"type": "text", "text": "<|object_ref_start|><|box_start|><444><62><639><992><|box_end|><|point_start|><540><558><|point_end|>"}]}], "boxes": [{"bbox": [26.0, 185.0, 413.0, 266.0], "point": [232.23423753665688, 225.0175953079179], "phrase": "斑驳墙面上那条弯弯曲曲的长缝"}], "caption": "斑驳墙面上那条弯弯曲曲的长缝"}
22591437	{"image_id": "refcrack_0012896_0012896_00_3", "width": 416, "height": 416, "vrt_indices": [429, 430, 432, 433, 434, 448, 449, 450, 451, 455, 456, 457, 460, 475, 481, 483, 495, 496, 502, 503, 511, 526, 527, 528, 529, 530], "patch_points": [[329.0, 204.0], [342.0, 203.0], [371.0, 205.0], [385.0, 203.0], [397.0, 200.0], [188.0, 215.0], [202.0, 216.0], [217.0, 215.0], [230.0, 219.0], [287.0, 217.0], [300.0, 214.0], [314.0, 213.0], [357.0, 214.0], [160.0, 230.0], [245.0, 230.0], [273.0, 231.0], [36.0, 245.0], [48.0, 247.0], [133.0, 245.0], [145.0, 242.0], [259.0, 244.0], [63.0, 256.0], [76.0, 259.0], [91.0, 261.0], [105.0, 259.0], [117.0, 256.0]], "conversations": [{"role": "user", "content": [{"type": "image", "image": "/home/yrquni/Downloads/Unilab/PaDT/dataset/dataset_root/images/0012896.png"}, {"type": "text", "text": "呈连续波浪线、左右横贯的裂缝"}]}, {"role": "assistant", "content": [{"type": "text", "text": "<|object_ref_start|><|box_start|><444><62><639><992><|box_end|><|point_start|><540><558><|point_end|>"}]}], "boxes": [{"bbox": [26.0, 185.0, 413.0, 266.0], "point": [232.23423753665688, 225.0175953079179], "phrase": "呈连续波浪线、左右横贯的裂缝"}], "caption": "呈连续波浪线、左右横贯的裂缝"}
22631847	{"image_id": "refcrack_0012896_0012896_00_4", "width": 416, "height": 416, "vrt_indices": [429, 430, 432, 433, 434, 448, 449, 450, 451, 455, 456, 457, 460, 475, 481, 483, 495, 496, 502, 503, 511, 526, 527, 528, 529, 530], "patch_points": [[329.0, 204.0], [342.0, 203.0], [371.0, 205.0], [385.0, 203.0], [397.0, 200.0], [188.0, 215.0], [202.0, 216.0], [217.0, 215.0], [230.0, 219.0], [287.0, 217.0], [300.0, 214.0], [314.0, 213.0], [357.0, 214.0], [160.0, 230.0], [245.0, 230.0], [273.0, 231.0], [36.0, 245.0], [48.0, 247.0], [133.0, 245.0], [145.0, 242.0], [259.0, 244.0], [63.0, 256.0], [76.0, 259.0], [91.0, 261.0], [105.0, 259.0], [117.0, 256.0]], "conversations": [{"role": "user", "content": [{"type": "image", "image": "/home/yrquni/Downloads/Unilab/PaDT/dataset/dataset_root/images/0012896.png"}, {"type": "text", "text": "左端稍低、右端略高，中间有凸起弯折的裂缝"}]}, {"role": "assistant", "content": [{"type": "text", "text": "<|object_ref_start|><|box_start|><444><62><639><992><|box_end|><|point_start|><540><558><|point_end|>"}]}], "boxes": [{"bbox": [26.0, 185.0, 413.0, 266.0], "point": [232.23423753665688, 225.0175953079179], "phrase": "左端稍低、右端略高，中间有凸起弯折的裂缝"}], "caption": "左端稍低、右端略高，中间有凸起弯折的裂缝"}
22672257	{"image_id": "refcrack_0012897_0012897_00_0", "width": 416, "height": 416, "vrt_indices": [233, 262, 292, 321, 350, 379, 408, 437, 466, 495, 524, 553, 582], "patch_points": [[17.0, 121.0], [20.0, 133.0], [28.0, 148.0], [29.0, 160.0], [30.0, 175.0], [30.0, 187.0], [29.0, 203.0], [29.0, 217.0], [31.0, 231.0], [32.0, 244.0], [30.0, 256.0], [28.0, 274.0], [28.0, 287.0]], "conversations": [{"role": "user", "content": [{"type": "image", "image": "/home/yrquni/Downloads/Unilab/PaDT/dataset/dataset_root/images/0012897.png"}, {"type": "text", "text": "左侧一道蜿蜒的长裂缝"}]}, {"role": "assistant", "content": [{"type": "text", "text": "<|object_ref_start|><|box_start|><237><2><718><86><|box_end|><|point_start|><455><54><|point_end|>"}]}], "boxes": [{"bbox": [1.0, 99.0, 36.0, 299.0], "point": [22.503150315031505, 189.6939693969397], "phrase": "左侧一道蜿蜒的长裂缝"}], "caption": "左侧一道蜿蜒的长裂缝"}
22707175	{"image_id": "refcrack_0012897_0012897_00_2", "width": 416, "height": 416, "vrt_indices": [233, 262, 292, 321, 350, 379, 408, 437, 466, 495, 524, 553, 582], "patch_points": [[17.0, 121.0], [20.0, 133.0], [28.0, 148.0], [29.0, 160.0], [30.0, 175.0], [30.0, 187.0], [29.0, 203.0], [29.0, 217.0], [31.0, 231.0], [32.0, 244.0], [30.0, 256.0], [28.0, 274.0], [28.0, 287.0]], "conversations": [{"role": "user", "content": [{"type": "image", "image": "/home/yrquni/Downloads/Unilab/PaDT/dataset/dataset_root/images/0012897.png"}, {"type": "text", "text": "左侧沿墙面曲折延伸的裂缝"}]}, {"role": "assistant", "content": [{"type": "text", "text": "<|object_ref_start|><|box_start|><237><2><718><86><|box_end|><|point_start|><455><54><|point_end|>"}]}], "boxes": [{"bbox": [1.0, 99.0, 36.0, 299.0], "point": [22.503150315031505, 189.6939693969397], "phrase": "左侧沿墙面曲折延伸的裂缝"}], "caption": "左侧沿墙面曲折延伸的裂缝"}
22742093	{"image_id": "refcrack_0012897_0012897_00_3", "width": 416, "height": 416, "vrt_indices": [233, 262, 292, 321, 350, 379, 408, 437, 466, 495, 524, 553, 582], "patch_points": [[17.0, 121.0], [20.0, 133.0], [28.0, 148.0], [29.0, 160.0], [30.0, 175.0], [30.0, 187.0], [29.0, 203.0], [29.0, 217.0], [31.0, 231.0], [32.0, 244.0], [30.0, 256.0], [28.0, 274.0], [28.0, 287.0]], "conversations": [{"role": "user", "content": [{"type": "image", "image": "/home/yrquni/Downloads/Unilab/PaDT/dataset/dataset_root/images/0012897.png"}, {"type": "text", "text": "左部波浪状向下的裂缝"}]}, {"role": "assistant", "content": [{"type": "text", "text": "<|object_ref_start|><|box_start|><237><2><718><86><|box_end|><|point_start|><455><54><|point_end|>"}]}], "boxes": [{"bbox": [1.0, 99.0, 36.0, 299.0], "point": [22.503150315031505, 189.6939693969397], "phrase": "左部波浪状向下的裂缝"}], "caption": "左部波浪状向下的裂缝"}
22777011	{"image_id": "refcrack_0012897_0012897_00_4", "width": 416, "height": 416, "vrt_indices": [233, 262, 292, 321, 350, 379, 408, 437, 466, 495, 524, 553, 582], "patch_points": [[17.0, 121.0], [20.0, 133.0], [28.0, 148.0], [29.0, 160.0], [30.0, 175.0], [30.0, 187.0], [29.0, 203.0], [29.0, 217.0], [31.0, 231.0], [32.0, 244.0], [30.0, 256.0], [28.0, 274.0], [28.0, 287.0]], "conversations": [{"role": "user", "content": [{"type": "image", "image": "/home/yrquni/Downloads/Unilab/PaDT/dataset/dataset_root/images/0012897.png"}, {"type": "text", "text": "左侧从上至下曲线形态的裂缝"}]}, {"role": "assistant", "content": [{"type": "text", "text": "<|object_ref_start|><|box_start|><237><2><718><86><|box_end|><|point_start|><455><54><|point_end|>"}]}], "boxes": [{"bbox": [1.0, 99.0, 36.0, 299.0], "point": [22.503150315031505, 189.6939693969397], "phrase": "左侧从上至下曲线形态的裂缝"}], "caption": "左侧从上至下曲线形态的裂缝"}
22811929	{"image_id": "refcrack_0012898_0012898_00_0", "width": 416, "height": 416, "vrt_indices": [73, 102, 131, 160, 304, 333, 362, 391, 595, 624, 653, 769, 798, 827], "patch_points": [[212.0, 34.0], [213.0, 48.0], [215.0, 63.0], [214.0, 77.0], [200.0, 146.0], [198.0, 161.0], [201.0, 174.0], [202.0, 189.0], [215.0, 287.0], [216.0, 300.0], [218.0, 315.0], [219.0, 370.0], [215.0, 385.0], [213.0, 398.0]], "conversations": [{"role": "user", "content": [{"type": "image", "image": "/home/yrquni/Downloads/Unilab/PaDT/dataset/dataset_root/images/0012898.png"}, {"type": "text", "text": "墙面中间竖直的一道长裂缝"}]}, {"role": "assistant", "content": [{"type": "text", "text": "<|object_ref_start|><|box_start|><0><463><995><538><|box_end|><|point_start|><509><506><|point_end|>"}]}], "boxes": [{"bbox": [193.0, 0.0, 224.0, 414.0], "point": [210.84036568213784, 212.028129395218], "phrase": "墙面中间竖直的一道长裂缝"}], "caption": "墙面中间竖直的一道长裂缝"}
22835515	{"image_id": "refcrack_0012898_0012898_00_1", "width": 416, "height": 416, "vrt_indices": [73, 102, 131, 160, 304, 333, 362, 391, 595, 624, 653, 769, 798, 827], "patch_points": [[212.0, 34.0], [213.0, 48.0], [215.0, 63.0], [214.0, 77.0], [200.0, 146.0], [198.0, 161.0], [201.0, 174.0], [202.0, 189.0], [215.0, 287.0], [216.0, 300.0], [218.0, 315.0], [219.0, 370.0], [215.0, 385.0], [213.0, 398.0]], "conversations": [{"role": "user", "content": [{"type": "image", "image": "/home/yrquni/Downloads/Unilab/PaDT/dataset/dataset_root/images/0012898.png"}, {"type": "text", "text": "中间区域曲折的长裂缝"}]}, {"role": "assistant", "content": [{"type": "text", "text": "<|object_ref_start|><|box_start|><0><463><995><538><|box_end|><|point_start|><509><506><|point_end|>"}]}], "boxes": [{"bbox": [193.0, 0.0, 224.0, 414.0], "point": [210.84036568213784, 212.028129395218], "phrase": "中间区域曲折的长裂缝"}], "caption": "中间区域曲折的长裂缝"}
22859101	{"image_id": "refcrack_0012898_0012898_00_2", "width": 416, "height": 416, "vrt_indices": [73, 102, 131, 160, 304, 333, 362, 391, 595, 624, 653, 769, 798, 827], "patch_points": [[212.0, 34.0], [213.0, 48.0], [215.0, 63.0], [214.0, 77.0], [200.0, 146.0], [198.0, 161.0], [201.0, 174.0], [202.0, 189.0], [215.0, 287.0], [216.0, 300.0], [218.0, 315.0], [219.0, 370.0], [215.0, 385.0], [213.0, 398.0]], "conversations": [{"role": "user", "content": [{"type": "image", "image": "/home/yrquni/Downloads/Unilab/PaDT/dataset/dataset_root/images/0012898.png"}, {"type": "text", "text": "靠近墙面中轴竖直延伸的裂缝"}]}, {"role": "assistant", "content": [{"type": "text", "text": "<|object_ref_start|><|box_start|><0><463><995><538><|box_end|><|point_start|><509><506><|point_end|>"}]}], "boxes": [{"bbox": [193.0, 0.0, 224.0, 414.0], "point": [210.84036568213784, 212.028129395218], "phrase": "靠近墙面中轴竖直延伸的裂缝"}], "caption": "靠近墙面中轴竖直延伸的裂缝"}
22882687	{"image_id": "refcrack_0012898_0012898_00_3", "width": 416, "height": 416, "vrt_indices": [73, 102, 131, 160, 304, 333, 362, 391, 595, 624, 653, 769, 798, 827], "patch_points": [[212.0, 34.0], [213.0, 48.0], [215.0, 63.0], [214.0, 77.0], [200.0, 146.0], [198.0, 161.0], [201.0, 174.0], [202.0, 189.0], [215.0, 287.0], [216.0, 300.0], [218.0, 315.0], [219.0, 370.0], [215.0, 385.0], [213.0, 398.0]], "conversations": [{"role": "user", "content": [{"type": "image", "image": "/home/yrquni/Downloads/Unilab/PaDT/dataset/dataset_root/images/0012898.png"}, {"type": "text", "text": "从上部到下部线条扭曲的裂缝"}]}, {"role": "assistant", "content": [{"type": "text", "text": "<|object_ref_start|><|box_start|><0><463><995><538><|box_end|><|point_start|><509><506><|point_end|>"}]}], "boxes": [{"bbox": [193.0, 0.0, 224.0, 414.0], "point": [210.84036568213784, 212.028129395218], "phrase": "从上部到下部线条扭曲的裂缝"}], "caption": "从上部到下部线条扭曲的裂缝"}
22906273	{"image_id": "refcrack_0012898_0012898_00_4", "width": 416, "height": 416, "vrt_indices": [73, 102, 131, 160, 304, 333, 362, 391, 595, 624, 653, 769, 798, 827], "patch_points": [[212.0, 34.0], [213.0, 48.0], [215.0, 63.0], [214.0, 77.0], [200.0, 146.0], [198.0, 161.0], [201.0, 174.0], [202.0, 189.0], [215.0, 287.0], [216.0, 300.0], [218.0, 315.0], [219.0, 370.0], [215.0, 385.0], [213.0, 398.0]], "conversations": [{"role": "user", "content": [{"type": "image", "image": "/home/yrquni/Downloads/Unilab/PaDT/dataset/dataset_root/images/0012898.png"}, {"type": "text", "text": "灰墙面上纵向波浪形的裂缝"}]}, {"role": "assistant", "content": [{"type": "text", "text": "<|object_ref_start|><|box_start|><0><463><995><538><|box_end|><|point_start|><509><506><|point_end|>"}]}], "boxes": [{"bbox": [193.0, 0.0, 224.0, 414.0], "point": [210.84036568213784, 212.028129395218], "phrase": "灰墙面上纵向波浪形的裂缝"}], "caption": "灰墙面上纵向波浪形的裂缝"}
22929859	{"image_id": "refcrack_0012900_0012900_00_0", "width": 416, "height": 416, "vrt_indices": [51, 80, 109, 138, 167, 224, 253, 282, 311, 426, 455, 484, 513, 686, 744, 773], "patch_points": [[314.0, 21.0], [314.0, 34.0], [315.0, 48.0], [315.0, 63.0], [312.0, 75.0], [303.0, 104.0], [304.0, 119.0], [302.0, 133.0], [299.0, 146.0], [289.0, 202.0], [286.0, 217.0], [285.0, 230.0], [283.0, 244.0], [275.0, 328.0], [274.0, 357.0], [271.0, 370.0]], "conversations": [{"role": "user", "content": [{"type": "image", "image": "/home/yrquni/Downloads/Unilab/PaDT/dataset/dataset_root/images/0012900.png"}, {"type": "text", "text": "破损灰块右边竖直的裂缝"}]}, {"role": "assistant", "content": [{"type": "text", "text": "<|object_ref_start|><|box_start|><7><637><939><769><|box_end|><|point_start|><426><706><|point_end|>"}]}], "boxes": [{"bbox": [265.0, 3.0, 320.0, 391.0], "point": [293.97780556423885, 177.59924976555175], "phrase": "破损灰块右边竖直的裂缝"}], "caption": "破损灰块右边竖直的裂缝"}
22990473	{"image_id": "refcrack_0012900_0012900_00_2", "width": 416, "height": 416, "vrt_indices": [51, 80, 109, 138, 167, 224, 253, 282, 311, 426, 455, 484, 513, 686, 744, 773], "patch_points": [[314.0, 21.0], [314.0, 34.0], [315.0, 48.0], [315.0, 63.0], [312.0, 75.0], [303.0, 104.0], [304.0, 119.0], [302.0, 133.0], [299.0, 146.0], [289.0, 202.0], [286.0, 217.0], [285.0, 230.0], [283.0, 244.0], [275.0, 328.0], [274.0, 357.0], [271.0, 370.0]], "conversations": [{"role": "user", "content": [{"type": "image", "image": "/home/yrquni/Downloads/Unilab/PaDT/dataset/dataset_root/images/0012900.png"}, {"type": "text", "text": "挨着斑驳灰块右沿，垂直穿过剥落层的裂缝"}]}, {"role": "assistant", "content": [{"type": "text", "text": "<|object_ref_start|><|box_start|><7><637><939><769><|box_end|><|point_start|><426><706><|point_end|>"}]}], "boxes": [{"bbox": [265.0, 3.0, 320.0, 391.0], "point": [293.97780556423885, 177.59924976555175], "phrase": "挨着斑驳灰块右沿，垂直穿过剥落层的裂缝"}], "caption": "挨着斑驳灰块右沿，垂直穿过剥落层的裂缝"}
23051087	{"image_id": "refcrack_0012900_0012900_00_3", "width": 416, "height": 416, "vrt_indices": [51, 80, 109, 138, 167, 224, 253, 282, 311, 426, 455, 484, 513, 686, 744, 773], "patch_points": [[314.0, 21.0], [314.0, 34.0], [315.0, 48.0], [315.0, 63.0], [312.0, 75.0], [303.0, 104.0], [304.0, 119.0], [302.0, 133.0], [299.0, 146.0], [289.0, 202.0], [286.0, 217.0], [285.0, 230.0], [283.0, 244.0], [275.0, 328.0], [274.0, 357.0], [271.0, 370.0]], "conversations": [{"role": "user", "content": [{"type": "image", "image": "/home/yrquni/Downloads/Unilab/PaDT/dataset/dataset_root/images/0012900.png"}, {"type": "text", "text": "墙面剥落处旁，笔直连贯且下端接横缝的裂缝"}]}, {"role": "assistant", "content": [{"type": "text", "text": "<|object_ref_start|><|box_start|><7><637><939><769><|box_end|><|point_start|><426><706><|point_end|>"}]}], "boxes": [{"bbox": [265.0, 3.0, 320.0, 391.0], "point": [293.97780556423885, 177.59924976555175], "phrase": "墙面剥落处旁，笔直连贯且下端接横缝的裂缝"}], "caption": "墙面剥落处旁，笔直连贯且下端接横缝的裂缝"}
23111701	{"image_id": "refcrack_0012900_0012900_00_4", "width": 416, "height": 416, "vrt_indices": [51, 80, 109, 138, 167, 224, 253, 282, 311, 426, 455, 484, 513, 686, 744, 773], "patch_points": [[314.0, 21.0], [314.0, 34.0], [315.0, 48.0], [315.0, 63.0], [312.0, 75.0], [303.0, 104.0], [304.0, 119.0], [302.0, 133.0], [299.0, 146.0], [289.0, 202.0], [286.0, 217.0], [285.0, 230.0], [283.0, 244.0], [275.0, 328.0], [274.0, 357.0], [271.0, 370.0]], "conversations": [{"role": "user", "content": [{"type": "image", "image": "/home/yrquni/Downloads/Unilab/PaDT/dataset/dataset_root/images/0012900.png"}, {"type": "text", "text": "灰色破损斑右沿，垂直向下、边缘略参差但整体顺直的裂缝"}]}, {"role": "assistant", "content": [{"type": "text", "text": "<|object_ref_start|><|box_start|><7><637><939><769><|box_end|><|point_start|><426><706><|point_end|>"}]}], "boxes": [{"bbox": [265.0, 3.0, 320.0, 391.0], "point": [293.97780556423885, 177.59924976555175], "phrase": "灰色破损斑右沿，垂直向下、边缘略参差但整体顺直的裂缝"}], "caption": "灰色破损斑右沿，垂直向下、边缘略参差但整体顺直的裂缝"}
23172315	{"image_id": "refcrack_0012901_0012901_00_0", "width": 416, "height": 416, "vrt_indices": [46, 743], "patch_points": [[246.0, 20.0], [255.0, 357.0]], "conversations": [{"role": "user", "content": [{"type": "image", "image": "/home/yrquni/Downloads/Unilab/PaDT/dataset/dataset_root/images/0012901.png"}, {"type": "text", "text": "右边的一道纵向长裂缝"}]}, {"role": "assistant", "content": [{"type": "text", "text": "<|object_ref_start|><|box_start|><2><526><983><622><|box_end|><|point_start|><485><600><|point_end|>"}]}], "boxes": [{"bbox": [219.0, 1.0, 259.0, 409.0], "point": [249.86003683241253, 202.0669122160835], "phrase": "右边的一道纵向长裂缝"}], "caption": "右边的一道纵向长裂缝"}
23216017	{"image_id": "refcrack_0012901_0012901_00_1", "width": 416, "height": 416, "vrt_indices": [46, 743], "patch_points": [[246.0, 20.0], [255.0, 357.0]], "conversations": [{"role": "user", "content": [{"type": "image", "image": "/home/yrquni/Downloads/Unilab/PaDT/dataset/dataset_root/images/0012901.png"}, {"type": "text", "text": "粗糙和平滑墙面交界的蜿蜒长缝"}]}, {"role": "assistant", "content": [{"type": "text", "text": "<|object_ref_start|><|box_start|><2><526><983><622><|box_end|><|point_start|><485><600><|point_end|>"}]}], "boxes": [{"bbox": [219.0, 1.0, 259.0, 409.0], "point": [249.86003683241253, 202.0669122160835], "phrase": "粗糙和平滑墙面交界的蜿蜒长缝"}], "caption": "粗糙和平滑墙面交界的蜿蜒长缝"}
23259719	{"image_id": "refcrack_0012901_0012901_00_2", "width": 416, "height": 416, "vrt_indices": [46, 743], "patch_points": [[246.0, 20.0], [255.0, 357.0]], "conversations": [{"role": "user", "content": [{"type": "image", "image": "/home/yrquni/Downloads/Unilab/PaDT/dataset/dataset_root/images/0012901.png"}, {"type": "text", "text": "从上到下、有点弯曲的细裂缝"}]}, {"role": "assistant", "content": [{"type": "text", "text": "<|object_ref_start|><|box_start|><2><526><983><622><|box_end|><|point_start|><485><600><|point_end|>"}]}], "boxes": [{"bbox": [219.0, 1.0, 259.0, 409.0], "point": [249.86003683241253, 202.0669122160835], "phrase": "从上到下、有点弯曲的细裂缝"}], "caption": "从上到下、有点弯曲的细裂缝"}
23303421	{"image_id": "refcrack_0012901_0012901_00_3", "width": 416, "height": 416, "vrt_indices": [46, 743], "patch_points": [[246.0, 20.0], [255.0, 357.0]], "conversations": [{"role": "user", "content": [{"type": "image", "image": "/home/yrquni/Downloads/Unilab/PaDT/dataset/dataset_root/images/0012901.png"}, {"type": "text", "text": "小凸起旁边的竖直长裂缝"}]}, {"role": "assistant", "content": [{"type": "text", "text": "<|object_ref_start|><|box_start|><2><526><983><622><|box_end|><|point_start|><485><600><|point_end|>"}]}], "boxes": [{"bbox": [219.0, 1.0, 259.0, 409.0], "point": [249.86003683241253, 202.0669122160835], "phrase": "小凸起旁边的竖直长裂缝"}], "caption": "小凸起旁边的竖直长裂缝"}
23347123	{"image_id": "refcrack_0012901_0012901_00_4", "width": 416, "height": 416, "vrt_indices": [46, 743], "patch_points": [[246.0, 20.0], [255.0, 357.0]], "conversations": [{"role": "user", "content": [{"type": "image", "image": "/home/yrquni/Downloads/Unilab/PaDT/dataset/dataset_root/images/0012901.png"}, {"type": "text", "text": "右侧中间、沿墙面粉刷分界曲折的细长缝"}]}, {"role": "assistant", "content": [{"type": "text", "text": "<|object_ref_start|><|box_start|><2><526><983><622><|box_end|><|point_start|><485><600><|point_end|>"}]}], "boxes": [{"bbox": [219.0, 1.0, 259.0, 409.0], "point": [249.86003683241253, 202.0669122160835], "phrase": "右侧中间、沿墙面粉刷分界曲折的细长缝"}], "caption": "右侧中间、沿墙面粉刷分界曲折的细长缝"}
23390825	{"image_id": "refcrack_0012903_0012903_00_0", "width": 416, "height": 416, "vrt_indices": [322, 324, 325, 326, 336, 338, 356, 360, 361, 362, 364, 368, 369, 370, 371, 376, 388, 392, 402, 415, 416, 417, 430, 446, 447, 477], "patch_points": [[48.0, 160.0], [76.0, 158.0], [91.0, 158.0], [104.0, 162.0], [242.0, 157.0], [273.0, 160.0], [115.0, 177.0], [175.0, 175.0], [188.0, 172.0], [203.0, 175.0], [228.0, 172.0], [288.0, 170.0], [301.0, 171.0], [315.0, 171.0], [328.0, 175.0], [397.0, 178.0], [159.0, 188.0], [215.0, 184.0], [357.0, 189.0], [134.0, 199.0], [147.0, 201.0], [157.0, 203.0], [343.0, 198.0], [162.0, 215.0], [174.0, 218.0], [189.0, 230.0]], "conversations": [{"role": "user", "content": [{"type": "image", "image": "/home/yrquni/Downloads/Unilab/PaDT/dataset/dataset_root/images/0012903.png"}, {"type": "text", "text": "灰白墙面上一道蜿蜒的长裂缝"}]}, {"role": "assistant", "content": [{"type": "text", "text": "<|object_ref_start|><|box_start|><350><76><615><966><|box_end|><|point_start|><433><507><|point_end|>"}]}], "boxes": [{"bbox": [32.0, 146.0, 402.0, 256.0], "point": [211.31296368606013, 180.45665755564232], "phrase": "灰白墙面上一道蜿蜒的长裂缝"}], "caption": "灰白墙面上一道蜿蜒的长裂缝"}
23439655	{"image_id": "refcrack_0012903_0012903_00_1", "width": 416, "height": 416, "vrt_indices": [322, 324, 325, 326, 336, 338, 356, 360, 361, 362, 364, 368, 369, 370, 371, 376, 388, 392, 402, 415, 416, 417, 430, 446, 447, 477], "patch_points": [[48.0, 160.0], [76.0, 158.0], [91.0, 158.0], [104.0, 162.0], [242.0, 157.0], [273.0, 160.0], [115.0, 177.0], [175.0, 175.0], [188.0, 172.0], [203.0, 175.0], [228.0, 172.0], [288.0, 170.0], [301.0, 171.0], [315.0, 171.0], [328.0, 175.0], [397.0, 178.0], [159.0, 188.0], [215.0, 184.0], [357.0, 189.0], [134.0, 199.0], [147.0, 201.0], [157.0, 203.0], [343.0, 198.0], [162.0, 215.0], [174.0, 218.0], [189.0, 230.0]], "conversations": [{"role": "user", "content": [{"type": "image", "image": "/home/yrquni/Downloads/Unilab/PaDT/dataset/dataset_root/images/0012903.png"}, {"type": "text", "text": "从左侧边缘延伸、带小分支的曲折裂缝"}]}, {"role": "assistant", "content": [{"type": "text", "text": "<|object_ref_start|><|box_start|><350><76><615><966><|box_end|><|point_start|><433><507><|point_end|>"}]}], "boxes": [{"bbox": [32.0, 146.0, 402.0, 256.0], "point": [211.31296368606013, 180.45665755564232], "phrase": "从左侧边缘延伸、带小分支的曲折裂缝"}], "caption": "从左侧边缘延伸、带小分支的曲折裂缝"}
23488485	{"image_id": "refcrack_0012903_0012903_00_2", "width": 416, "height": 416, "vrt_indices": [322, 324, 325, 326, 336, 338, 356, 360, 361, 362, 364, 368, 369, 370, 371, 376, 388, 392, 402, 415, 416, 417, 430, 446, 447, 477], "patch_points": [[48.0, 160.0], [76.0, 158.0], [91.0, 158.0], [104.0, 162.0], [242.0, 157.0], [273.0, 160.0], [115.0, 177.0], [175.0, 175.0], [188.0, 172.0], [203.0, 175.0], [228.0, 172.0], [288.0, 170.0], [301.0, 171.0], [315.0, 171.0], [328.0, 175.0], [397.0, 178.0], [159.0, 188.0], [215.0, 184.0], [357.0, 189.0], [134.0, 199.0], [147.0, 201.0], [157.0, 203.0], [343.0, 198.0], [162.0, 215.0], [174.0, 218.0], [189.0, 230.0]], "conversations": [{"role": "user", "content": [{"type": "image", "image": "/home/yrquni/Downloads/Unilab/PaDT/dataset/dataset_root/images/0012903.png"}, {"type": "text", "text": "斑驳墙面上，呈波浪状且中途分岔的裂缝"}]}, {"role": "assistant", "content": [{"type": "text", "text": "<|object_ref_start|><|box_start|><350><76><615><966><|box_end|><|point_start|><433><507><|point_end|>"}]}], "boxes": [{"bbox": [32.0, 146.0, 402.0, 256.0], "point": [211.31296368606013, 180.45665755564232], "phrase": "斑驳墙面上，呈波浪状且中途分岔的裂缝"}], "caption": "斑驳墙面上，呈波浪状且中途分岔的裂缝"}
23537315	{"image_id": "refcrack_0012903_0012903_00_3", "width": 416, "height": 416, "vrt_indices": [322, 324, 325, 326, 336, 338, 356, 360, 361, 362, 364, 368, 369, 370, 371, 376, 388, 392, 402, 415, 416, 417, 430, 446, 447, 477], "patch_points": [[48.0, 160.0], [76.0, 158.0], [91.0, 158.0], [104.0, 162.0], [242.0, 157.0], [273.0, 160.0], [115.0, 177.0], [175.0, 175.0], [188.0, 172.0], [203.0, 175.0], [228.0, 172.0], [288.0, 170.0], [301.0, 171.0], [315.0, 171.0], [328.0, 175.0], [397.0, 178.0], [159.0, 188.0], [215.0, 184.0], [357.0, 189.0], [134.0, 199.0], [147.0, 201.0], [157.0, 203.0], [343.0, 198.0], [162.0, 215.0], [174.0, 218.0], [189.0, 230.0]], "conversations": [{"role": "user", "content": [{"type": "image", "image": "/home/yrquni/Downloads/Unilab/PaDT/dataset/dataset_root/images/0012903.png"}, {"type": "text", "text": "墙面中上部，主裂缝旁带短岔的曲折缝"}]}, {"role": "assistant", "content": [{"type": "text", "text": "<|object_ref_start|><|box_start|><350><76><615><966><|box_end|><|point_start|><433><507><|point_end|>"}]}], "boxes": [{"bbox": [32.0, 146.0, 402.0, 256.0], "point": [211.31296368606013, 180.45665755564232], "phrase": "墙面中上部，主裂缝旁带短岔的曲折缝"}], "caption": "墙面中上部，主裂缝旁带短岔的曲折缝"}
23586145	{"image_id": "refcrack_0012903_0012903_00_4", "width": 416, "height": 416, "vrt_indices": [322, 324, 325, 326, 336, 338, 356, 360, 361, 362, 364, 368, 369, 370, 371, 376, 388, 392, 402, 415, 416, 417, 430, 446, 447, 477], "patch_points": [[48.0, 160.0], [76.0, 158.0], [91.0, 158.0], [104.0, 162.0], [242.0, 157.0], [273.0, 160.0], [115.0, 177.0], [175.0, 175.0], [188.0, 172.0], [203.0, 175.0], [228.0, 172.0], [288.0, 170.0], [301.0, 171.0], [315.0, 171.0], [328.0, 175.0], [397.0, 178.0], [159.0, 188.0], [215.0, 184.0], [357.0, 189.0], [134.0, 199.0], [147.0, 201.0], [157.0, 203.0], [343.0, 198.0], [162.0, 215.0], [174.0, 218.0], [189.0, 230.0]], "conversations": [{"role": "user", "content": [{"type": "image", "image": "/home/yrquni/Downloads/Unilab/PaDT/dataset/dataset_root/images/0012903.png"}, {"type": "text", "text": "左端起于墙缝，向右蛇形且出小支的长裂缝"}]}, {"role": "assistant", "content": [{"type": "text", "text": "<|object_ref_start|><|box_start|><350><76><615><966><|box_end|><|point_start|><433><507><|point_end|>"}]}], "boxes": [{"bbox": [32.0, 146.0, 402.0, 256.0], "point": [211.31296368606013, 180.45665755564232], "phrase": "左端起于墙缝，向右蛇形且出小支的长裂缝"}], "caption": "左端起于墙缝，向右蛇形且出小支的长裂缝"}
23634975	{"image_id": "refcrack_0012904_0012904_00_0", "width": 416, "height": 416, "vrt_indices": [47, 76, 105, 134, 163, 278, 307, 336, 365, 510, 801, 830], "patch_points": [[257.0, 20.0], [260.0, 35.0], [259.0, 48.0], [258.0, 62.0], [258.0, 76.0], [243.0, 132.0], [243.0, 146.0], [244.0, 161.0], [241.0, 173.0], [245.0, 244.0], [256.0, 384.0], [259.0, 398.0]], "conversations": [{"role": "user", "content": [{"type": "image", "image": "/home/yrquni/Downloads/Unilab/PaDT/dataset/dataset_root/images/0012904.png"}, {"type": "text", "text": "中间偏右竖直的长裂缝"}]}, {"role": "assistant", "content": [{"type": "text", "text": "<|object_ref_start|><|box_start|><21><552><980><634><|box_end|><|point_start|><509><599><|point_end|>"}]}], "boxes": [{"bbox": [230.0, 9.0, 264.0, 408.0], "point": [249.4937548790008, 211.80366900858704], "phrase": "中间偏右竖直的长裂缝"}], "caption": "中间偏右竖直的长裂缝"}
23690917	{"image_id": "refcrack_0012904_0012904_00_2", "width": 416, "height": 416, "vrt_indices": [47, 76, 105, 134, 163, 278, 307, 336, 365, 510, 801, 830], "patch_points": [[257.0, 20.0], [260.0, 35.0], [259.0, 48.0], [258.0, 62.0], [258.0, 76.0], [243.0, 132.0], [243.0, 146.0], [244.0, 161.0], [241.0, 173.0], [245.0, 244.0], [256.0, 384.0], [259.0, 398.0]], "conversations": [{"role": "user", "content": [{"type": "image", "image": "/home/yrquni/Downloads/Unilab/PaDT/dataset/dataset_root/images/0012904.png"}, {"type": "text", "text": "灰黑污渍右边的纵向裂缝"}]}, {"role": "assistant", "content": [{"type": "text", "text": "<|object_ref_start|><|box_start|><21><552><980><634><|box_end|><|point_start|><509><599><|point_end|>"}]}], "boxes": [{"bbox": [230.0, 9.0, 264.0, 408.0], "point": [249.4937548790008, 211.80366900858704], "phrase": "灰黑污渍右边的纵向裂缝"}], "caption": "灰黑污渍右边的纵向裂缝"}
23746859	{"image_id": "refcrack_0012904_0012904_00_3", "width": 416, "height": 416, "vrt_indices": [47, 76, 105, 134, 163, 278, 307, 336, 365, 510, 801, 830], "patch_points": [[257.0, 20.0], [260.0, 35.0], [259.0, 48.0], [258.0, 62.0], [258.0, 76.0], [243.0, 132.0], [243.0, 146.0], [244.0, 161.0], [241.0, 173.0], [245.0, 244.0], [256.0, 384.0], [259.0, 398.0]], "conversations": [{"role": "user", "content": [{"type": "image", "image": "/home/yrquni/Downloads/Unilab/PaDT/dataset/dataset_root/images/0012904.png"}, {"type": "text", "text": "粗糙水泥面上带弯折的长裂缝"}]}, {"role": "assistant", "content": [{"type": "text", "text": "<|object_ref_start|><|box_start|><21><552><980><634><|box_end|><|point_start|><509><599><|point_end|>"}]}], "boxes": [{"bbox": [230.0, 9.0, 264.0, 408.0], "point": [249.4937548790008, 211.80366900858704], "phrase": "粗糙水泥面上带弯折的长裂缝"}], "caption": "粗糙水泥面上带弯折的长裂缝"}
23802801	{"image_id": "refcrack_0012904_0012904_00_4", "width": 416, "height": 416, "vrt_indices": [47, 76, 105, 134, 163, 278, 307, 336, 365, 510, 801, 830], "patch_points": [[257.0, 20.0], [260.0, 35.0], [259.0, 48.0], [258.0, 62.0], [258.0, 76.0], [243.0, 132.0], [243.0, 146.0], [244.0, 161.0], [241.0, 173.0], [245.0, 244.0], [256.0, 384.0], [259.0, 398.0]], "conversations": [{"role": "user", "content": [{"type": "image", "image": "/home/yrquni/Downloads/Unilab/PaDT/dataset/dataset_root/images/0012904.png"}, {"type": "text", "text": "从上方通到下方、有小弯折的纵向裂缝"}]}, {"role": "assistant", "content": [{"type": "text", "text": "<|object_ref_start|><|box_start|><21><552><980><634><|box_end|><|point_start|><509><599><|point_end|>"}]}], "boxes": [{"bbox": [230.0, 9.0, 264.0, 408.0], "point": [249.4937548790008, 211.80366900858704], "phrase": "从上方通到下方、有小弯折的纵向裂缝"}], "caption": "从上方通到下方、有小弯折的纵向裂缝"}
23858743	{"image_id": "refcrack_0012906_0012906_00_0", "width": 416, "height": 416, "vrt_indices": [78, 107, 166, 195, 224, 253, 282, 341, 370, 487, 516, 545, 574, 603, 720, 749], "patch_points": [[284.0, 35.0], [288.0, 48.0], [303.0, 77.0], [304.0, 91.0], [303.0, 104.0], [304.0, 118.0], [304.0, 132.0], [316.0, 160.0], [318.0, 174.0], [328.0, 231.0], [329.0, 244.0], [329.0, 258.0], [330.0, 273.0], [332.0, 286.0], [340.0, 343.0], [340.0, 356.0]], "conversations": [{"role": "user", "content": [{"type": "image", "image": "/home/yrquni/Downloads/Unilab/PaDT/dataset/dataset_root/images/0012906.png"}, {"type": "text", "text": "右侧上下贯穿的长裂缝"}]}, {"role": "assistant", "content": [{"type": "text", "text": "<|object_ref_start|><|box_start|><2><656><990><826><|box_end|><|point_start|><485><763><|point_end|>"}]}], "boxes": [{"bbox": [273.0, 1.0, 344.0, 412.0], "point": [317.4802431610942, 201.80395136778117], "phrase": "右侧上下贯穿的长裂缝"}], "caption": "右侧上下贯穿的长裂缝"}
23890685	{"image_id": "refcrack_0012906_0012906_00_1", "width": 416, "height": 416, "vrt_indices": [78, 107, 166, 195, 224, 253, 282, 341, 370, 487, 516, 545, 574, 603, 720, 749], "patch_points": [[284.0, 35.0], [288.0, 48.0], [303.0, 77.0], [304.0, 91.0], [303.0, 104.0], [304.0, 118.0], [304.0, 132.0], [316.0, 160.0], [318.0, 174.0], [328.0, 231.0], [329.0, 244.0], [329.0, 258.0], [330.0, 273.0], [332.0, 286.0], [340.0, 343.0], [340.0, 356.0]], "conversations": [{"role": "user", "content": [{"type": "image", "image": "/home/yrquni/Downloads/Unilab/PaDT/dataset/dataset_root/images/0012906.png"}, {"type": "text", "text": "右边竖直又带点曲折的裂缝"}]}, {"role": "assistant", "content": [{"type": "text", "text": "<|object_ref_start|><|box_start|><2><656><990><826><|box_end|><|point_start|><485><763><|point_end|>"}]}], "boxes": [{"bbox": [273.0, 1.0, 344.0, 412.0], "point": [317.4802431610942, 201.80395136778117], "phrase": "右边竖直又带点曲折的裂缝"}], "caption": "右边竖直又带点曲折的裂缝"}
23922627	{"image_id": "refcrack_0012906_0012906_00_2", "width": 416, "height": 416, "vrt_indices": [78, 107, 166, 195, 224, 253, 282, 341, 370, 487, 516, 545, 574, 603, 720, 749], "patch_points": [[284.0, 35.0], [288.0, 48.0], [303.0, 77.0], [304.0, 91.0], [303.0, 104.0], [304.0, 118.0], [304.0, 132.0], [316.0, 160.0], [318.0, 174.0], [328.0, 231.0], [329.0, 244.0], [329.0, 258.0], [330.0, 273.0], [332.0, 286.0], [340.0, 343.0], [340.0, 356.0]], "conversations": [{"role": "user", "content": [{"type": "image", "image": "/home/yrquni/Downloads/Unilab/PaDT/dataset/dataset_root/images/0012906.png"}, {"type": "text", "text": "靠近右边缘、上下伸的蜿蜒裂缝"}]}, {"role": "assistant", "content": [{"type": "text", "text": "<|object_ref_start|><|box_start|><2><656><990><826><|box_end|><|point_start|><485><763><|point_end|>"}]}], "boxes": [{"bbox": [273.0, 1.0, 344.0, 412.0], "point": [317.4802431610942, 201.80395136778117], "phrase": "靠近右边缘、上下伸的蜿蜒裂缝"}], "caption": "靠近右边缘、上下伸的蜿蜒裂缝"}
23954569	{"image_id": "refcrack_0012906_0012906_00_3", "width": 416, "height": 416, "vrt_indices": [78, 107, 166, 195, 224, 253, 282, 341, 370, 487, 516, 545, 574, 603, 720, 749], "patch_points": [[284.0, 35.0], [288.0, 48.0], [303.0, 77.0], [304.0, 91.0], [303.0, 104.0], [304.0, 118.0], [304.0, 132.0], [316.0, 160.0], [318.0, 174.0], [328.0, 231.0], [329.0, 244.0], [329.0, 258.0], [330.0, 273.0], [332.0, 286.0], [340.0, 343.0], [340.0, 356.0]], "conversations": [{"role": "user", "content": [{"type": "image", "image": "/home/yrquni/Downloads/Unilab/PaDT/dataset/dataset_root/images/0012906.png"}, {"type": "text", "text": "右半部分从顶到下、线条有点起伏的裂缝"}]}, {"role": "assistant", "content": [{"type": "text", "text": "<|object_ref_start|><|box_start|><2><656><990><826><|box_end|><|point_start|><485><763><|point_end|>"}]}], "boxes": [{"bbox": [273.0, 1.0, 344.0, 412.0], "point": [317.4802431610942, 201.80395136778117], "phrase": "右半部分从顶到下、线条有点起伏的裂缝"}], "caption": "右半部分从顶到下、线条有点起伏的裂缝"}
23986511	{"image_id": "refcrack_0012906_0012906_00_4", "width": 416, "height": 416, "vrt_indices": [78, 107, 166, 195, 224, 253, 282, 341, 370, 487, 516, 545, 574, 603, 720, 749], "patch_points": [[284.0, 35.0], [288.0, 48.0], [303.0, 77.0], [304.0, 91.0], [303.0, 104.0], [304.0, 118.0], [304.0, 132.0], [316.0, 160.0], [318.0, 174.0], [328.0, 231.0], [329.0, 244.0], [329.0, 258.0], [330.0, 273.0], [332.0, 286.0], [340.0, 343.0], [340.0, 356.0]], "conversations": [{"role": "user", "content": [{"type": "image", "image": "/home/yrquni/Downloads/Unilab/PaDT/dataset/dataset_root/images/0012906.png"}, {"type": "text", "text": "右边缘旁边，竖直走还带波浪轮廓的裂缝"}]}, {"role": "assistant", "content": [{"type": "text", "text": "<|object_ref_start|><|box_start|><2><656><990><826><|box_end|><|point_start|><485><763><|point_end|>"}]}], "boxes": [{"bbox": [273.0, 1.0, 344.0, 412.0], "point": [317.4802431610942, 201.80395136778117], "phrase": "右边缘旁边，竖直走还带波浪轮廓的裂缝"}], "caption": "右边缘旁边，竖直走还带波浪轮廓的裂缝"}
24018453	{"image_id": "refcrack_0012910_0012910_00_0", "width": 416, "height": 416, "vrt_indices": [523, 524, 525, 526, 527, 559, 562, 563, 564, 565, 566, 567, 568, 571, 572, 573, 574, 575, 576, 577, 578, 579], "patch_points": [[20.0, 258.0], [34.0, 259.0], [49.0, 258.0], [62.0, 261.0], [76.0, 262.0], [118.0, 269.0], [161.0, 271.0], [175.0, 272.0], [188.0, 271.0], [202.0, 272.0], [217.0, 273.0], [230.0, 272.0], [244.0, 274.0], [287.0, 274.0], [301.0, 271.0], [314.0, 271.0], [329.0, 274.0], [342.0, 275.0], [357.0, 275.0], [371.0, 274.0], [385.0, 273.0], [398.0, 272.0]], "conversations": [{"role": "user", "content": [{"type": "image", "image": "/home/yrquni/Downloads/Unilab/PaDT/dataset/dataset_root/images/0012910.png"}, {"type": "text", "text": "画面中下部的横向长裂缝"}]}, {"role": "assistant", "content": [{"type": "text", "text": "<|object_ref_start|><|box_start|><600><0><685><997><|box_end|><|point_start|><649><565><|point_end|>"}]}], "boxes": [{"bbox": [0.0, 250.0, 415.0, 285.0], "point": [235.06608242539082, 270.14258645191853], "phrase": "画面中下部的横向长裂缝"}], "caption": "画面中下部的横向长裂缝"}
24063403	{"image_id": "refcrack_0012910_0012910_00_2", "width": 416, "height": 416, "vrt_indices": [523, 524, 525, 526, 527, 559, 562, 563, 564, 565, 566, 567, 568, 571, 572, 573, 574, 575, 576, 577, 578, 579], "patch_points": [[20.0, 258.0], [34.0, 259.0], [49.0, 258.0], [62.0, 261.0], [76.0, 262.0], [118.0, 269.0], [161.0, 271.0], [175.0, 272.0], [188.0, 271.0], [202.0, 272.0], [217.0, 273.0], [230.0, 272.0], [244.0, 274.0], [287.0, 274.0], [301.0, 271.0], [314.0, 271.0], [329.0, 274.0], [342.0, 275.0], [357.0, 275.0], [371.0, 274.0], [385.0, 273.0], [398.0, 272.0]], "conversations": [{"role": "user", "content": [{"type": "image", "image": "/home/yrquni/Downloads/Unilab/PaDT/dataset/dataset_root/images/0012910.png"}, {"type": "text", "text": "把上下墙面分开、边缘有点起伏的裂缝"}]}, {"role": "assistant", "content": [{"type": "text", "text": "<|object_ref_start|><|box_start|><600><0><685><997><|box_end|><|point_start|><649><565><|point_end|>"}]}], "boxes": [{"bbox": [0.0, 250.0, 415.0, 285.0], "point": [235.06608242539082, 270.14258645191853], "phrase": "把上下墙面分开、边缘有点起伏的裂缝"}], "caption": "把上下墙面分开、边缘有点起伏的裂缝"}
24108353	{"image_id": "refcrack_0012910_0012910_00_3", "width": 416, "height": 416, "vrt_indices": [523, 524, 525, 526, 527, 559, 562, 563, 564, 565, 566, 567, 568, 571, 572, 573, 574, 575, 576, 577, 578, 579], "patch_points": [[20.0, 258.0], [34.0, 259.0], [49.0, 258.0], [62.0, 261.0], [76.0, 262.0], [118.0, 269.0], [161.0, 271.0], [175.0, 272.0], [188.0, 271.0], [202.0, 272.0], [217.0, 273.0], [230.0, 272.0], [244.0, 274.0], [287.0, 274.0], [301.0, 271.0], [314.0, 271.0], [329.0, 274.0], [342.0, 275.0], [357.0, 275.0], [371.0, 274.0], [385.0, 273.0], [398.0, 272.0]], "conversations": [{"role": "user", "content": [{"type": "image", "image": "/home/yrquni/Downloads/Unilab/PaDT/dataset/dataset_root/images/0012910.png"}, {"type": "text", "text": "从左边伸到右边、稍微曲折的长裂缝"}]}, {"role": "assistant", "content": [{"type": "text", "text": "<|object_ref_start|><|box_start|><600><0><685><997><|box_end|><|point_start|><649><565><|point_end|>"}]}], "boxes": [{"bbox": [0.0, 250.0, 415.0, 285.0], "point": [235.06608242539082, 270.14258645191853], "phrase": "从左边伸到右边、稍微曲折的长裂缝"}], "caption": "从左边伸到右边、稍微曲折的长裂缝"}
24153303	{"image_id": "refcrack_0012910_0012910_00_4", "width": 416, "height": 416, "vrt_indices": [523, 524, 525, 526, 527, 559, 562, 563, 564, 565, 566, 567, 568, 571, 572, 573, 574, 575, 576, 577, 578, 579], "patch_points": [[20.0, 258.0], [34.0, 259.0], [49.0, 258.0], [62.0, 261.0], [76.0, 262.0], [118.0, 269.0], [161.0, 271.0], [175.0, 272.0], [188.0, 271.0], [202.0, 272.0], [217.0, 273.0], [230.0, 272.0], [244.0, 274.0], [287.0, 274.0], [301.0, 271.0], [314.0, 271.0], [329.0, 274.0], [342.0, 275.0], [357.0, 275.0], [371.0, 274.0], [385.0, 273.0], [398.0, 272.0]], "conversations": [{"role": "user", "content": [{"type": "image", "image": "/home/yrquni/Downloads/Unilab/PaDT/dataset/dataset_root/images/0012910.png"}, {"type": "text", "text": "上下浅灰色墙面之间，轮廓不太整齐的裂缝"}]}, {"role": "assistant", "content": [{"type": "text", "text": "<|object_ref_start|><|box_start|><600><0><685><997><|box_end|><|point_start|><649><565><|point_end|>"}]}], "boxes": [{"bbox": [0.0, 250.0, 415.0, 285.0], "point": [235.06608242539082, 270.14258645191853], "phrase": "上下浅灰色墙面之间，轮廓不太整齐的裂缝"}], "caption": "上下浅灰色墙面之间，轮廓不太整齐的裂缝"}
24198253	{"image_id": "refcrack_0012911_0012911_00_0", "width": 416, "height": 416, "vrt_indices": [277, 306, 335, 364, 393, 422, 451, 480, 509, 538, 740, 769, 798], "patch_points": [[227.0, 133.0], [228.0, 146.0], [228.0, 161.0], [228.0, 174.0], [227.0, 188.0], [228.0, 203.0], [229.0, 217.0], [228.0, 230.0], [227.0, 244.0], [227.0, 258.0], [217.0, 356.0], [214.0, 371.0], [213.0, 384.0]], "conversations": [{"role": "user", "content": [{"type": "image", "image": "/home/yrquni/Downloads/Unilab/PaDT/dataset/dataset_root/images/0012911.png"}, {"type": "text", "text": "中间竖直的一道长裂缝"}]}, {"role": "assistant", "content": [{"type": "text", "text": "<|object_ref_start|><|box_start|><7><495><992><562><|box_end|><|point_start|><511><534><|point_end|>"}]}], "boxes": [{"bbox": [206.0, 3.0, 234.0, 413.0], "point": [222.34350213544843, 212.9142769981696], "phrase": "中间竖直的一道长裂缝"}], "caption": "中间竖直的一道长裂缝"}
24255187	{"image_id": "refcrack_0012911_0012911_00_1", "width": 416, "height": 416, "vrt_indices": [277, 306, 335, 364, 393, 422, 451, 480, 509, 538, 740, 769, 798], "patch_points": [[227.0, 133.0], [228.0, 146.0], [228.0, 161.0], [228.0, 174.0], [227.0, 188.0], [228.0, 203.0], [229.0, 217.0], [228.0, 230.0], [227.0, 244.0], [227.0, 258.0], [217.0, 356.0], [214.0, 371.0], [213.0, 384.0]], "conversations": [{"role": "user", "content": [{"type": "image", "image": "/home/yrquni/Downloads/Unilab/PaDT/dataset/dataset_root/images/0012911.png"}, {"type": "text", "text": "两片灰墙中间、略带曲折的长缝"}]}, {"role": "assistant", "content": [{"type": "text", "text": "<|object_ref_start|><|box_start|><7><495><992><562><|box_end|><|point_start|><511><534><|point_end|>"}]}], "boxes": [{"bbox": [206.0, 3.0, 234.0, 413.0], "point": [222.34350213544843, 212.9142769981696], "phrase": "两片灰墙中间、略带曲折的长缝"}], "caption": "两片灰墙中间、略带曲折的长缝"}
24312121	{"image_id": "refcrack_0012911_0012911_00_2", "width": 416, "height": 416, "vrt_indices": [277, 306, 335, 364, 393, 422, 451, 480, 509, 538, 740, 769, 798], "patch_points": [[227.0, 133.0], [228.0, 146.0], [228.0, 161.0], [228.0, 174.0], [227.0, 188.0], [228.0, 203.0], [229.0, 217.0], [228.0, 230.0], [227.0, 244.0], [227.0, 258.0], [217.0, 356.0], [214.0, 371.0], [213.0, 384.0]], "conversations": [{"role": "user", "content": [{"type": "image", "image": "/home/yrquni/Downloads/Unilab/PaDT/dataset/dataset_root/images/0012911.png"}, {"type": "text", "text": "从上方贯穿至下方，走势稍曲折的竖缝"}]}, {"role": "assistant", "content": [{"type": "text", "text": "<|object_ref_start|><|box_start|><7><495><992><562><|box_end|><|point_start|><511><534><|point_end|>"}]}], "boxes": [{"bbox": [206.0, 3.0, 234.0, 413.0], "point": [222.34350213544843, 212.9142769981696], "phrase": "从上方贯穿至下方，走势稍曲折的竖缝"}], "caption": "从上方贯穿至下方，走势稍曲折的竖缝"}
24369055	{"image_id": "refcrack_0012911_0012911_00_3", "width": 416, "height": 416, "vrt_indices": [277, 306, 335, 364, 393, 422, 451, 480, 509, 538, 740, 769, 798], "patch_points": [[227.0, 133.0], [228.0, 146.0], [228.0, 161.0], [228.0, 174.0], [227.0, 188.0], [228.0, 203.0], [229.0, 217.0], [228.0, 230.0], [227.0, 244.0], [227.0, 258.0], [217.0, 356.0], [214.0, 371.0], [213.0, 384.0]], "conversations": [{"role": "user", "content": [{"type": "image", "image": "/home/yrquni/Downloads/Unilab/PaDT/dataset/dataset_root/images/0012911.png"}, {"type": "text", "text": "带深色水迹的墙面上，上下贯通的细长缝"}]}, {"role": "assistant", "content": [{"type": "text", "text": "<|object_ref_start|><|box_start|><7><495><992><562><|box_end|><|point_start|><511><534><|point_end|>"}]}], "boxes": [{"bbox": [206.0, 3.0, 234.0, 413.0], "point": [222.34350213544843, 212.9142769981696], "phrase": "带深色水迹的墙面上，上下贯通的细长缝"}], "caption": "带深色水迹的墙面上，上下贯通的细长缝"}
24425989	{"image_id": "refcrack_0012911_0012911_00_4", "width": 416, "height": 416, "vrt_indices": [277, 306, 335, 364, 393, 422, 451, 480, 509, 538, 740, 769, 798], "patch_points": [[227.0, 133.0], [228.0, 146.0], [228.0, 161.0], [228.0, 174.0], [227.0, 188.0], [228.0, 203.0], [229.0, 217.0], [228.0, 230.0], [227.0, 244.0], [227.0, 258.0], [217.0, 356.0], [214.0, 371.0], [213.0, 384.0]], "conversations": [{"role": "user", "content": [{"type": "image", "image": "/home/yrquni/Downloads/Unilab/PaDT/dataset/dataset_root/images/0012911.png"}, {"type": "text", "text": "墙面中间，边缘呈波浪状且上下贯穿的裂缝"}]}, {"role": "assistant", "content": [{"type": "text", "text": "<|object_ref_start|><|box_start|><7><495><992><562><|box_end|><|point_start|><511><534><|point_end|>"}]}], "boxes": [{"bbox": [206.0, 3.0, 234.0, 413.0], "point": [222.34350213544843, 212.9142769981696], "phrase": "墙面中间，边缘呈波浪状且上下贯穿的裂缝"}], "caption": "墙面中间，边缘呈波浪状且上下贯穿的裂缝"}
24482923	{"image_id": "refcrack_0012912_0012912_00_3", "width": 416, "height": 416, "vrt_indices": [411, 414, 418, 419, 420, 421, 437, 438, 441, 444, 452, 453], "patch_points": [[76.0, 205.0], [118.0, 205.0], [175.0, 204.0], [188.0, 203.0], [203.0, 203.0], [216.0, 203.0], [35.0, 218.0], [48.0, 214.0], [90.0, 212.0], [133.0, 213.0], [246.0, 213.0], [258.0, 216.0]], "conversations": [{"role": "user", "content": [{"type": "image", "image": "/home/yrquni/Downloads/Unilab/PaDT/dataset/dataset_root/images/0012912.png"}, {"type": "text", "text": "带斑点墙面上拼接缝上方的长裂缝"}]}, {"role": "assistant", "content": [{"type": "text", "text": "<|object_ref_start|><|box_start|><473><45><538><656><|box_end|><|point_start|><500><342><|point_end|>"}]}], "boxes": [{"bbox": [19.0, 197.0, 273.0, 224.0], "point": [142.49842492124606, 208.22716135806792], "phrase": "带斑点墙面上拼接缝上方的长裂缝"}], "caption": "带斑点墙面上拼接缝上方的长裂缝"}
24542537	{"image_id": "refcrack_0012912_0012912_00_4", "width": 416, "height": 416, "vrt_indices": [411, 414, 418, 419, 420, 421, 437, 438, 441, 444, 452, 453], "patch_points": [[76.0, 205.0], [118.0, 205.0], [175.0, 204.0], [188.0, 203.0], [203.0, 203.0], [216.0, 203.0], [35.0, 218.0], [48.0, 214.0], [90.0, 212.0], [133.0, 213.0], [246.0, 213.0], [258.0, 216.0]], "conversations": [{"role": "user", "content": [{"type": "image", "image": "/home/yrquni/Downloads/Unilab/PaDT/dataset/dataset_root/images/0012912.png"}, {"type": "text", "text": "拼接缝上沿从左到右有点弯的裂缝"}]}, {"role": "assistant", "content": [{"type": "text", "text": "<|object_ref_start|><|box_start|><473><45><538><656><|box_end|><|point_start|><500><342><|point_end|>"}]}], "boxes": [{"bbox": [19.0, 197.0, 273.0, 224.0], "point": [142.49842492124606, 208.22716135806792], "phrase": "拼接缝上沿从左到右有点弯的裂缝"}], "caption": "拼接缝上沿从左到右有点弯的裂缝"}
24602151	{"image_id": "refcrack_0012913_0012913_00_0", "width": 416, "height": 416, "vrt_indices": [76, 134, 163, 220, 249, 305, 333, 361, 390, 536, 565, 594, 623, 652, 711, 741, 799], "patch_points": [[259.0, 34.0], [259.0, 62.0], [255.0, 76.0], [245.0, 105.0], [241.0, 114.0], [212.0, 144.0], [200.0, 158.0], [190.0, 174.0], [190.0, 188.0], [198.0, 258.0], [198.0, 273.0], [200.0, 287.0], [202.0, 301.0], [203.0, 314.0], [216.0, 343.0], [229.0, 357.0], [233.0, 385.0]], "conversations": [{"role": "user", "content": [{"type": "image", "image": "/home/yrquni/Downloads/Unilab/PaDT/dataset/dataset_root/images/0012913.png"}, {"type": "text", "text": "中间上下贯通的弯曲裂缝"}]}, {"role": "assistant", "content": [{"type": "text", "text": "<|object_ref_start|><|box_start|><0><447><997><639><|box_end|><|point_start|><498><533><|point_end|>"}]}], "boxes": [{"bbox": [186.0, 0.0, 266.0, 415.0], "point": [221.76397019691325, 207.40580095795636], "phrase": "中间上下贯通的弯曲裂缝"}], "caption": "中间上下贯通的弯曲裂缝"}
24630477	{"image_id": "refcrack_0012913_0012913_00_1", "width": 416, "height": 416, "vrt_indices": [76, 134, 163, 220, 249, 305, 333, 361, 390, 536, 565, 594, 623, 652, 711, 741, 799], "patch_points": [[259.0, 34.0], [259.0, 62.0], [255.0, 76.0], [245.0, 105.0], [241.0, 114.0], [212.0, 144.0], [200.0, 158.0], [190.0, 174.0], [190.0, 188.0], [198.0, 258.0], [198.0, 273.0], [200.0, 287.0], [202.0, 301.0], [203.0, 314.0], [216.0, 343.0], [229.0, 357.0], [233.0, 385.0]], "conversations": [{"role": "user", "content": [{"type": "image", "image": "/home/yrquni/Downloads/Unilab/PaDT/dataset/dataset_root/images/0012913.png"}, {"type": "text", "text": "从上到下蜿蜒延伸的裂缝"}]}, {"role": "assistant", "content": [{"type": "text", "text": "<|object_ref_start|><|box_start|><0><447><997><639><|box_end|><|point_start|><498><533><|point_end|>"}]}], "boxes": [{"bbox": [186.0, 0.0, 266.0, 415.0], "point": [221.76397019691325, 207.40580095795636], "phrase": "从上到下蜿蜒延伸的裂缝"}], "caption": "从上到下蜿蜒延伸的裂缝"}
24658803	{"image_id": "refcrack_0012913_0012913_00_2", "width": 416, "height": 416, "vrt_indices": [76, 134, 163, 220, 249, 305, 333, 361, 390, 536, 565, 594, 623, 652, 711, 741, 799], "patch_points": [[259.0, 34.0], [259.0, 62.0], [255.0, 76.0], [245.0, 105.0], [241.0, 114.0], [212.0, 144.0], [200.0, 158.0], [190.0, 174.0], [190.0, 188.0], [198.0, 258.0], [198.0, 273.0], [200.0, 287.0], [202.0, 301.0], [203.0, 314.0], [216.0, 343.0], [229.0, 357.0], [233.0, 385.0]], "conversations": [{"role": "user", "content": [{"type": "image", "image": "/home/yrquni/Downloads/Unilab/PaDT/dataset/dataset_root/images/0012913.png"}, {"type": "text", "text": "墙面中间偏右的S形长裂缝"}]}, {"role": "assistant", "content": [{"type": "text", "text": "<|object_ref_start|><|box_start|><0><447><997><639><|box_end|><|point_start|><498><533><|point_end|>"}]}], "boxes": [{"bbox": [186.0, 0.0, 266.0, 415.0], "point": [221.76397019691325, 207.40580095795636], "phrase": "墙面中间偏右的S形长裂缝"}], "caption": "墙面中间偏右的S形长裂缝"}
24687129	{"image_id": "refcrack_0012913_0012913_00_4", "width": 416, "height": 416, "vrt_indices": [76, 134, 163, 220, 249, 305, 333, 361, 390, 536, 565, 594, 623, 652, 711, 741, 799], "patch_points": [[259.0, 34.0], [259.0, 62.0], [255.0, 76.0], [245.0, 105.0], [241.0, 114.0], [212.0, 144.0], [200.0, 158.0], [190.0, 174.0], [190.0, 188.0], [198.0, 258.0], [198.0, 273.0], [200.0, 287.0], [202.0, 301.0], [203.0, 314.0], [216.0, 343.0], [229.0, 357.0], [233.0, 385.0]], "conversations": [{"role": "user", "content": [{"type": "image", "image": "/home/yrquni/Downloads/Unilab/PaDT/dataset/dataset_root/images/0012913.png"}, {"type": "text", "text": "灰白墙面上波浪状、上下贯穿还带缺口的裂缝"}]}, {"role": "assistant", "content": [{"type": "text", "text": "<|object_ref_start|><|box_start|><0><447><997><639><|box_end|><|point_start|><498><533><|point_end|>"}]}], "boxes": [{"bbox": [186.0, 0.0, 266.0, 415.0], "point": [221.76397019691325, 207.40580095795636], "phrase": "灰白墙面上波浪状、上下贯穿还带缺口的裂缝"}], "caption": "灰白墙面上波浪状、上下贯穿还带缺口的裂缝"}
24715455	{"image_id": "refcrack_0012915_0012915_00_0", "width": 416, "height": 416, "vrt_indices": [375, 376, 399, 400, 420, 421, 423, 425, 426, 427, 440, 441, 442, 443, 444, 445, 446, 447, 465, 466, 467, 468], "patch_points": [[384.0, 176.0], [399.0, 176.0], [315.0, 190.0], [328.0, 185.0], [202.0, 204.0], [216.0, 201.0], [245.0, 198.0], [273.0, 200.0], [286.0, 202.0], [300.0, 201.0], [77.0, 217.0], [90.0, 213.0], [104.0, 214.0], [118.0, 215.0], [133.0, 215.0], [146.0, 216.0], [160.0, 214.0], [174.0, 212.0], [20.0, 232.0], [34.0, 231.0], [48.0, 228.0], [62.0, 226.0]], "conversations": [{"role": "user", "content": [{"type": "image", "image": "/home/yrquni/Downloads/Unilab/PaDT/dataset/dataset_root/images/0012915.png"}, {"type": "text", "text": "横贯画面中部的波浪状裂缝"}]}, {"role": "assistant", "content": [{"type": "text", "text": "<|object_ref_start|><|box_start|><408><4><576><995><|box_end|><|point_start|><488><496><|point_end|>"}]}], "boxes": [{"bbox": [2.0, 170.0, 414.0, 240.0], "point": [206.60834088848594, 203.1412058023572], "phrase": "横贯画面中部的波浪状裂缝"}], "caption": "横贯画面中部的波浪状裂缝"}
24735181	{"image_id": "refcrack_0012915_0012915_00_1", "width": 416, "height": 416, "vrt_indices": [375, 376, 399, 400, 420, 421, 423, 425, 426, 427, 440, 441, 442, 443, 444, 445, 446, 447, 465, 466, 467, 468], "patch_points": [[384.0, 176.0], [399.0, 176.0], [315.0, 190.0], [328.0, 185.0], [202.0, 204.0], [216.0, 201.0], [245.0, 198.0], [273.0, 200.0], [286.0, 202.0], [300.0, 201.0], [77.0, 217.0], [90.0, 213.0], [104.0, 214.0], [118.0, 215.0], [133.0, 215.0], [146.0, 216.0], [160.0, 214.0], [174.0, 212.0], [20.0, 232.0], [34.0, 231.0], [48.0, 228.0], [62.0, 226.0]], "conversations": [{"role": "user", "content": [{"type": "image", "image": "/home/yrquni/Downloads/Unilab/PaDT/dataset/dataset_root/images/0012915.png"}, {"type": "text", "text": "几乎撑满画面宽度的曲折裂缝"}]}, {"role": "assistant", "content": [{"type": "text", "text": "<|object_ref_start|><|box_start|><408><4><576><995><|box_end|><|point_start|><488><496><|point_end|>"}]}], "boxes": [{"bbox": [2.0, 170.0, 414.0, 240.0], "point": [206.60834088848594, 203.1412058023572], "phrase": "几乎撑满画面宽度的曲折裂缝"}], "caption": "几乎撑满画面宽度的曲折裂缝"}
24754907	{"image_id": "refcrack_0012915_0012915_00_2", "width": 416, "height": 416, "vrt_indices": [375, 376, 399, 400, 420, 421, 423, 425, 426, 427, 440, 441, 442, 443, 444, 445, 446, 447, 465, 466, 467, 468], "patch_points": [[384.0, 176.0], [399.0, 176.0], [315.0, 190.0], [328.0, 185.0], [202.0, 204.0], [216.0, 201.0], [245.0, 198.0], [273.0, 200.0], [286.0, 202.0], [300.0, 201.0], [77.0, 217.0], [90.0, 213.0], [104.0, 214.0], [118.0, 215.0], [133.0, 215.0], [146.0, 216.0], [160.0, 214.0], [174.0, 212.0], [20.0, 232.0], [34.0, 231.0], [48.0, 228.0], [62.0, 226.0]], "conversations": [{"role": "user", "content": [{"type": "image", "image": "/home/yrquni/Downloads/Unilab/PaDT/dataset/dataset_root/images/0012915.png"}, {"type": "text", "text": "水泥墙面上一道连续波动的裂缝"}]}, {"role": "assistant", "content": [{"type": "text", "text": "<|object_ref_start|><|box_start|><408><4><576><995><|box_end|><|point_start|><488><496><|point_end|>"}]}], "boxes": [{"bbox": [2.0, 170.0, 414.0, 240.0], "point": [206.60834088848594, 203.1412058023572], "phrase": "水泥墙面上一道连续波动的裂缝"}], "caption": "水泥墙面上一道连续波动的裂缝"}
24774633	{"image_id": "refcrack_0012915_0012915_00_3", "width": 416, "height": 416, "vrt_indices": [375, 376, 399, 400, 420, 421, 423, 425, 426, 427, 440, 441, 442, 443, 444, 445, 446, 447, 465, 466, 467, 468], "patch_points": [[384.0, 176.0], [399.0, 176.0], [315.0, 190.0], [328.0, 185.0], [202.0, 204.0], [216.0, 201.0], [245.0, 198.0], [273.0, 200.0], [286.0, 202.0], [300.0, 201.0], [77.0, 217.0], [90.0, 213.0], [104.0, 214.0], [118.0, 215.0], [133.0, 215.0], [146.0, 216.0], [160.0, 214.0], [174.0, 212.0], [20.0, 232.0], [34.0, 231.0], [48.0, 228.0], [62.0, 226.0]], "conversations": [{"role": "user", "content": [{"type": "image", "image": "/home/yrquni/Downloads/Unilab/PaDT/dataset/dataset_root/images/0012915.png"}, {"type": "text", "text": "水平延伸且边缘呈褶皱的裂缝"}]}, {"role": "assistant", "content": [{"type": "text", "text": "<|object_ref_start|><|box_start|><408><4><576><995><|box_end|><|point_start|><488><496><|point_end|>"}]}], "boxes": [{"bbox": [2.0, 170.0, 414.0, 240.0], "point": [206.60834088848594, 203.1412058023572], "phrase": "水平延伸且边缘呈褶皱的裂缝"}], "caption": "水平延伸且边缘呈褶皱的裂缝"}
24794359	{"image_id": "refcrack_0012916_0012916_00_0", "width": 416, "height": 416, "vrt_indices": [216, 565, 826], "patch_points": [[189.0, 105.0], [200.0, 273.0], [202.0, 398.0]], "conversations": [{"role": "user", "content": [{"type": "image", "image": "/home/yrquni/Downloads/Unilab/PaDT/dataset/dataset_root/images/0012916.png"}, {"type": "text", "text": "中间竖直贯穿上下的裂缝"}]}, {"role": "assistant", "content": [{"type": "text", "text": "<|object_ref_start|><|box_start|><4><447><995><507><|box_end|><|point_start|><505><472><|point_end|>"}]}], "boxes": [{"bbox": [186.0, 2.0, 211.0, 414.0], "point": [196.59184514003294, 210.2837726523888], "phrase": "中间竖直贯穿上下的裂缝"}], "caption": "中间竖直贯穿上下的裂缝"}
24834057	{"image_id": "refcrack_0012916_0012916_00_1", "width": 416, "height": 416, "vrt_indices": [216, 565, 826], "patch_points": [[189.0, 105.0], [200.0, 273.0], [202.0, 398.0]], "conversations": [{"role": "user", "content": [{"type": "image", "image": "/home/yrquni/Downloads/Unilab/PaDT/dataset/dataset_root/images/0012916.png"}, {"type": "text", "text": "跨着水平接缝的竖直长缝"}]}, {"role": "assistant", "content": [{"type": "text", "text": "<|object_ref_start|><|box_start|><4><447><995><507><|box_end|><|point_start|><505><472><|point_end|>"}]}], "boxes": [{"bbox": [186.0, 2.0, 211.0, 414.0], "point": [196.59184514003294, 210.2837726523888], "phrase": "跨着水平接缝的竖直长缝"}], "caption": "跨着水平接缝的竖直长缝"}
24873755	{"image_id": "refcrack_0012916_0012916_00_2", "width": 416, "height": 416, "vrt_indices": [216, 565, 826], "patch_points": [[189.0, 105.0], [200.0, 273.0], [202.0, 398.0]], "conversations": [{"role": "user", "content": [{"type": "image", "image": "/home/yrquni/Downloads/Unilab/PaDT/dataset/dataset_root/images/0012916.png"}, {"type": "text", "text": "中间区域弯弯曲曲的竖直裂缝"}]}, {"role": "assistant", "content": [{"type": "text", "text": "<|object_ref_start|><|box_start|><4><447><995><507><|box_end|><|point_start|><505><472><|point_end|>"}]}], "boxes": [{"bbox": [186.0, 2.0, 211.0, 414.0], "point": [196.59184514003294, 210.2837726523888], "phrase": "中间区域弯弯曲曲的竖直裂缝"}], "caption": "中间区域弯弯曲曲的竖直裂缝"}
24913453	{"image_id": "refcrack_0012916_0012916_00_3", "width": 416, "height": 416, "vrt_indices": [216, 565, 826], "patch_points": [[189.0, 105.0], [200.0, 273.0], [202.0, 398.0]], "conversations": [{"role": "user", "content": [{"type": "image", "image": "/home/yrquni/Downloads/Unilab/PaDT/dataset/dataset_root/images/0012916.png"}, {"type": "text", "text": "从上面一直伸到下面、穿过水平缝的竖直裂缝"}]}, {"role": "assistant", "content": [{"type": "text", "text": "<|object_ref_start|><|box_start|><4><447><995><507><|box_end|><|point_start|><505><472><|point_end|>"}]}], "boxes": [{"bbox": [186.0, 2.0, 211.0, 414.0], "point": [196.59184514003294, 210.2837726523888], "phrase": "从上面一直伸到下面、穿过水平缝的竖直裂缝"}], "caption": "从上面一直伸到下面、穿过水平缝的竖直裂缝"}
24953151	{"image_id": "refcrack_0012916_0012916_00_4", "width": 416, "height": 416, "vrt_indices": [216, 565, 826], "patch_points": [[189.0, 105.0], [200.0, 273.0], [202.0, 398.0]], "conversations": [{"role": "user", "content": [{"type": "image", "image": "/home/yrquni/Downloads/Unilab/PaDT/dataset/dataset_root/images/0012916.png"}, {"type": "text", "text": "墙面中间，竖直方向带点曲折从上到下的裂缝"}]}, {"role": "assistant", "content": [{"type": "text", "text": "<|object_ref_start|><|box_start|><4><447><995><507><|box_end|><|point_start|><505><472><|point_end|>"}]}], "boxes": [{"bbox": [186.0, 2.0, 211.0, 414.0], "point": [196.59184514003294, 210.2837726523888], "phrase": "墙面中间，竖直方向带点曲折从上到下的裂缝"}], "caption": "墙面中间，竖直方向带点曲折从上到下的裂缝"}
